student_id,age,attendance,avg_grade,assignment_completion,engagement_score,participation_score,study_hours,previous_failures,absences,family_support,extracurricular,dropout,risk_probability,risk_level,top_factors
ST1000,16,57.4,47.9,60.5,43.2,31.2,3.1,3,13,2,0,1,0.9945,High,"[{""feature"": ""avg_grade"", ""label"": ""Average Grade"", ""value"": 47.9, ""contribution"": 0.1139, ""direction"": ""increases_risk""}, {""feature"": ""attendance"", ""label"": ""Attendance"", ""value"": 57.4, ""contribution"": 0.1105, ""direction"": ""increases_risk""}, {""feature"": ""engagement_score"", ""label"": ""Engagement"", ""value"": 43.2, ""contribution"": 0.0987, ""direction"": ""increases_risk""}, {""feature"": ""assignment_completion"", ""label"": ""Assignment Completion"", ""value"": 60.5, ""contribution"": 0.0674, ""direction"": ""increases_risk""}, {""feature"": ""participation_score"", ""label"": ""Participation"", ""value"": 31.2, ""contribution"": 0.0434, ""direction"": ""increases_risk""}]"
ST1001,22,72.5,70.3,61.7,71.6,53.9,12.9,0,11,1,1,0,0.2677,Low,"[{""feature"": ""avg_grade"", ""label"": ""Average Grade"", ""value"": 70.3, ""contribution"": -0.1123, ""direction"": ""decreases_risk""}, {""feature"": ""engagement_score"", ""label"": ""Engagement"", ""value"": 71.6, ""contribution"": -0.1032, ""direction"": ""decreases_risk""}, {""feature"": ""attendance"", ""label"": ""Attendance"", ""value"": 72.5, ""contribution"": -0.0768, ""direction"": ""decreases_risk""}, {""feature"": ""assignment_completion"", ""label"": ""Assignment Completion"", ""value"": 61.7, ""contribution"": 0.0616, ""direction"": ""increases_risk""}, {""feature"": ""previous_failures"", ""label"": ""Previous Failures"", ""value"": 0.0, ""contribution"": -0.0601, ""direction"": ""decreases_risk""}]"
ST1002,21,84.6,85.6,68.0,75.1,68.3,11.4,1,1,2,0,1,0.4667,Medium,"[{""feature"": ""assignment_completion"", ""label"": ""Assignment Completion"", ""value"": 68.0, ""contribution"": 0.1429, ""direction"": ""increases_risk""}, {""feature"": ""attendance"", ""label"": ""Attendance"", ""value"": 84.6, ""contribution"": -0.0988, ""direction"": ""decreases_risk""}, {""feature"": ""avg_grade"", ""label"": ""Average Grade"", ""value"": 85.6, ""contribution"": -0.0902, ""direction"": ""decreases_risk""}, {""feature"": ""engagement_score"", ""label"": ""Engagement"", ""value"": 75.1, ""contribution"": -0.0286, ""direction"": ""decreases_risk""}, {""feature"": ""study_hours"", ""label"": ""Study Hours"", ""value"": 11.4, ""contribution"": 0.018, ""direction"": ""increases_risk""}]"
ST1003,19,100.0,100.0,100.0,100.0,80.3,23.6,0,0,3,1,0,0.0004,Low,"[{""feature"": ""attendance"", ""label"": ""Attendance"", ""value"": 100.0, ""contribution"": -0.1117, ""direction"": ""decreases_risk""}, {""feature"": ""avg_grade"", ""label"": ""Average Grade"", ""value"": 100.0, ""contribution"": -0.1079, ""direction"": ""decreases_risk""}, {""feature"": ""engagement_score"", ""label"": ""Engagement"", ""value"": 100.0, ""contribution"": -0.0928, ""direction"": ""decreases_risk""}, {""feature"": ""assignment_completion"", ""label"": ""Assignment Completion"", ""value"": 100.0, ""contribution"": -0.0731, ""direction"": ""decreases_risk""}, {""feature"": ""participation_score"", ""label"": ""Participation"", ""value"": 80.3, ""contribution"": -0.0409, ""direction"": ""decreases_risk""}]"
ST1004,19,99.7,100.0,100.0,85.8,79.3,16.6,0,0,2,1,0,0.0012,Low,"[{""feature"": ""attendance"", ""label"": ""Attendance"", ""value"": 99.7, ""contribution"": -0.1131, ""direction"": ""decreases_risk""}, {""feature"": ""avg_grade"", ""label"": ""Average Grade"", ""value"": 100.0, ""contribution"": -0.1052, ""direction"": ""decreases_risk""}, {""feature"": ""engagement_score"", ""label"": ""Engagement"", ""value"": 85.8, ""contribution"": -0.0943, ""direction"": ""decreases_risk""}, {""feature"": ""assignment_completion"", ""label"": ""Assignment Completion"", ""value"": 100.0, ""contribution"": -0.0729, ""direction"": ""decreases_risk""}, {""feature"": ""participation_score"", ""label"": ""Participation"", ""value"": 79.3, ""contribution"": -0.0416, ""direction"": ""decreases_risk""}]"
ST1005,22,61.4,72.6,66.9,68.4,73.9,12.8,0,17,2,1,1,0.4835,Medium,"[{""feature"": ""attendance"", ""label"": ""Attendance"", ""value"": 61.4, ""contribution"": 0.1647, ""direction"": ""increases_risk""}, {""feature"": ""engagement_score"", ""label"": ""Engagement"", ""value"": 68.4, ""contribution"": -0.1234, ""direction"": ""decreases_risk""}, {""feature"": ""avg_grade"", ""label"": ""Average Grade"", ""value"": 72.6, ""contribution"": -0.0884, ""direction"": ""decreases_risk""}, {""feature"": ""assignment_completion"", ""label"": ""Assignment Completion"", ""value"": 66.9, ""contribution"": 0.0783, ""direction"": ""increases_risk""}, {""feature"": ""participation_score"", ""label"": ""Participation"", ""value"": 73.9, ""contribution"": -0.0619, ""direction"": ""decreases_risk""}]"
ST1006,16,88.4,92.8,100.0,94.1,87.6,16.1,0,5,2,0,0,0.0008,Low,"[{""feature"": ""attendance"", ""label"": ""Attendance"", ""value"": 88.4, ""contribution"": -0.117, ""direction"": ""decreases_risk""}, {""feature"": ""avg_grade"", ""label"": ""Average Grade"", ""value"": 92.8, ""contribution"": -0.1085, ""direction"": ""decreases_risk""}, {""feature"": ""engagement_score"", ""label"": ""Engagement"", ""value"": 94.1, ""contribution"": -0.0952, ""direction"": ""decreases_risk""}, {""feature"": ""assignment_completion"", ""label"": ""Assignment Completion"", ""value"": 100.0, ""contribution"": -0.0689, ""direction"": ""decreases_risk""}, {""feature"": ""participation_score"", ""label"": ""Participation"", ""value"": 87.6, ""contribution"": -0.0401, ""direction"": ""decreases_risk""}]"
ST1007,21,71.3,49.0,67.7,70.8,56.4,5.4,2,6,2,1,0,0.5506,Medium,"[{""feature"": ""avg_grade"", ""label"": ""Average Grade"", ""value"": 49.0, ""contribution"": 0.1578, ""direction"": ""increases_risk""}, {""feature"": ""engagement_score"", ""label"": ""Engagement"", ""value"": 70.8, ""contribution"": -0.1306, ""direction"": ""decreases_risk""}, {""feature"": ""assignment_completion"", ""label"": ""Assignment Completion"", ""value"": 67.7, ""contribution"": 0.0686, ""direction"": ""increases_risk""}, {""feature"": ""attendance"", ""label"": ""Attendance"", ""value"": 71.3, ""contribution"": -0.0487, ""direction"": ""decreases_risk""}, {""feature"": ""absences"", ""label"": ""Absences"", ""value"": 6.0, ""contribution"": -0.0417, ""direction"": ""decreases_risk""}]"
ST1008,17,53.0,32.7,48.9,43.6,36.0,9.5,5,15,3,1,1,0.9838,High,"[{""feature"": ""avg_grade"", ""label"": ""Average Grade"", ""value"": 32.7, ""contribution"": 0.113, ""direction"": ""increases_risk""}, {""feature"": ""attendance"", ""label"": ""Attendance"", ""value"": 53.0, ""contribution"": 0.1092, ""direction"": ""increases_risk""}, {""feature"": ""engagement_score"", ""label"": ""Engagement"", ""value"": 43.6, ""contribution"": 0.0945, ""direction"": ""increases_risk""}, {""feature"": ""assignment_completion"", ""label"": ""Assignment Completion"", ""value"": 48.9, ""contribution"": 0.075, ""direction"": ""increases_risk""}, {""feature"": ""participation_score"", ""label"": ""Participation"", ""value"": 36.0, ""contribution"": 0.0435, ""direction"": ""increases_risk""}]"
ST1009,16,100.0,95.8,100.0,79.9,93.8,16.6,0,3,5,0,0,0.0048,Low,"[{""feature"": ""avg_grade"", ""label"": ""Average Grade"", ""value"": 95.8, ""contribution"": -0.1129, ""direction"": ""decreases_risk""}, {""feature"": ""attendance"", ""label"": ""Attendance"", ""value"": 100.0, ""contribution"": -0.1108, ""direction"": ""decreases_risk""}, {""feature"": ""engagement_score"", ""label"": ""Engagement"", ""value"": 79.9, ""contribution"": -0.0938, ""direction"": ""decreases_risk""}, {""feature"": ""assignment_completion"", ""label"": ""Assignment Completion"", ""value"": 100.0, ""contribution"": -0.0707, ""direction"": ""decreases_risk""}, {""feature"": ""participation_score"", ""label"": ""Participation"", ""value"": 93.8, ""contribution"": -0.0405, ""direction"": ""decreases_risk""}]"
ST1010,20,78.7,98.2,89.0,84.2,82.9,17.6,0,4,3,1,0,0.0062,Low,"[{""feature"": ""avg_grade"", ""label"": ""Average Grade"", ""value"": 98.2, ""contribution"": -0.1097, ""direction"": ""decreases_risk""}, {""feature"": ""engagement_score"", ""label"": ""Engagement"", ""value"": 84.2, ""contribution"": -0.0984, ""direction"": ""decreases_risk""}, {""feature"": ""attendance"", ""label"": ""Attendance"", ""value"": 78.7, ""contribution"": -0.0919, ""direction"": ""decreases_risk""}, {""feature"": ""assignment_completion"", ""label"": ""Assignment Completion"", ""value"": 89.0, ""contribution"": -0.0712, ""direction"": ""decreases_risk""}, {""feature"": ""participation_score"", ""label"": ""Participation"", ""value"": 82.9, ""contribution"": -0.0466, ""direction"": ""decreases_risk""}]"
ST1011,23,76.5,69.8,68.9,56.5,57.6,9.9,0,8,3,0,0,0.161,Low,"[{""feature"": ""attendance"", ""label"": ""Attendance"", ""value"": 76.5, ""contribution"": -0.1752, ""direction"": ""decreases_risk""}, {""feature"": ""avg_grade"", ""label"": ""Average Grade"", ""value"": 69.8, ""contribution"": -0.1124, ""direction"": ""decreases_risk""}, {""feature"": ""absences"", ""label"": ""Absences"", ""value"": 8.0, ""contribution"": -0.0636, ""direction"": ""decreases_risk""}, {""feature"": ""previous_failures"", ""label"": ""Previous Failures"", ""value"": 0.0, ""contribution"": -0.0592, ""direction"": ""decreases_risk""}, {""feature"": ""engagement_score"", ""label"": ""Engagement"", ""value"": 56.5, ""contribution"": 0.0473, ""direction"": ""increases_risk""}]"
ST1012,21,58.1,54.3,73.1,38.2,45.9,3.7,2,15,4,1,1,0.9332,High,"[{""feature"": ""attendance"", ""label"": ""Attendance"", ""value"": 58.1, ""contribution"": 0.1281, ""direction"": ""increases_risk""}, {""feature"": ""engagement_score"", ""label"": ""Engagement"", ""value"": 38.2, ""contribution"": 0.1073, ""direction"": ""increases_risk""}, {""feature"": ""avg_grade"", ""label"": ""Average Grade"", ""value"": 54.3, ""contribution"": 0.0814, ""direction"": ""increases_risk""}, {""feature"": ""participation_score"", ""label"": ""Participation"", ""value"": 45.9, ""contribution"": 0.0573, ""direction"": ""increases_risk""}, {""feature"": ""absences"", ""label"": ""Absences"", ""value"": 15.0, ""contribution"": 0.0423, ""direction"": ""increases_risk""}]"
ST1013,22,85.1,97.7,100.0,100.0,89.3,16.1,0,4,3,0,0,0.0023,Low,"[{""feature"": ""attendance"", ""label"": ""Attendance"", ""value"": 85.1, ""contribution"": -0.1121, ""direction"": ""decreases_risk""}, {""feature"": ""avg_grade"", ""label"": ""Average Grade"", ""value"": 97.7, ""contribution"": -0.1091, ""direction"": ""decreases_risk""}, {""feature"": ""engagement_score"", ""label"": ""Engagement"", ""value"": 100.0, ""contribution"": -0.0937, ""direction"": ""decreases_risk""}, {""feature"": ""assignment_completion"", ""label"": ""Assignment Completion"", ""value"": 100.0, ""contribution"": -0.07, ""direction"": ""decreases_risk""}, {""feature"": ""participation_score"", ""label"": ""Participation"", ""value"": 89.3, ""contribution"": -0.0411, ""direction"": ""decreases_risk""}]"
ST1014,21,73.4,80.4,83.6,52.4,83.4,6.2,0,17,5,1,0,0.2245,Low,"[{""feature"": ""avg_grade"", ""label"": ""Average Grade"", ""value"": 80.4, ""contribution"": -0.1455, ""direction"": ""decreases_risk""}, {""feature"": ""engagement_score"", ""label"": ""Engagement"", ""value"": 52.4, ""contribution"": 0.117, ""direction"": ""increases_risk""}, {""feature"": ""attendance"", ""label"": ""Attendance"", ""value"": 73.4, ""contribution"": -0.1027, ""direction"": ""decreases_risk""}, {""feature"": ""participation_score"", ""label"": ""Participation"", ""value"": 83.4, ""contribution"": -0.0712, ""direction"": ""decreases_risk""}, {""feature"": ""assignment_completion"", ""label"": ""Assignment Completion"", ""value"": 83.6, ""contribution"": -0.0684, ""direction"": ""decreases_risk""}]"
ST1015,22,47.7,37.8,52.4,19.4,51.2,3.3,3,17,3,1,1,0.9994,High,"[{""feature"": ""avg_grade"", ""label"": ""Average Grade"", ""value"": 37.8, ""contribution"": 0.1156, ""direction"": ""increases_risk""}, {""feature"": ""attendance"", ""label"": ""Attendance"", ""value"": 47.7, ""contribution"": 0.1149, ""direction"": ""increases_risk""}, {""feature"": ""engagement_score"", ""label"": ""Engagement"", ""value"": 19.4, ""contribution"": 0.0957, ""direction"": ""increases_risk""}, {""feature"": ""assignment_completion"", ""label"": ""Assignment Completion"", ""value"": 52.4, ""contribution"": 0.0756, ""direction"": ""increases_risk""}, {""feature"": ""participation_score"", ""label"": ""Participation"", ""value"": 51.2, ""contribution"": 0.039, ""direction"": ""increases_risk""}]"
ST1016,20,100.0,100.0,99.1,92.6,100.0,18.2,0,1,2,1,0,0.011,Low,"[{""feature"": ""attendance"", ""label"": ""Attendance"", ""value"": 100.0, ""contribution"": -0.1108, ""direction"": ""decreases_risk""}, {""feature"": ""avg_grade"", ""label"": ""Average Grade"", ""value"": 100.0, ""contribution"": -0.1043, ""direction"": ""decreases_risk""}, {""feature"": ""engagement_score"", ""label"": ""Engagement"", ""value"": 92.6, ""contribution"": -0.0933, ""direction"": ""decreases_risk""}, {""feature"": ""assignment_completion"", ""label"": ""Assignment Completion"", ""value"": 99.1, ""contribution"": -0.0725, ""direction"": ""decreases_risk""}, {""feature"": ""absences"", ""label"": ""Absences"", ""value"": 1.0, ""contribution"": -0.0314, ""direction"": ""decreases_risk""}]"
ST1017,17,84.4,89.6,100.0,96.4,79.2,21.3,0,3,3,0,0,0.0059,Low,"[{""feature"": ""avg_grade"", ""label"": ""Average Grade"", ""value"": 89.6, ""contribution"": -0.1124, ""direction"": ""decreases_risk""}, {""feature"": ""attendance"", ""label"": ""Attendance"", ""value"": 84.4, ""contribution"": -0.1097, ""direction"": ""decreases_risk""}, {""feature"": ""engagement_score"", ""label"": ""Engagement"", ""value"": 96.4, ""contribution"": -0.0946, ""direction"": ""decreases_risk""}, {""feature"": ""assignment_completion"", ""label"": ""Assignment Completion"", ""value"": 100.0, ""contribution"": -0.0717, ""direction"": ""decreases_risk""}, {""feature"": ""participation_score"", ""label"": ""Participation"", ""value"": 79.2, ""contribution"": -0.0417, ""direction"": ""decreases_risk""}]"
ST1018,22,82.7,73.4,78.9,83.5,68.2,10.3,1,8,4,0,0,0.0464,Low,"[{""feature"": ""attendance"", ""label"": ""Attendance"", ""value"": 82.7, ""contribution"": -0.1137, ""direction"": ""decreases_risk""}, {""feature"": ""engagement_score"", ""label"": ""Engagement"", ""value"": 83.5, ""contribution"": -0.1133, ""direction"": ""decreases_risk""}, {""feature"": ""avg_grade"", ""label"": ""Average Grade"", ""value"": 73.4, ""contribution"": -0.0894, ""direction"": ""decreases_risk""}, {""feature"": ""assignment_completion"", ""label"": ""Assignment Completion"", ""value"": 78.9, ""contribution"": -0.0565, ""direction"": ""decreases_risk""}, {""feature"": ""absences"", ""label"": ""Absences"", ""value"": 8.0, ""contribution"": -0.039, ""direction"": ""decreases_risk""}]"
ST1019,19,84.4,71.6,91.9,83.2,72.7,12.6,0,8,2,0,0,0.0277,Low,"[{""feature"": ""attendance"", ""label"": ""Attendance"", ""value"": 84.4, ""contribution"": -0.1166, ""direction"": ""decreases_risk""}, {""feature"": ""engagement_score"", ""label"": ""Engagement"", ""value"": 83.2, ""contribution"": -0.1121, ""direction"": ""decreases_risk""}, {""feature"": ""avg_grade"", ""label"": ""Average Grade"", ""value"": 71.6, ""contribution"": -0.0717, ""direction"": ""decreases_risk""}, {""feature"": ""assignment_completion"", ""label"": ""Assignment Completion"", ""value"": 91.9, ""contribution"": -0.0629, ""direction"": ""decreases_risk""}, {""feature"": ""participation_score"", ""label"": ""Participation"", ""value"": 72.7, ""contribution"": -0.0406, ""direction"": ""decreases_risk""}]"
ST1020,20,62.0,75.3,48.2,68.3,55.0,5.6,0,12,2,0,0,0.5474,Medium,"[{""feature"": ""attendance"", ""label"": ""Attendance"", ""value"": 62.0, ""contribution"": 0.1419, ""direction"": ""increases_risk""}, {""feature"": ""engagement_score"", ""label"": ""Engagement"", ""value"": 68.3, ""contribution"": -0.1269, ""direction"": ""decreases_risk""}, {""feature"": ""avg_grade"", ""label"": ""Average Grade"", ""value"": 75.3, ""contribution"": -0.1085, ""direction"": ""decreases_risk""}, {""feature"": ""assignment_completion"", ""label"": ""Assignment Completion"", ""value"": 48.2, ""contribution"": 0.0933, ""direction"": ""increases_risk""}, {""feature"": ""participation_score"", ""label"": ""Participation"", ""value"": 55.0, ""contribution"": 0.051, ""direction"": ""increases_risk""}]"
ST1021,18,68.6,73.3,54.1,48.4,53.5,15.2,3,11,3,1,1,0.6914,High,"[{""feature"": ""avg_grade"", ""label"": ""Average Grade"", ""value"": 73.3, ""contribution"": -0.1509, ""direction"": ""decreases_risk""}, {""feature"": ""engagement_score"", ""label"": ""Engagement"", ""value"": 48.4, ""contribution"": 0.1259, ""direction"": ""increases_risk""}, {""feature"": ""assignment_completion"", ""label"": ""Assignment Completion"", ""value"": 54.1, ""contribution"": 0.0913, ""direction"": ""increases_risk""}, {""feature"": ""attendance"", ""label"": ""Attendance"", ""value"": 68.6, ""contribution"": 0.0843, ""direction"": ""increases_risk""}, {""feature"": ""participation_score"", ""label"": ""Participation"", ""value"": 53.5, ""contribution"": 0.0437, ""direction"": ""increases_risk""}]"
ST1022,17,100.0,100.0,100.0,100.0,100.0,17.4,0,0,5,1,0,0.0214,Low,"[{""feature"": ""avg_grade"", ""label"": ""Average Grade"", ""value"": 100.0, ""contribution"": -0.1052, ""direction"": ""decreases_risk""}, {""feature"": ""attendance"", ""label"": ""Attendance"", ""value"": 100.0, ""contribution"": -0.1047, ""direction"": ""decreases_risk""}, {""feature"": ""engagement_score"", ""label"": ""Engagement"", ""value"": 100.0, ""contribution"": -0.0915, ""direction"": ""decreases_risk""}, {""feature"": ""assignment_completion"", ""label"": ""Assignment Completion"", ""value"": 100.0, ""contribution"": -0.071, ""direction"": ""decreases_risk""}, {""feature"": ""absences"", ""label"": ""Absences"", ""value"": 0.0, ""contribution"": -0.0287, ""direction"": ""decreases_risk""}]"
ST1023,23,68.4,72.3,62.3,58.1,70.5,11.4,2,8,2,1,1,0.5455,Medium,"[{""feature"": ""avg_grade"", ""label"": ""Average Grade"", ""value"": 72.3, ""contribution"": -0.1466, ""direction"": ""decreases_risk""}, {""feature"": ""attendance"", ""label"": ""Attendance"", ""value"": 68.4, ""contribution"": 0.0995, ""direction"": ""increases_risk""}, {""feature"": ""assignment_completion"", ""label"": ""Assignment Completion"", ""value"": 62.3, ""contribution"": 0.0882, ""direction"": ""increases_risk""}, {""feature"": ""engagement_score"", ""label"": ""Engagement"", ""value"": 58.1, ""contribution"": 0.0624, ""direction"": ""increases_risk""}, {""feature"": ""participation_score"", ""label"": ""Participation"", ""value"": 70.5, ""contribution"": -0.0433, ""direction"": ""decreases_risk""}]"
ST1024,22,92.4,88.9,71.6,88.8,72.7,17.5,0,6,3,1,0,0.0875,Low,"[{""feature"": ""attendance"", ""label"": ""Attendance"", ""value"": 92.4, ""contribution"": -0.1292, ""direction"": ""decreases_risk""}, {""feature"": ""avg_grade"", ""label"": ""Average Grade"", ""value"": 88.9, ""contribution"": -0.1102, ""direction"": ""decreases_risk""}, {""feature"": ""engagement_score"", ""label"": ""Engagement"", ""value"": 88.8, ""contribution"": -0.0882, ""direction"": ""decreases_risk""}, {""feature"": ""assignment_completion"", ""label"": ""Assignment Completion"", ""value"": 71.6, ""contribution"": 0.0569, ""direction"": ""increases_risk""}, {""feature"": ""previous_failures"", ""label"": ""Previous Failures"", ""value"": 0.0, ""contribution"": -0.0407, ""direction"": ""decreases_risk""}]"
ST1025,21,52.3,63.5,61.2,34.2,57.2,5.8,3,15,4,0,1,0.9467,High,"[{""feature"": ""attendance"", ""label"": ""Attendance"", ""value"": 52.3, ""contribution"": 0.1432, ""direction"": ""increases_risk""}, {""feature"": ""engagement_score"", ""label"": ""Engagement"", ""value"": 34.2, ""contribution"": 0.1171, ""direction"": ""increases_risk""}, {""feature"": ""assignment_completion"", ""label"": ""Assignment Completion"", ""value"": 61.2, ""contribution"": 0.0734, ""direction"": ""increases_risk""}, {""feature"": ""absences"", ""label"": ""Absences"", ""value"": 15.0, ""contribution"": 0.0389, ""direction"": ""increases_risk""}, {""feature"": ""participation_score"", ""label"": ""Participation"", ""value"": 57.2, ""contribution"": 0.0377, ""direction"": ""increases_risk""}]"
ST1026,19,85.6,70.8,100.0,80.6,79.2,10.7,0,0,4,1,0,0.0378,Low,"[{""feature"": ""attendance"", ""label"": ""Attendance"", ""value"": 85.6, ""contribution"": -0.1074, ""direction"": ""decreases_risk""}, {""feature"": ""engagement_score"", ""label"": ""Engagement"", ""value"": 80.6, ""contribution"": -0.1066, ""direction"": ""decreases_risk""}, {""feature"": ""assignment_completion"", ""label"": ""Assignment Completion"", ""value"": 100.0, ""contribution"": -0.0671, ""direction"": ""decreases_risk""}, {""feature"": ""avg_grade"", ""label"": ""Average Grade"", ""value"": 70.8, ""contribution"": -0.0626, ""direction"": ""decreases_risk""}, {""feature"": ""participation_score"", ""label"": ""Participation"", ""value"": 79.2, ""contribution"": -0.0535, ""direction"": ""decreases_risk""}]"
ST1027,22,90.3,81.9,100.0,84.2,84.8,10.8,1,9,1,0,0,0.0062,Low,"[{""feature"": ""attendance"", ""label"": ""Attendance"", ""value"": 90.3, ""contribution"": -0.1256, ""direction"": ""decreases_risk""}, {""feature"": ""avg_grade"", ""label"": ""Average Grade"", ""value"": 81.9, ""contribution"": -0.112, ""direction"": ""decreases_risk""}, {""feature"": ""engagement_score"", ""label"": ""Engagement"", ""value"": 84.2, ""contribution"": -0.1056, ""direction"": ""decreases_risk""}, {""feature"": ""assignment_completion"", ""label"": ""Assignment Completion"", ""value"": 100.0, ""contribution"": -0.0786, ""direction"": ""decreases_risk""}, {""feature"": ""participation_score"", ""label"": ""Participation"", ""value"": 84.8, ""contribution"": -0.0454, ""direction"": ""decreases_risk""}]"
ST1028,20,51.0,55.6,63.9,70.7,45.6,12.1,5,15,2,1,1,0.8169,High,"[{""feature"": ""engagement_score"", ""label"": ""Engagement"", ""value"": 70.7, ""contribution"": -0.1213, ""direction"": ""decreases_risk""}, {""feature"": ""attendance"", ""label"": ""Attendance"", ""value"": 51.0, ""contribution"": 0.1159, ""direction"": ""increases_risk""}, {""feature"": ""avg_grade"", ""label"": ""Average Grade"", ""value"": 55.6, ""contribution"": 0.1051, ""direction"": ""increases_risk""}, {""feature"": ""participation_score"", ""label"": ""Participation"", ""value"": 45.6, ""contribution"": 0.074, ""direction"": ""increases_risk""}, {""feature"": ""assignment_completion"", ""label"": ""Assignment Completion"", ""value"": 63.9, ""contribution"": 0.0687, ""direction"": ""increases_risk""}]"
ST1029,19,68.6,42.6,66.8,38.2,55.7,4.8,3,10,5,1,1,0.9362,High,"[{""feature"": ""avg_grade"", ""label"": ""Average Grade"", ""value"": 42.6, ""contribution"": 0.1375, ""direction"": ""increases_risk""}, {""feature"": ""engagement_score"", ""label"": ""Engagement"", ""value"": 38.2, ""contribution"": 0.115, ""direction"": ""increases_risk""}, {""feature"": ""attendance"", ""label"": ""Attendance"", ""value"": 68.6, ""contribution"": 0.0753, ""direction"": ""increases_risk""}, {""feature"": ""assignment_completion"", ""label"": ""Assignment Completion"", ""value"": 66.8, ""contribution"": 0.0424, ""direction"": ""increases_risk""}, {""feature"": ""participation_score"", ""label"": ""Participation"", ""value"": 55.7, ""contribution"": 0.0368, ""direction"": ""increases_risk""}]"
ST1030,19,69.9,72.1,80.5,62.7,61.1,11.2,1,15,5,1,0,0.2395,Low,"[{""feature"": ""avg_grade"", ""label"": ""Average Grade"", ""value"": 72.1, ""contribution"": -0.1428, ""direction"": ""decreases_risk""}, {""feature"": ""assignment_completion"", ""label"": ""Assignment Completion"", ""value"": 80.5, ""contribution"": -0.0807, ""direction"": ""decreases_risk""}, {""feature"": ""absences"", ""label"": ""Absences"", ""value"": 15.0, ""contribution"": 0.0418, ""direction"": ""increases_risk""}, {""feature"": ""participation_score"", ""label"": ""Participation"", ""value"": 61.1, ""contribution"": -0.0396, ""direction"": ""decreases_risk""}, {""feature"": ""family_support"", ""label"": ""Family Support"", ""value"": 5.0, ""contribution"": -0.0319, ""direction"": ""decreases_risk""}]"
ST1031,17,100.0,100.0,100.0,90.6,98.5,19.9,0,0,4,0,0,0.0003,Low,"[{""feature"": ""attendance"", ""label"": ""Attendance"", ""value"": 100.0, ""contribution"": -0.1142, ""direction"": ""decreases_risk""}, {""feature"": ""avg_grade"", ""label"": ""Average Grade"", ""value"": 100.0, ""contribution"": -0.1109, ""direction"": ""decreases_risk""}, {""feature"": ""engagement_score"", ""label"": ""Engagement"", ""value"": 90.6, ""contribution"": -0.0957, ""direction"": ""decreases_risk""}, {""feature"": ""assignment_completion"", ""label"": ""Assignment Completion"", ""value"": 100.0, ""contribution"": -0.0739, ""direction"": ""decreases_risk""}, {""feature"": ""participation_score"", ""label"": ""Participation"", ""value"": 98.5, ""contribution"": -0.0383, ""direction"": ""decreases_risk""}]"
ST1032,16,77.0,69.2,68.3,65.6,53.6,10.7,0,8,1,1,0,0.1734,Low,"[{""feature"": ""attendance"", ""label"": ""Attendance"", ""value"": 77.0, ""contribution"": -0.1518, ""direction"": ""decreases_risk""}, {""feature"": ""avg_grade"", ""label"": ""Average Grade"", ""value"": 69.2, ""contribution"": -0.1079, ""direction"": ""decreases_risk""}, {""feature"": ""absences"", ""label"": ""Absences"", ""value"": 8.0, ""contribution"": -0.0702, ""direction"": ""decreases_risk""}, {""feature"": ""previous_failures"", ""label"": ""Previous Failures"", ""value"": 0.0, ""contribution"": -0.0631, ""direction"": ""decreases_risk""}, {""feature"": ""participation_score"", ""label"": ""Participation"", ""value"": 53.6, ""contribution"": 0.0455, ""direction"": ""increases_risk""}]"
ST1033,20,79.0,100.0,96.1,98.2,55.0,18.1,1,4,3,0,0,0.0312,Low,"[{""feature"": ""avg_grade"", ""label"": ""Average Grade"", ""value"": 100.0, ""contribution"": -0.1366, ""direction"": ""decreases_risk""}, {""feature"": ""engagement_score"", ""label"": ""Engagement"", ""value"": 98.2, ""contribution"": -0.1159, ""direction"": ""decreases_risk""}, {""feature"": ""attendance"", ""label"": ""Attendance"", ""value"": 79.0, ""contribution"": -0.1054, ""direction"": ""decreases_risk""}, {""feature"": ""assignment_completion"", ""label"": ""Assignment Completion"", ""value"": 96.1, ""contribution"": -0.0809, ""direction"": ""decreases_risk""}, {""feature"": ""participation_score"", ""label"": ""Participation"", ""value"": 55.0, ""contribution"": 0.0433, ""direction"": ""increases_risk""}]"
ST1034,23,56.0,62.1,75.1,77.9,52.8,8.1,0,10,1,1,0,0.4035,Medium,"[{""feature"": ""engagement_score"", ""label"": ""Engagement"", ""value"": 77.9, ""contribution"": -0.1976, ""direction"": ""decreases_risk""}, {""feature"": ""attendance"", ""label"": ""Attendance"", ""value"": 56.0, ""contribution"": 0.121, ""direction"": ""increases_risk""}, {""feature"": ""participation_score"", ""label"": ""Participation"", ""value"": 52.8, ""contribution"": 0.0569, ""direction"": ""increases_risk""}, {""feature"": ""previous_failures"", ""label"": ""Previous Failures"", ""value"": 0.0, ""contribution"": -0.051, ""direction"": ""decreases_risk""}, {""feature"": ""assignment_completion"", ""label"": ""Assignment Completion"", ""value"": 75.1, ""contribution"": -0.0382, ""direction"": ""decreases_risk""}]"
ST1035,16,100.0,94.7,100.0,91.1,87.3,15.5,0,0,2,0,0,0.0002,Low,"[{""feature"": ""attendance"", ""label"": ""Attendance"", ""value"": 100.0, ""contribution"": -0.1185, ""direction"": ""decreases_risk""}, {""feature"": ""avg_grade"", ""label"": ""Average Grade"", ""value"": 94.7, ""contribution"": -0.109, ""direction"": ""decreases_risk""}, {""feature"": ""engagement_score"", ""label"": ""Engagement"", ""value"": 91.1, ""contribution"": -0.0948, ""direction"": ""decreases_risk""}, {""feature"": ""assignment_completion"", ""label"": ""Assignment Completion"", ""value"": 100.0, ""contribution"": -0.0729, ""direction"": ""decreases_risk""}, {""feature"": ""participation_score"", ""label"": ""Participation"", ""value"": 87.3, ""contribution"": -0.0383, ""direction"": ""decreases_risk""}]"
ST1036,22,69.9,64.6,70.4,70.9,62.5,12.1,2,12,5,0,1,0.4742,Medium,"[{""feature"": ""engagement_score"", ""label"": ""Engagement"", ""value"": 70.9, ""contribution"": -0.1325, ""direction"": ""decreases_risk""}, {""feature"": ""attendance"", ""label"": ""Attendance"", ""value"": 69.9, ""contribution"": 0.0445, ""direction"": ""increases_risk""}, {""feature"": ""assignment_completion"", ""label"": ""Assignment Completion"", ""value"": 70.4, ""contribution"": 0.0376, ""direction"": ""increases_risk""}, {""feature"": ""participation_score"", ""label"": ""Participation"", ""value"": 62.5, ""contribution"": -0.0331, ""direction"": ""decreases_risk""}, {""feature"": ""previous_failures"", ""label"": ""Previous Failures"", ""value"": 2.0, ""contribution"": 0.026, ""direction"": ""increases_risk""}]"
ST1037,22,94.1,95.2,94.1,99.6,97.8,13.7,2,3,2,0,0,0.0009,Low,"[{""feature"": ""attendance"", ""label"": ""Attendance"", ""value"": 94.1, ""contribution"": -0.1324, ""direction"": ""decreases_risk""}, {""feature"": ""avg_grade"", ""label"": ""Average Grade"", ""value"": 95.2, ""contribution"": -0.1129, ""direction"": ""decreases_risk""}, {""feature"": ""engagement_score"", ""label"": ""Engagement"", ""value"": 99.6, ""contribution"": -0.0983, ""direction"": ""decreases_risk""}, {""feature"": ""assignment_completion"", ""label"": ""Assignment Completion"", ""value"": 94.1, ""contribution"": -0.0826, ""direction"": ""decreases_risk""}, {""feature"": ""participation_score"", ""label"": ""Participation"", ""value"": 97.8, ""contribution"": -0.0411, ""direction"": ""decreases_risk""}]"
ST1038,18,96.9,90.8,100.0,77.3,92.4,9.5,0,0,1,0,0,0.0077,Low,"[{""feature"": ""attendance"", ""label"": ""Attendance"", ""value"": 96.9, ""contribution"": -0.1258, ""direction"": ""decreases_risk""}, {""feature"": ""avg_grade"", ""label"": ""Average Grade"", ""value"": 90.8, ""contribution"": -0.1125, ""direction"": ""decreases_risk""}, {""feature"": ""engagement_score"", ""label"": ""Engagement"", ""value"": 77.3, ""contribution"": -0.0936, ""direction"": ""decreases_risk""}, {""feature"": ""assignment_completion"", ""label"": ""Assignment Completion"", ""value"": 100.0, ""contribution"": -0.0739, ""direction"": ""decreases_risk""}, {""feature"": ""participation_score"", ""label"": ""Participation"", ""value"": 92.4, ""contribution"": -0.0423, ""direction"": ""decreases_risk""}]"
ST1039,21,71.1,54.5,80.0,62.2,58.9,10.7,2,10,4,1,1,0.4754,Medium,"[{""feature"": ""avg_grade"", ""label"": ""Average Grade"", ""value"": 54.5, ""contribution"": 0.123, ""direction"": ""increases_risk""}, {""feature"": ""assignment_completion"", ""label"": ""Assignment Completion"", ""value"": 80.0, ""contribution"": -0.0998, ""direction"": ""decreases_risk""}, {""feature"": ""attendance"", ""label"": ""Attendance"", ""value"": 71.1, ""contribution"": -0.0854, ""direction"": ""decreases_risk""}, {""feature"": ""participation_score"", ""label"": ""Participation"", ""value"": 58.9, ""contribution"": 0.0247, ""direction"": ""increases_risk""}, {""feature"": ""engagement_score"", ""label"": ""Engagement"", ""value"": 62.2, ""contribution"": 0.017, ""direction"": ""increases_risk""}]"
ST1040,17,82.0,77.2,82.0,76.0,64.3,7.8,1,1,4,1,0,0.1333,Low,"[{""feature"": ""attendance"", ""label"": ""Attendance"", ""value"": 82.0, ""contribution"": -0.0934, ""direction"": ""decreases_risk""}, {""feature"": ""avg_grade"", ""label"": ""Average Grade"", ""value"": 77.2, ""contribution"": -0.0908, ""direction"": ""decreases_risk""}, {""feature"": ""engagement_score"", ""label"": ""Engagement"", ""value"": 76.0, ""contribution"": -0.0664, ""direction"": ""decreases_risk""}, {""feature"": ""assignment_completion"", ""label"": ""Assignment Completion"", ""value"": 82.0, ""contribution"": -0.0658, ""direction"": ""decreases_risk""}, {""feature"": ""absences"", ""label"": ""Absences"", ""value"": 1.0, ""contribution"": -0.0203, ""direction"": ""decreases_risk""}]"
ST1041,22,93.4,87.2,100.0,79.4,88.7,16.2,0,4,4,0,0,0.006,Low,"[{""feature"": ""attendance"", ""label"": ""Attendance"", ""value"": 93.4, ""contribution"": -0.1124, ""direction"": ""decreases_risk""}, {""feature"": ""avg_grade"", ""label"": ""Average Grade"", ""value"": 87.2, ""contribution"": -0.1088, ""direction"": ""decreases_risk""}, {""feature"": ""engagement_score"", ""label"": ""Engagement"", ""value"": 79.4, ""contribution"": -0.0898, ""direction"": ""decreases_risk""}, {""feature"": ""assignment_completion"", ""label"": ""Assignment Completion"", ""value"": 100.0, ""contribution"": -0.0703, ""direction"": ""decreases_risk""}, {""feature"": ""participation_score"", ""label"": ""Participation"", ""value"": 88.7, ""contribution"": -0.0418, ""direction"": ""decreases_risk""}]"
ST1042,21,49.5,28.2,48.7,28.8,41.2,9.6,2,18,5,0,1,0.9917,High,"[{""feature"": ""avg_grade"", ""label"": ""Average Grade"", ""value"": 28.2, ""contribution"": 0.1159, ""direction"": ""increases_risk""}, {""feature"": ""attendance"", ""label"": ""Attendance"", ""value"": 49.5, ""contribution"": 0.1155, ""direction"": ""increases_risk""}, {""feature"": ""engagement_score"", ""label"": ""Engagement"", ""value"": 28.8, ""contribution"": 0.1003, ""direction"": ""increases_risk""}, {""feature"": ""assignment_completion"", ""label"": ""Assignment Completion"", ""value"": 48.7, ""contribution"": 0.0759, ""direction"": ""increases_risk""}, {""feature"": ""participation_score"", ""label"": ""Participation"", ""value"": 41.2, ""contribution"": 0.0467, ""direction"": ""increases_risk""}]"
ST1043,18,67.0,67.6,100.0,86.5,72.6,14.0,1,17,4,1,0,0.123,Low,"[{""feature"": ""engagement_score"", ""label"": ""Engagement"", ""value"": 86.5, ""contribution"": -0.1776, ""direction"": ""decreases_risk""}, {""feature"": ""assignment_completion"", ""label"": ""Assignment Completion"", ""value"": 100.0, ""contribution"": -0.1001, ""direction"": ""decreases_risk""}, {""feature"": ""participation_score"", ""label"": ""Participation"", ""value"": 72.6, ""contribution"": -0.0753, ""direction"": ""decreases_risk""}, {""feature"": ""attendance"", ""label"": ""Attendance"", ""value"": 67.0, ""contribution"": 0.0736, ""direction"": ""increases_risk""}, {""feature"": ""avg_grade"", ""label"": ""Average Grade"", ""value"": 67.6, ""contribution"": -0.0647, ""direction"": ""decreases_risk""}]"
ST1044,16,84.3,84.4,86.2,58.7,55.6,14.8,1,6,4,1,0,0.0844,Low,"[{""feature"": ""attendance"", ""label"": ""Attendance"", ""value"": 84.3, ""contribution"": -0.1548, ""direction"": ""decreases_risk""}, {""feature"": ""avg_grade"", ""label"": ""Average Grade"", ""value"": 84.4, ""contribution"": -0.1393, ""direction"": ""decreases_risk""}, {""feature"": ""assignment_completion"", ""label"": ""Assignment Completion"", ""value"": 86.2, ""contribution"": -0.0859, ""direction"": ""decreases_risk""}, {""feature"": ""absences"", ""label"": ""Absences"", ""value"": 6.0, ""contribution"": -0.0611, ""direction"": ""decreases_risk""}, {""feature"": ""participation_score"", ""label"": ""Participation"", ""value"": 55.6, ""contribution"": 0.0476, ""direction"": ""increases_risk""}]"
ST1045,23,84.2,71.8,100.0,63.6,79.8,11.3,4,3,5,0,0,0.1611,Low,"[{""feature"": ""attendance"", ""label"": ""Attendance"", ""value"": 84.2, ""contribution"": -0.1527, ""direction"": ""decreases_risk""}, {""feature"": ""avg_grade"", ""label"": ""Average Grade"", ""value"": 71.8, ""contribution"": -0.0789, ""direction"": ""decreases_risk""}, {""feature"": ""assignment_completion"", ""label"": ""Assignment Completion"", ""value"": 100.0, ""contribution"": -0.0729, ""direction"": ""decreases_risk""}, {""feature"": ""participation_score"", ""label"": ""Participation"", ""value"": 79.8, ""contribution"": -0.0542, ""direction"": ""decreases_risk""}, {""feature"": ""previous_failures"", ""label"": ""Previous Failures"", ""value"": 4.0, ""contribution"": 0.041, ""direction"": ""increases_risk""}]"
ST1046,19,95.0,78.4,80.8,80.8,81.0,19.6,1,2,2,0,0,0.0745,Low,"[{""feature"": ""attendance"", ""label"": ""Attendance"", ""value"": 95.0, ""contribution"": -0.1211, ""direction"": ""decreases_risk""}, {""feature"": ""engagement_score"", ""label"": ""Engagement"", ""value"": 80.8, ""contribution"": -0.0896, ""direction"": ""decreases_risk""}, {""feature"": ""avg_grade"", ""label"": ""Average Grade"", ""value"": 78.4, ""contribution"": -0.0838, ""direction"": ""decreases_risk""}, {""feature"": ""assignment_completion"", ""label"": ""Assignment Completion"", ""value"": 80.8, ""contribution"": -0.0516, ""direction"": ""decreases_risk""}, {""feature"": ""participation_score"", ""label"": ""Participation"", ""value"": 81.0, ""contribution"": -0.0448, ""direction"": ""decreases_risk""}]"
ST1047,23,61.6,60.6,62.8,68.0,53.6,6.7,3,12,3,0,0,0.5462,Medium,"[{""feature"": ""engagement_score"", ""label"": ""Engagement"", ""value"": 68.0, ""contribution"": -0.1868, ""direction"": ""decreases_risk""}, {""feature"": ""attendance"", ""label"": ""Attendance"", ""value"": 61.6, ""contribution"": 0.0953, ""direction"": ""increases_risk""}, {""feature"": ""avg_grade"", ""label"": ""Average Grade"", ""value"": 60.6, ""contribution"": 0.0553, ""direction"": ""increases_risk""}, {""feature"": ""assignment_completion"", ""label"": ""Assignment Completion"", ""value"": 62.8, ""contribution"": 0.0462, ""direction"": ""increases_risk""}, {""feature"": ""participation_score"", ""label"": ""Participation"", ""value"": 53.6, ""contribution"": 0.0257, ""direction"": ""increases_risk""}]"
ST1048,21,93.7,83.0,95.3,73.9,74.2,14.4,0,4,3,0,0,0.0287,Low,"[{""feature"": ""attendance"", ""label"": ""Attendance"", ""value"": 93.7, ""contribution"": -0.1167, ""direction"": ""decreases_risk""}, {""feature"": ""avg_grade"", ""label"": ""Average Grade"", ""value"": 83.0, ""contribution"": -0.1082, ""direction"": ""decreases_risk""}, {""feature"": ""assignment_completion"", ""label"": ""Assignment Completion"", ""value"": 95.3, ""contribution"": -0.0712, ""direction"": ""decreases_risk""}, {""feature"": ""engagement_score"", ""label"": ""Engagement"", ""value"": 73.9, ""contribution"": -0.0556, ""direction"": ""decreases_risk""}, {""feature"": ""participation_score"", ""label"": ""Participation"", ""value"": 74.2, ""contribution"": -0.0539, ""direction"": ""decreases_risk""}]"
ST1049,22,93.2,86.7,93.2,71.6,79.4,15.9,1,2,4,0,0,0.0111,Low,"[{""feature"": ""attendance"", ""label"": ""Attendance"", ""value"": 93.2, ""contribution"": -0.1176, ""direction"": ""decreases_risk""}, {""feature"": ""avg_grade"", ""label"": ""Average Grade"", ""value"": 86.7, ""contribution"": -0.1145, ""direction"": ""decreases_risk""}, {""feature"": ""assignment_completion"", ""label"": ""Assignment Completion"", ""value"": 93.2, ""contribution"": -0.0819, ""direction"": ""decreases_risk""}, {""feature"": ""engagement_score"", ""label"": ""Engagement"", ""value"": 71.6, ""contribution"": -0.0671, ""direction"": ""decreases_risk""}, {""feature"": ""participation_score"", ""label"": ""Participation"", ""value"": 79.4, ""contribution"": -0.0465, ""direction"": ""decreases_risk""}]"
ST1050,22,67.5,37.8,77.0,44.4,46.2,5.3,2,8,3,1,1,0.8696,High,"[{""feature"": ""avg_grade"", ""label"": ""Average Grade"", ""value"": 37.8, ""contribution"": 0.1598, ""direction"": ""increases_risk""}, {""feature"": ""engagement_score"", ""label"": ""Engagement"", ""value"": 44.4, ""contribution"": 0.1198, ""direction"": ""increases_risk""}, {""feature"": ""attendance"", ""label"": ""Attendance"", ""value"": 67.5, ""contribution"": 0.1143, ""direction"": ""increases_risk""}, {""feature"": ""assignment_completion"", ""label"": ""Assignment Completion"", ""value"": 77.0, ""contribution"": -0.0636, ""direction"": ""decreases_risk""}, {""feature"": ""participation_score"", ""label"": ""Participation"", ""value"": 46.2, ""contribution"": 0.06, ""direction"": ""increases_risk""}]"
ST1051,17,88.8,83.5,91.1,98.9,76.7,20.1,0,0,3,1,0,0.0051,Low,"[{""feature"": ""attendance"", ""label"": ""Attendance"", ""value"": 88.8, ""contribution"": -0.1118, ""direction"": ""decreases_risk""}, {""feature"": ""avg_grade"", ""label"": ""Average Grade"", ""value"": 83.5, ""contribution"": -0.1056, ""direction"": ""decreases_risk""}, {""feature"": ""engagement_score"", ""label"": ""Engagement"", ""value"": 98.9, ""contribution"": -0.0928, ""direction"": ""decreases_risk""}, {""feature"": ""assignment_completion"", ""label"": ""Assignment Completion"", ""value"": 91.1, ""contribution"": -0.073, ""direction"": ""decreases_risk""}, {""feature"": ""participation_score"", ""label"": ""Participation"", ""value"": 76.7, ""contribution"": -0.0421, ""direction"": ""decreases_risk""}]"
ST1052,18,100.0,100.0,100.0,100.0,94.6,21.6,0,1,1,0,0,0.0113,Low,"[{""feature"": ""attendance"", ""label"": ""Attendance"", ""value"": 100.0, ""contribution"": -0.1169, ""direction"": ""decreases_risk""}, {""feature"": ""avg_grade"", ""label"": ""Average Grade"", ""value"": 100.0, ""contribution"": -0.1078, ""direction"": ""decreases_risk""}, {""feature"": ""engagement_score"", ""label"": ""Engagement"", ""value"": 100.0, ""contribution"": -0.0925, ""direction"": ""decreases_risk""}, {""feature"": ""assignment_completion"", ""label"": ""Assignment Completion"", ""value"": 100.0, ""contribution"": -0.0735, ""direction"": ""decreases_risk""}, {""feature"": ""participation_score"", ""label"": ""Participation"", ""value"": 94.6, ""contribution"": -0.0415, ""direction"": ""decreases_risk""}]"
ST1053,19,55.7,42.1,63.0,24.5,49.2,11.0,3,20,4,0,1,0.978,High,"[{""feature"": ""avg_grade"", ""label"": ""Average Grade"", ""value"": 42.1, ""contribution"": 0.1185, ""direction"": ""increases_risk""}, {""feature"": ""attendance"", ""label"": ""Attendance"", ""value"": 55.7, ""contribution"": 0.1102, ""direction"": ""increases_risk""}, {""feature"": ""engagement_score"", ""label"": ""Engagement"", ""value"": 24.5, ""contribution"": 0.0961, ""direction"": ""increases_risk""}, {""feature"": ""assignment_completion"", ""label"": ""Assignment Completion"", ""value"": 63.0, ""contribution"": 0.0637, ""direction"": ""increases_risk""}, {""feature"": ""participation_score"", ""label"": ""Participation"", ""value"": 49.2, ""contribution"": 0.044, ""direction"": ""increases_risk""}]"
ST1054,19,32.6,29.0,39.7,25.5,28.4,6.9,6,24,1,1,1,0.9988,High,"[{""feature"": ""attendance"", ""label"": ""Attendance"", ""value"": 32.6, ""contribution"": 0.1132, ""direction"": ""increases_risk""}, {""feature"": ""avg_grade"", ""label"": ""Average Grade"", ""value"": 29.0, ""contribution"": 0.1116, ""direction"": ""increases_risk""}, {""feature"": ""engagement_score"", ""label"": ""Engagement"", ""value"": 25.5, ""contribution"": 0.0932, ""direction"": ""increases_risk""}, {""feature"": ""assignment_completion"", ""label"": ""Assignment Completion"", ""value"": 39.7, ""contribution"": 0.0745, ""direction"": ""increases_risk""}, {""feature"": ""participation_score"", ""label"": ""Participation"", ""value"": 28.4, ""contribution"": 0.0413, ""direction"": ""increases_risk""}]"
ST1055,16,75.2,68.2,75.9,65.6,68.7,14.7,2,11,3,0,0,0.1033,Low,"[{""feature"": ""attendance"", ""label"": ""Attendance"", ""value"": 75.2, ""contribution"": -0.1575, ""direction"": ""decreases_risk""}, {""feature"": ""avg_grade"", ""label"": ""Average Grade"", ""value"": 68.2, ""contribution"": -0.1247, ""direction"": ""decreases_risk""}, {""feature"": ""assignment_completion"", ""label"": ""Assignment Completion"", ""value"": 75.9, ""contribution"": -0.0587, ""direction"": ""decreases_risk""}, {""feature"": ""participation_score"", ""label"": ""Participation"", ""value"": 68.7, ""contribution"": -0.0362, ""direction"": ""decreases_risk""}, {""feature"": ""study_hours"", ""label"": ""Study Hours"", ""value"": 14.7, ""contribution"": -0.0287, ""direction"": ""decreases_risk""}]"
ST1056,20,100.0,100.0,100.0,100.0,80.4,22.4,0,3,3,0,0,0.0031,Low,"[{""feature"": ""attendance"", ""label"": ""Attendance"", ""value"": 100.0, ""contribution"": -0.1158, ""direction"": ""decreases_risk""}, {""feature"": ""avg_grade"", ""label"": ""Average Grade"", ""value"": 100.0, ""contribution"": -0.1092, ""direction"": ""decreases_risk""}, {""feature"": ""engagement_score"", ""label"": ""Engagement"", ""value"": 100.0, ""contribution"": -0.0929, ""direction"": ""decreases_risk""}, {""feature"": ""assignment_completion"", ""label"": ""Assignment Completion"", ""value"": 100.0, ""contribution"": -0.0714, ""direction"": ""decreases_risk""}, {""feature"": ""participation_score"", ""label"": ""Participation"", ""value"": 80.4, ""contribution"": -0.0411, ""direction"": ""decreases_risk""}]"
ST1057,17,88.8,87.3,99.1,67.4,73.2,17.0,1,5,4,0,0,0.0546,Low,"[{""feature"": ""avg_grade"", ""label"": ""Average Grade"", ""value"": 87.3, ""contribution"": -0.1269, ""direction"": ""decreases_risk""}, {""feature"": ""attendance"", ""label"": ""Attendance"", ""value"": 88.8, ""contribution"": -0.1203, ""direction"": ""decreases_risk""}, {""feature"": ""assignment_completion"", ""label"": ""Assignment Completion"", ""value"": 99.1, ""contribution"": -0.0774, ""direction"": ""decreases_risk""}, {""feature"": ""participation_score"", ""label"": ""Participation"", ""value"": 73.2, ""contribution"": -0.0367, ""direction"": ""decreases_risk""}, {""feature"": ""absences"", ""label"": ""Absences"", ""value"": 5.0, ""contribution"": -0.036, ""direction"": ""decreases_risk""}]"
ST1058,21,83.9,81.4,91.5,69.1,70.0,9.7,3,3,3,0,0,0.0747,Low,"[{""feature"": ""avg_grade"", ""label"": ""Average Grade"", ""value"": 81.4, ""contribution"": -0.1258, ""direction"": ""decreases_risk""}, {""feature"": ""attendance"", ""label"": ""Attendance"", ""value"": 83.9, ""contribution"": -0.1162, ""direction"": ""decreases_risk""}, {""feature"": ""assignment_completion"", ""label"": ""Assignment Completion"", ""value"": 91.5, ""contribution"": -0.0902, ""direction"": ""decreases_risk""}, {""feature"": ""engagement_score"", ""label"": ""Engagement"", ""value"": 69.1, ""contribution"": -0.0603, ""direction"": ""decreases_risk""}, {""feature"": ""previous_failures"", ""label"": ""Previous Failures"", ""value"": 3.0, ""contribution"": 0.0273, ""direction"": ""increases_risk""}]"
ST1059,21,83.4,77.0,86.0,67.8,67.1,8.9,0,6,1,1,0,0.0901,Low,"[{""feature"": ""attendance"", ""label"": ""Attendance"", ""value"": 83.4, ""contribution"": -0.1138, ""direction"": ""decreases_risk""}, {""feature"": ""avg_grade"", ""label"": ""Average Grade"", ""value"": 77.0, ""contribution"": -0.0816, ""direction"": ""decreases_risk""}, {""feature"": ""assignment_completion"", ""label"": ""Assignment Completion"", ""value"": 86.0, ""contribution"": -0.0708, ""direction"": ""decreases_risk""}, {""feature"": ""engagement_score"", ""label"": ""Engagement"", ""value"": 67.8, ""contribution"": -0.043, ""direction"": ""decreases_risk""}, {""feature"": ""absences"", ""label"": ""Absences"", ""value"": 6.0, ""contribution"": -0.0417, ""direction"": ""decreases_risk""}]"
ST1060,23,95.7,91.7,100.0,90.1,85.8,20.8,1,5,3,0,0,0.0017,Low,"[{""feature"": ""attendance"", ""label"": ""Attendance"", ""value"": 95.7, ""contribution"": -0.1187, ""direction"": ""decreases_risk""}, {""feature"": ""avg_grade"", ""label"": ""Average Grade"", ""value"": 91.7, ""contribution"": -0.1142, ""direction"": ""decreases_risk""}, {""feature"": ""engagement_score"", ""label"": ""Engagement"", ""value"": 90.1, ""contribution"": -0.0978, ""direction"": ""decreases_risk""}, {""feature"": ""assignment_completion"", ""label"": ""Assignment Completion"", ""value"": 100.0, ""contribution"": -0.0764, ""direction"": ""decreases_risk""}, {""feature"": ""participation_score"", ""label"": ""Participation"", ""value"": 85.8, ""contribution"": -0.0389, ""direction"": ""decreases_risk""}]"
ST1061,21,80.9,56.5,71.1,61.8,68.1,10.2,1,8,2,0,0,0.313,Medium,"[{""feature"": ""attendance"", ""label"": ""Attendance"", ""value"": 80.9, ""contribution"": -0.1753, ""direction"": ""decreases_risk""}, {""feature"": ""avg_grade"", ""label"": ""Average Grade"", ""value"": 56.5, ""contribution"": 0.113, ""direction"": ""increases_risk""}, {""feature"": ""absences"", ""label"": ""Absences"", ""value"": 8.0, ""contribution"": -0.0626, ""direction"": ""decreases_risk""}, {""feature"": ""previous_failures"", ""label"": ""Previous Failures"", ""value"": 1.0, ""contribution"": -0.032, ""direction"": ""decreases_risk""}, {""feature"": ""participation_score"", ""label"": ""Participation"", ""value"": 68.1, ""contribution"": -0.0287, ""direction"": ""decreases_risk""}]"
ST1062,18,60.5,60.4,75.0,64.8,68.4,9.0,1,16,2,0,1,0.8096,High,"[{""feature"": ""attendance"", ""label"": ""Attendance"", ""value"": 60.5, ""contribution"": 0.1526, ""direction"": ""increases_risk""}, {""feature"": ""avg_grade"", ""label"": ""Average Grade"", ""value"": 60.4, ""contribution"": 0.1145, ""direction"": ""increases_risk""}, {""feature"": ""absences"", ""label"": ""Absences"", ""value"": 16.0, ""contribution"": 0.0571, ""direction"": ""increases_risk""}, {""feature"": ""participation_score"", ""label"": ""Participation"", ""value"": 68.4, ""contribution"": -0.0364, ""direction"": ""decreases_risk""}, {""feature"": ""previous_failures"", ""label"": ""Previous Failures"", ""value"": 1.0, ""contribution"": -0.0229, ""direction"": ""decreases_risk""}]"
ST1063,23,99.6,100.0,100.0,98.1,95.0,18.8,0,0,2,1,0,0.0003,Low,"[{""feature"": ""attendance"", ""label"": ""Attendance"", ""value"": 99.6, ""contribution"": -0.1129, ""direction"": ""decreases_risk""}, {""feature"": ""avg_grade"", ""label"": ""Average Grade"", ""value"": 100.0, ""contribution"": -0.1093, ""direction"": ""decreases_risk""}, {""feature"": ""engagement_score"", ""label"": ""Engagement"", ""value"": 98.1, ""contribution"": -0.0948, ""direction"": ""decreases_risk""}, {""feature"": ""assignment_completion"", ""label"": ""Assignment Completion"", ""value"": 100.0, ""contribution"": -0.0735, ""direction"": ""decreases_risk""}, {""feature"": ""participation_score"", ""label"": ""Participation"", ""value"": 95.0, ""contribution"": -0.0395, ""direction"": ""decreases_risk""}]"
ST1064,19,65.5,58.0,58.5,43.4,55.6,1.7,3,11,1,1,1,0.9682,High,"[{""feature"": ""engagement_score"", ""label"": ""Engagement"", ""value"": 43.4, ""contribution"": 0.1079, ""direction"": ""increases_risk""}, {""feature"": ""avg_grade"", ""label"": ""Average Grade"", ""value"": 58.0, ""contribution"": 0.096, ""direction"": ""increases_risk""}, {""feature"": ""attendance"", ""label"": ""Attendance"", ""value"": 65.5, ""contribution"": 0.096, ""direction"": ""increases_risk""}, {""feature"": ""assignment_completion"", ""label"": ""Assignment Completion"", ""value"": 58.5, ""contribution"": 0.0784, ""direction"": ""increases_risk""}, {""feature"": ""participation_score"", ""label"": ""Participation"", ""value"": 55.6, ""contribution"": 0.0333, ""direction"": ""increases_risk""}]"
ST1065,18,49.0,27.7,32.9,38.0,33.0,2.2,3,18,5,1,1,0.9999,High,"[{""feature"": ""avg_grade"", ""label"": ""Average Grade"", ""value"": 27.7, ""contribution"": 0.1172, ""direction"": ""increases_risk""}, {""feature"": ""attendance"", ""label"": ""Attendance"", ""value"": 49.0, ""contribution"": 0.112, ""direction"": ""increases_risk""}, {""feature"": ""engagement_score"", ""label"": ""Engagement"", ""value"": 38.0, ""contribution"": 0.0977, ""direction"": ""increases_risk""}, {""feature"": ""assignment_completion"", ""label"": ""Assignment Completion"", ""value"": 32.9, ""contribution"": 0.0773, ""direction"": ""increases_risk""}, {""feature"": ""participation_score"", ""label"": ""Participation"", ""value"": 33.0, ""contribution"": 0.0462, ""direction"": ""increases_risk""}]"
ST1066,23,61.4,62.8,66.6,65.6,54.1,9.0,1,13,2,0,1,0.8536,High,"[{""feature"": ""attendance"", ""label"": ""Attendance"", ""value"": 61.4, ""contribution"": 0.1566, ""direction"": ""increases_risk""}, {""feature"": ""assignment_completion"", ""label"": ""Assignment Completion"", ""value"": 66.6, ""contribution"": 0.0556, ""direction"": ""increases_risk""}, {""feature"": ""absences"", ""label"": ""Absences"", ""value"": 13.0, ""contribution"": 0.0472, ""direction"": ""increases_risk""}, {""feature"": ""participation_score"", ""label"": ""Participation"", ""value"": 54.1, ""contribution"": 0.0462, ""direction"": ""increases_risk""}, {""feature"": ""avg_grade"", ""label"": ""Average Grade"", ""value"": 62.8, ""contribution"": 0.0324, ""direction"": ""increases_risk""}]"
ST1067,18,72.3,78.1,86.1,88.0,66.2,16.3,1,13,3,1,0,0.0701,Low,"[{""feature"": ""engagement_score"", ""label"": ""Engagement"", ""value"": 88.0, ""contribution"": -0.1288, ""direction"": ""decreases_risk""}, {""feature"": ""avg_grade"", ""label"": ""Average Grade"", ""value"": 78.1, ""contribution"": -0.1071, ""direction"": ""decreases_risk""}, {""feature"": ""assignment_completion"", ""label"": ""Assignment Completion"", ""value"": 86.1, ""contribution"": -0.0887, ""direction"": ""decreases_risk""}, {""feature"": ""attendance"", ""label"": ""Attendance"", ""value"": 72.3, ""contribution"": -0.0444, ""direction"": ""decreases_risk""}, {""feature"": ""participation_score"", ""label"": ""Participation"", ""value"": 66.2, ""contribution"": -0.0381, ""direction"": ""decreases_risk""}]"
ST1068,16,62.2,68.9,78.7,65.0,70.2,15.6,1,6,5,1,0,0.3264,Medium,"[{""feature"": ""attendance"", ""label"": ""Attendance"", ""value"": 62.2, ""contribution"": 0.1699, ""direction"": ""increases_risk""}, {""feature"": ""avg_grade"", ""label"": ""Average Grade"", ""value"": 68.9, ""contribution"": -0.0963, ""direction"": ""decreases_risk""}, {""feature"": ""assignment_completion"", ""label"": ""Assignment Completion"", ""value"": 78.7, ""contribution"": -0.0705, ""direction"": ""decreases_risk""}, {""feature"": ""absences"", ""label"": ""Absences"", ""value"": 6.0, ""contribution"": -0.0509, ""direction"": ""decreases_risk""}, {""feature"": ""participation_score"", ""label"": ""Participation"", ""value"": 70.2, ""contribution"": -0.0435, ""direction"": ""decreases_risk""}]"
ST1069,19,67.2,64.4,70.8,42.8,50.7,11.0,3,12,2,1,1,0.8419,High,"[{""feature"": ""attendance"", ""label"": ""Attendance"", ""value"": 67.2, ""contribution"": 0.1096, ""direction"": ""increases_risk""}, {""feature"": ""engagement_score"", ""label"": ""Engagement"", ""value"": 42.8, ""contribution"": 0.1085, ""direction"": ""increases_risk""}, {""feature"": ""participation_score"", ""label"": ""Participation"", ""value"": 50.7, ""contribution"": 0.0499, ""direction"": ""increases_risk""}, {""feature"": ""absences"", ""label"": ""Absences"", ""value"": 12.0, ""contribution"": 0.0297, ""direction"": ""increases_risk""}, {""feature"": ""previous_failures"", ""label"": ""Previous Failures"", ""value"": 3.0, ""contribution"": 0.0274, ""direction"": ""increases_risk""}]"
ST1070,22,99.1,100.0,100.0,100.0,93.3,21.0,2,0,5,1,0,0.0018,Low,"[{""feature"": ""attendance"", ""label"": ""Attendance"", ""value"": 99.1, ""contribution"": -0.119, ""direction"": ""decreases_risk""}, {""feature"": ""avg_grade"", ""label"": ""Average Grade"", ""value"": 100.0, ""contribution"": -0.1167, ""direction"": ""decreases_risk""}, {""feature"": ""engagement_score"", ""label"": ""Engagement"", ""value"": 100.0, ""contribution"": -0.0965, ""direction"": ""decreases_risk""}, {""feature"": ""assignment_completion"", ""label"": ""Assignment Completion"", ""value"": 100.0, ""contribution"": -0.0804, ""direction"": ""decreases_risk""}, {""feature"": ""participation_score"", ""label"": ""Participation"", ""value"": 93.3, ""contribution"": -0.0415, ""direction"": ""decreases_risk""}]"
ST1071,17,71.6,75.5,70.0,80.5,55.1,6.8,2,6,3,0,0,0.2609,Low,"[{""feature"": ""engagement_score"", ""label"": ""Engagement"", ""value"": 80.5, ""contribution"": -0.1331, ""direction"": ""decreases_risk""}, {""feature"": ""avg_grade"", ""label"": ""Average Grade"", ""value"": 75.5, ""contribution"": -0.1103, ""direction"": ""decreases_risk""}, {""feature"": ""attendance"", ""label"": ""Attendance"", ""value"": 71.6, ""contribution"": -0.0493, ""direction"": ""decreases_risk""}, {""feature"": ""assignment_completion"", ""label"": ""Assignment Completion"", ""value"": 70.0, ""contribution"": 0.0474, ""direction"": ""increases_risk""}, {""feature"": ""absences"", ""label"": ""Absences"", ""value"": 6.0, ""contribution"": -0.0414, ""direction"": ""decreases_risk""}]"
ST1072,19,91.0,91.6,100.0,80.2,55.2,15.5,0,5,5,1,0,0.0444,Low,"[{""feature"": ""avg_grade"", ""label"": ""Average Grade"", ""value"": 91.6, ""contribution"": -0.1238, ""direction"": ""decreases_risk""}, {""feature"": ""attendance"", ""label"": ""Attendance"", ""value"": 91.0, ""contribution"": -0.1138, ""direction"": ""decreases_risk""}, {""feature"": ""engagement_score"", ""label"": ""Engagement"", ""value"": 80.2, ""contribution"": -0.1021, ""direction"": ""decreases_risk""}, {""feature"": ""assignment_completion"", ""label"": ""Assignment Completion"", ""value"": 100.0, ""contribution"": -0.0756, ""direction"": ""decreases_risk""}, {""feature"": ""participation_score"", ""label"": ""Participation"", ""value"": 55.2, ""contribution"": 0.0492, ""direction"": ""increases_risk""}]"
ST1073,17,39.0,44.5,41.8,33.8,51.1,5.6,2,19,3,1,1,0.9994,High,"[{""feature"": ""attendance"", ""label"": ""Attendance"", ""value"": 39.0, ""contribution"": 0.1174, ""direction"": ""increases_risk""}, {""feature"": ""avg_grade"", ""label"": ""Average Grade"", ""value"": 44.5, ""contribution"": 0.1149, ""direction"": ""increases_risk""}, {""feature"": ""engagement_score"", ""label"": ""Engagement"", ""value"": 33.8, ""contribution"": 0.0971, ""direction"": ""increases_risk""}, {""feature"": ""assignment_completion"", ""label"": ""Assignment Completion"", ""value"": 41.8, ""contribution"": 0.0773, ""direction"": ""increases_risk""}, {""feature"": ""participation_score"", ""label"": ""Participation"", ""value"": 51.1, ""contribution"": 0.0406, ""direction"": ""increases_risk""}]"
ST1074,21,83.2,68.1,79.3,63.9,65.2,16.5,0,5,1,1,0,0.0995,Low,"[{""feature"": ""attendance"", ""label"": ""Attendance"", ""value"": 83.2, ""contribution"": -0.1448, ""direction"": ""decreases_risk""}, {""feature"": ""avg_grade"", ""label"": ""Average Grade"", ""value"": 68.1, ""contribution"": -0.0708, ""direction"": ""decreases_risk""}, {""feature"": ""assignment_completion"", ""label"": ""Assignment Completion"", ""value"": 79.3, ""contribution"": -0.0621, ""direction"": ""decreases_risk""}, {""feature"": ""absences"", ""label"": ""Absences"", ""value"": 5.0, ""contribution"": -0.0467, ""direction"": ""decreases_risk""}, {""feature"": ""previous_failures"", ""label"": ""Previous Failures"", ""value"": 0.0, ""contribution"": -0.0381, ""direction"": ""decreases_risk""}]"
ST1075,19,45.3,33.2,53.3,55.3,35.4,10.8,2,25,5,1,1,0.9532,High,"[{""feature"": ""avg_grade"", ""label"": ""Average Grade"", ""value"": 33.2, ""contribution"": 0.1221, ""direction"": ""increases_risk""}, {""feature"": ""attendance"", ""label"": ""Attendance"", ""value"": 45.3, ""contribution"": 0.1174, ""direction"": ""increases_risk""}, {""feature"": ""assignment_completion"", ""label"": ""Assignment Completion"", ""value"": 53.3, ""contribution"": 0.0774, ""direction"": ""increases_risk""}, {""feature"": ""engagement_score"", ""label"": ""Engagement"", ""value"": 55.3, ""contribution"": 0.0643, ""direction"": ""increases_risk""}, {""feature"": ""participation_score"", ""label"": ""Participation"", ""value"": 35.4, ""contribution"": 0.0502, ""direction"": ""increases_risk""}]"
ST1076,18,100.0,92.4,82.6,80.5,71.4,11.9,0,3,5,1,0,0.0288,Low,"[{""feature"": ""attendance"", ""label"": ""Attendance"", ""value"": 100.0, ""contribution"": -0.1118, ""direction"": ""decreases_risk""}, {""feature"": ""avg_grade"", ""label"": ""Average Grade"", ""value"": 92.4, ""contribution"": -0.1098, ""direction"": ""decreases_risk""}, {""feature"": ""engagement_score"", ""label"": ""Engagement"", ""value"": 80.5, ""contribution"": -0.0936, ""direction"": ""decreases_risk""}, {""feature"": ""assignment_completion"", ""label"": ""Assignment Completion"", ""value"": 82.6, ""contribution"": -0.0642, ""direction"": ""decreases_risk""}, {""feature"": ""participation_score"", ""label"": ""Participation"", ""value"": 71.4, ""contribution"": -0.0278, ""direction"": ""decreases_risk""}]"
ST1077,17,71.7,58.1,62.0,51.4,64.4,8.2,2,12,5,0,1,0.755,High,"[{""feature"": ""avg_grade"", ""label"": ""Average Grade"", ""value"": 58.1, ""contribution"": 0.1283, ""direction"": ""increases_risk""}, {""feature"": ""engagement_score"", ""label"": ""Engagement"", ""value"": 51.4, ""contribution"": 0.1193, ""direction"": ""increases_risk""}, {""feature"": ""assignment_completion"", ""label"": ""Assignment Completion"", ""value"": 62.0, ""contribution"": 0.073, ""direction"": ""increases_risk""}, {""feature"": ""attendance"", ""label"": ""Attendance"", ""value"": 71.7, ""contribution"": -0.0656, ""direction"": ""decreases_risk""}, {""feature"": ""participation_score"", ""label"": ""Participation"", ""value"": 64.4, ""contribution"": -0.0386, ""direction"": ""decreases_risk""}]"
ST1078,20,66.0,56.0,82.6,68.7,78.7,8.3,1,13,1,1,0,0.3066,Medium,"[{""feature"": ""engagement_score"", ""label"": ""Engagement"", ""value"": 68.7, ""contribution"": -0.1734, ""direction"": ""decreases_risk""}, {""feature"": ""avg_grade"", ""label"": ""Average Grade"", ""value"": 56.0, ""contribution"": 0.0995, ""direction"": ""increases_risk""}, {""feature"": ""assignment_completion"", ""label"": ""Assignment Completion"", ""value"": 82.6, ""contribution"": -0.0943, ""direction"": ""decreases_risk""}, {""feature"": ""participation_score"", ""label"": ""Participation"", ""value"": 78.7, ""contribution"": -0.0888, ""direction"": ""decreases_risk""}, {""feature"": ""attendance"", ""label"": ""Attendance"", ""value"": 66.0, ""contribution"": 0.076, ""direction"": ""increases_risk""}]"
ST1079,21,92.1,84.5,78.5,67.5,75.7,16.4,2,2,5,1,0,0.0645,Low,"[{""feature"": ""avg_grade"", ""label"": ""Average Grade"", ""value"": 84.5, ""contribution"": -0.1265, ""direction"": ""decreases_risk""}, {""feature"": ""attendance"", ""label"": ""Attendance"", ""value"": 92.1, ""contribution"": -0.1257, ""direction"": ""decreases_risk""}, {""feature"": ""assignment_completion"", ""label"": ""Assignment Completion"", ""value"": 78.5, ""contribution"": -0.0582, ""direction"": ""decreases_risk""}, {""feature"": ""participation_score"", ""label"": ""Participation"", ""value"": 75.7, ""contribution"": -0.0454, ""direction"": ""decreases_risk""}, {""feature"": ""absences"", ""label"": ""Absences"", ""value"": 2.0, ""contribution"": -0.0329, ""direction"": ""decreases_risk""}]"
ST1080,23,84.2,66.3,89.8,79.2,63.1,11.2,0,12,2,0,0,0.1212,Low,"[{""feature"": ""attendance"", ""label"": ""Attendance"", ""value"": 84.2, ""contribution"": -0.1276, ""direction"": ""decreases_risk""}, {""feature"": ""engagement_score"", ""label"": ""Engagement"", ""value"": 79.2, ""contribution"": -0.1187, ""direction"": ""decreases_risk""}, {""feature"": ""assignment_completion"", ""label"": ""Assignment Completion"", ""value"": 89.8, ""contribution"": -0.0653, ""direction"": ""decreases_risk""}, {""feature"": ""avg_grade"", ""label"": ""Average Grade"", ""value"": 66.3, ""contribution"": -0.043, ""direction"": ""decreases_risk""}, {""feature"": ""previous_failures"", ""label"": ""Previous Failures"", ""value"": 0.0, ""contribution"": -0.0315, ""direction"": ""decreases_risk""}]"
ST1081,19,59.7,44.5,73.3,52.9,62.8,5.8,3,17,5,0,1,0.899,High,"[{""feature"": ""avg_grade"", ""label"": ""Average Grade"", ""value"": 44.5, ""contribution"": 0.1491, ""direction"": ""increases_risk""}, {""feature"": ""attendance"", ""label"": ""Attendance"", ""value"": 59.7, ""contribution"": 0.1248, ""direction"": ""increases_risk""}, {""feature"": ""engagement_score"", ""label"": ""Engagement"", ""value"": 52.9, ""contribution"": 0.0851, ""direction"": ""increases_risk""}, {""feature"": ""absences"", ""label"": ""Absences"", ""value"": 17.0, ""contribution"": 0.0394, ""direction"": ""increases_risk""}, {""feature"": ""participation_score"", ""label"": ""Participation"", ""value"": 62.8, ""contribution"": -0.0382, ""direction"": ""decreases_risk""}]"
ST1082,17,71.3,73.6,79.8,84.7,52.6,16.5,1,8,5,0,0,0.1018,Low,"[{""feature"": ""engagement_score"", ""label"": ""Engagement"", ""value"": 84.7, ""contribution"": -0.1352, ""direction"": ""decreases_risk""}, {""feature"": ""avg_grade"", ""label"": ""Average Grade"", ""value"": 73.6, ""contribution"": -0.1114, ""direction"": ""decreases_risk""}, {""feature"": ""assignment_completion"", ""label"": ""Assignment Completion"", ""value"": 79.8, ""contribution"": -0.0648, ""direction"": ""decreases_risk""}, {""feature"": ""participation_score"", ""label"": ""Participation"", ""value"": 52.6, ""contribution"": 0.0529, ""direction"": ""increases_risk""}, {""feature"": ""absences"", ""label"": ""Absences"", ""value"": 8.0, ""contribution"": -0.0473, ""direction"": ""decreases_risk""}]"
ST1083,22,100.0,100.0,100.0,100.0,100.0,16.3,0,0,1,1,0,0.0973,Low,"[{""feature"": ""attendance"", ""label"": ""Attendance"", ""value"": 100.0, ""contribution"": -0.107, ""direction"": ""decreases_risk""}, {""feature"": ""avg_grade"", ""label"": ""Average Grade"", ""value"": 100.0, ""contribution"": -0.0934, ""direction"": ""decreases_risk""}, {""feature"": ""engagement_score"", ""label"": ""Engagement"", ""value"": 100.0, ""contribution"": -0.0827, ""direction"": ""decreases_risk""}, {""feature"": ""assignment_completion"", ""label"": ""Assignment Completion"", ""value"": 100.0, ""contribution"": -0.0685, ""direction"": ""decreases_risk""}, {""feature"": ""absences"", ""label"": ""Absences"", ""value"": 0.0, ""contribution"": -0.0317, ""direction"": ""decreases_risk""}]"
ST1084,21,68.6,72.5,89.6,68.7,95.1,9.0,2,13,2,0,0,0.2688,Low,"[{""feature"": ""engagement_score"", ""label"": ""Engagement"", ""value"": 68.7, ""contribution"": -0.1245, ""direction"": ""decreases_risk""}, {""feature"": ""avg_grade"", ""label"": ""Average Grade"", ""value"": 72.5, ""contribution"": -0.1077, ""direction"": ""decreases_risk""}, {""feature"": ""attendance"", ""label"": ""Attendance"", ""value"": 68.6, ""contribution"": 0.0944, ""direction"": ""increases_risk""}, {""feature"": ""assignment_completion"", ""label"": ""Assignment Completion"", ""value"": 89.6, ""contribution"": -0.0869, ""direction"": ""decreases_risk""}, {""feature"": ""participation_score"", ""label"": ""Participation"", ""value"": 95.1, ""contribution"": -0.0739, ""direction"": ""decreases_risk""}]"
ST1085,21,100.0,100.0,93.3,77.5,50.9,13.0,0,0,2,1,0,0.0331,Low,"[{""feature"": ""attendance"", ""label"": ""Attendance"", ""value"": 100.0, ""contribution"": -0.1299, ""direction"": ""decreases_risk""}, {""feature"": ""avg_grade"", ""label"": ""Average Grade"", ""value"": 100.0, ""contribution"": -0.1294, ""direction"": ""decreases_risk""}, {""feature"": ""engagement_score"", ""label"": ""Engagement"", ""value"": 77.5, ""contribution"": -0.0949, ""direction"": ""decreases_risk""}, {""feature"": ""assignment_completion"", ""label"": ""Assignment Completion"", ""value"": 93.3, ""contribution"": -0.0774, ""direction"": ""decreases_risk""}, {""feature"": ""participation_score"", ""label"": ""Participation"", ""value"": 50.9, ""contribution"": 0.0508, ""direction"": ""increases_risk""}]"
ST1086,16,93.4,81.1,96.9,75.3,71.7,12.5,2,0,2,0,0,0.0292,Low,"[{""feature"": ""attendance"", ""label"": ""Attendance"", ""value"": 93.4, ""contribution"": -0.1382, ""direction"": ""decreases_risk""}, {""feature"": ""avg_grade"", ""label"": ""Average Grade"", ""value"": 81.1, ""contribution"": -0.1175, ""direction"": ""decreases_risk""}, {""feature"": ""assignment_completion"", ""label"": ""Assignment Completion"", ""value"": 96.9, ""contribution"": -0.0807, ""direction"": ""decreases_risk""}, {""feature"": ""engagement_score"", ""label"": ""Engagement"", ""value"": 75.3, ""contribution"": -0.0727, ""direction"": ""decreases_risk""}, {""feature"": ""participation_score"", ""label"": ""Participation"", ""value"": 71.7, ""contribution"": -0.0372, ""direction"": ""decreases_risk""}]"
ST1087,18,82.1,71.6,75.3,61.6,61.2,8.7,0,8,3,1,0,0.0703,Low,"[{""feature"": ""attendance"", ""label"": ""Attendance"", ""value"": 82.1, ""contribution"": -0.1742, ""direction"": ""decreases_risk""}, {""feature"": ""avg_grade"", ""label"": ""Average Grade"", ""value"": 71.6, ""contribution"": -0.0984, ""direction"": ""decreases_risk""}, {""feature"": ""absences"", ""label"": ""Absences"", ""value"": 8.0, ""contribution"": -0.0534, ""direction"": ""decreases_risk""}, {""feature"": ""previous_failures"", ""label"": ""Previous Failures"", ""value"": 0.0, ""contribution"": -0.0459, ""direction"": ""decreases_risk""}, {""feature"": ""assignment_completion"", ""label"": ""Assignment Completion"", ""value"": 75.3, ""contribution"": -0.04, ""direction"": ""decreases_risk""}]"
ST1088,22,100.0,100.0,100.0,100.0,89.0,19.5,0,0,3,1,0,0.0004,Low,"[{""feature"": ""attendance"", ""label"": ""Attendance"", ""value"": 100.0, ""contribution"": -0.1115, ""direction"": ""decreases_risk""}, {""feature"": ""avg_grade"", ""label"": ""Average Grade"", ""value"": 100.0, ""contribution"": -0.109, ""direction"": ""decreases_risk""}, {""feature"": ""engagement_score"", ""label"": ""Engagement"", ""value"": 100.0, ""contribution"": -0.0944, ""direction"": ""decreases_risk""}, {""feature"": ""assignment_completion"", ""label"": ""Assignment Completion"", ""value"": 100.0, ""contribution"": -0.0727, ""direction"": ""decreases_risk""}, {""feature"": ""participation_score"", ""label"": ""Participation"", ""value"": 89.0, ""contribution"": -0.0391, ""direction"": ""decreases_risk""}]"
ST1089,22,100.0,100.0,100.0,100.0,86.0,18.8,0,2,4,0,0,0.0038,Low,"[{""feature"": ""attendance"", ""label"": ""Attendance"", ""value"": 100.0, ""contribution"": -0.1125, ""direction"": ""decreases_risk""}, {""feature"": ""avg_grade"", ""label"": ""Average Grade"", ""value"": 100.0, ""contribution"": -0.1099, ""direction"": ""decreases_risk""}, {""feature"": ""engagement_score"", ""label"": ""Engagement"", ""value"": 100.0, ""contribution"": -0.0943, ""direction"": ""decreases_risk""}, {""feature"": ""assignment_completion"", ""label"": ""Assignment Completion"", ""value"": 100.0, ""contribution"": -0.0724, ""direction"": ""decreases_risk""}, {""feature"": ""participation_score"", ""label"": ""Participation"", ""value"": 86.0, ""contribution"": -0.0396, ""direction"": ""decreases_risk""}]"
ST1090,19,75.4,67.4,75.7,76.1,70.2,7.5,3,10,4,0,0,0.1537,Low,"[{""feature"": ""attendance"", ""label"": ""Attendance"", ""value"": 75.4, ""contribution"": -0.1207, ""direction"": ""decreases_risk""}, {""feature"": ""engagement_score"", ""label"": ""Engagement"", ""value"": 76.1, ""contribution"": -0.1144, ""direction"": ""decreases_risk""}, {""feature"": ""avg_grade"", ""label"": ""Average Grade"", ""value"": 67.4, ""contribution"": -0.0774, ""direction"": ""decreases_risk""}, {""feature"": ""participation_score"", ""label"": ""Participation"", ""value"": 70.2, ""contribution"": -0.0362, ""direction"": ""decreases_risk""}, {""feature"": ""previous_failures"", ""label"": ""Previous Failures"", ""value"": 3.0, ""contribution"": 0.0328, ""direction"": ""increases_risk""}]"
ST1091,22,84.1,97.9,100.0,85.2,74.1,17.0,0,4,2,1,0,0.0082,Low,"[{""feature"": ""avg_grade"", ""label"": ""Average Grade"", ""value"": 97.9, ""contribution"": -0.1092, ""direction"": ""decreases_risk""}, {""feature"": ""attendance"", ""label"": ""Attendance"", ""value"": 84.1, ""contribution"": -0.1003, ""direction"": ""decreases_risk""}, {""feature"": ""engagement_score"", ""label"": ""Engagement"", ""value"": 85.2, ""contribution"": -0.0942, ""direction"": ""decreases_risk""}, {""feature"": ""assignment_completion"", ""label"": ""Assignment Completion"", ""value"": 100.0, ""contribution"": -0.0708, ""direction"": ""decreases_risk""}, {""feature"": ""participation_score"", ""label"": ""Participation"", ""value"": 74.1, ""contribution"": -0.0436, ""direction"": ""decreases_risk""}]"
ST1092,22,100.0,100.0,100.0,100.0,93.9,23.4,0,2,1,0,0,0.03,Low,"[{""feature"": ""attendance"", ""label"": ""Attendance"", ""value"": 100.0, ""contribution"": -0.1149, ""direction"": ""decreases_risk""}, {""feature"": ""avg_grade"", ""label"": ""Average Grade"", ""value"": 100.0, ""contribution"": -0.1058, ""direction"": ""decreases_risk""}, {""feature"": ""engagement_score"", ""label"": ""Engagement"", ""value"": 100.0, ""contribution"": -0.0907, ""direction"": ""decreases_risk""}, {""feature"": ""assignment_completion"", ""label"": ""Assignment Completion"", ""value"": 100.0, ""contribution"": -0.0708, ""direction"": ""decreases_risk""}, {""feature"": ""participation_score"", ""label"": ""Participation"", ""value"": 93.9, ""contribution"": -0.0421, ""direction"": ""decreases_risk""}]"
ST1093,19,71.7,65.4,54.3,53.0,55.1,11.7,3,8,4,1,0,0.5164,Medium,"[{""feature"": ""assignment_completion"", ""label"": ""Assignment Completion"", ""value"": 54.3, ""contribution"": 0.1034, ""direction"": ""increases_risk""}, {""feature"": ""engagement_score"", ""label"": ""Engagement"", ""value"": 53.0, ""contribution"": 0.0929, ""direction"": ""increases_risk""}, {""feature"": ""avg_grade"", ""label"": ""Average Grade"", ""value"": 65.4, ""contribution"": -0.0809, ""direction"": ""decreases_risk""}, {""feature"": ""attendance"", ""label"": ""Attendance"", ""value"": 71.7, ""contribution"": -0.0746, ""direction"": ""decreases_risk""}, {""feature"": ""absences"", ""label"": ""Absences"", ""value"": 8.0, ""contribution"": -0.0556, ""direction"": ""decreases_risk""}]"
ST1094,23,68.0,67.8,63.1,60.2,69.8,10.2,0,10,1,1,0,0.3794,Medium,"[{""feature"": ""avg_grade"", ""label"": ""Average Grade"", ""value"": 67.8, ""contribution"": -0.1121, ""direction"": ""decreases_risk""}, {""feature"": ""previous_failures"", ""label"": ""Previous Failures"", ""value"": 0.0, ""contribution"": -0.1029, ""direction"": ""decreases_risk""}, {""feature"": ""attendance"", ""label"": ""Attendance"", ""value"": 68.0, ""contribution"": 0.0717, ""direction"": ""increases_risk""}, {""feature"": ""participation_score"", ""label"": ""Participation"", ""value"": 69.8, ""contribution"": -0.0656, ""direction"": ""decreases_risk""}, {""feature"": ""assignment_completion"", ""label"": ""Assignment Completion"", ""value"": 63.1, ""contribution"": 0.0515, ""direction"": ""increases_risk""}]"
ST1095,18,85.3,71.9,96.1,86.9,65.0,15.1,1,4,1,0,0,0.068,Low,"[{""feature"": ""attendance"", ""label"": ""Attendance"", ""value"": 85.3, ""contribution"": -0.1144, ""direction"": ""decreases_risk""}, {""feature"": ""engagement_score"", ""label"": ""Engagement"", ""value"": 86.9, ""contribution"": -0.1139, ""direction"": ""decreases_risk""}, {""feature"": ""avg_grade"", ""label"": ""Average Grade"", ""value"": 71.9, ""contribution"": -0.0687, ""direction"": ""decreases_risk""}, {""feature"": ""assignment_completion"", ""label"": ""Assignment Completion"", ""value"": 96.1, ""contribution"": -0.0645, ""direction"": ""decreases_risk""}, {""feature"": ""absences"", ""label"": ""Absences"", ""value"": 4.0, ""contribution"": -0.0266, ""direction"": ""decreases_risk""}]"
ST1096,17,91.0,100.0,100.0,91.3,68.3,16.2,0,7,4,1,0,0.0098,Low,"[{""feature"": ""avg_grade"", ""label"": ""Average Grade"", ""value"": 100.0, ""contribution"": -0.1082, ""direction"": ""decreases_risk""}, {""feature"": ""attendance"", ""label"": ""Attendance"", ""value"": 91.0, ""contribution"": -0.1081, ""direction"": ""decreases_risk""}, {""feature"": ""engagement_score"", ""label"": ""Engagement"", ""value"": 91.3, ""contribution"": -0.0978, ""direction"": ""decreases_risk""}, {""feature"": ""assignment_completion"", ""label"": ""Assignment Completion"", ""value"": 100.0, ""contribution"": -0.0708, ""direction"": ""decreases_risk""}, {""feature"": ""absences"", ""label"": ""Absences"", ""value"": 7.0, ""contribution"": -0.0307, ""direction"": ""decreases_risk""}]"
ST1097,21,53.4,65.1,66.5,57.8,78.2,8.2,2,15,2,1,0,0.7922,High,"[{""feature"": ""attendance"", ""label"": ""Attendance"", ""value"": 53.4, ""contribution"": 0.1724, ""direction"": ""increases_risk""}, {""feature"": ""engagement_score"", ""label"": ""Engagement"", ""value"": 57.8, ""contribution"": 0.0761, ""direction"": ""increases_risk""}, {""feature"": ""assignment_completion"", ""label"": ""Assignment Completion"", ""value"": 66.5, ""contribution"": 0.0622, ""direction"": ""increases_risk""}, {""feature"": ""participation_score"", ""label"": ""Participation"", ""value"": 78.2, ""contribution"": -0.0602, ""direction"": ""decreases_risk""}, {""feature"": ""absences"", ""label"": ""Absences"", ""value"": 15.0, ""contribution"": 0.0384, ""direction"": ""increases_risk""}]"
ST1098,21,55.3,56.1,66.3,51.9,56.0,12.6,1,20,1,0,1,0.8762,High,"[{""feature"": ""attendance"", ""label"": ""Attendance"", ""value"": 55.3, ""contribution"": 0.1117, ""direction"": ""increases_risk""}, {""feature"": ""engagement_score"", ""label"": ""Engagement"", ""value"": 51.9, ""contribution"": 0.0972, ""direction"": ""increases_risk""}, {""feature"": ""avg_grade"", ""label"": ""Average Grade"", ""value"": 56.1, ""contribution"": 0.0682, ""direction"": ""increases_risk""}, {""feature"": ""assignment_completion"", ""label"": ""Assignment Completion"", ""value"": 66.3, ""contribution"": 0.0436, ""direction"": ""increases_risk""}, {""feature"": ""absences"", ""label"": ""Absences"", ""value"": 20.0, ""contribution"": 0.0377, ""direction"": ""increases_risk""}]"
ST1099,17,41.7,28.4,44.7,16.3,33.1,0.0,3,26,2,1,1,0.9996,High,"[{""feature"": ""attendance"", ""label"": ""Attendance"", ""value"": 41.7, ""contribution"": 0.1146, ""direction"": ""increases_risk""}, {""feature"": ""avg_grade"", ""label"": ""Average Grade"", ""value"": 28.4, ""contribution"": 0.1126, ""direction"": ""increases_risk""}, {""feature"": ""engagement_score"", ""label"": ""Engagement"", ""value"": 16.3, ""contribution"": 0.0931, ""direction"": ""increases_risk""}, {""feature"": ""assignment_completion"", ""label"": ""Assignment Completion"", ""value"": 44.7, ""contribution"": 0.0754, ""direction"": ""increases_risk""}, {""feature"": ""participation_score"", ""label"": ""Participation"", ""value"": 33.1, ""contribution"": 0.0429, ""direction"": ""increases_risk""}]"
ST1100,22,86.7,52.8,73.0,67.3,57.7,11.7,1,2,3,0,0,0.3309,Medium,"[{""feature"": ""attendance"", ""label"": ""Attendance"", ""value"": 86.7, ""contribution"": -0.1803, ""direction"": ""decreases_risk""}, {""feature"": ""avg_grade"", ""label"": ""Average Grade"", ""value"": 52.8, ""contribution"": 0.1592, ""direction"": ""increases_risk""}, {""feature"": ""absences"", ""label"": ""Absences"", ""value"": 2.0, ""contribution"": -0.0626, ""direction"": ""decreases_risk""}, {""feature"": ""engagement_score"", ""label"": ""Engagement"", ""value"": 67.3, ""contribution"": -0.0611, ""direction"": ""decreases_risk""}, {""feature"": ""participation_score"", ""label"": ""Participation"", ""value"": 57.7, ""contribution"": 0.0249, ""direction"": ""increases_risk""}]"
ST1101,17,83.8,56.6,71.6,70.7,68.6,7.8,1,0,5,1,1,0.518,Medium,"[{""feature"": ""avg_grade"", ""label"": ""Average Grade"", ""value"": 56.6, ""contribution"": 0.1471, ""direction"": ""increases_risk""}, {""feature"": ""attendance"", ""label"": ""Attendance"", ""value"": 83.8, ""contribution"": -0.087, ""direction"": ""decreases_risk""}, {""feature"": ""engagement_score"", ""label"": ""Engagement"", ""value"": 70.7, ""contribution"": -0.0649, ""direction"": ""decreases_risk""}, {""feature"": ""assignment_completion"", ""label"": ""Assignment Completion"", ""value"": 71.6, ""contribution"": 0.0524, ""direction"": ""increases_risk""}, {""feature"": ""absences"", ""label"": ""Absences"", ""value"": 0.0, ""contribution"": -0.0222, ""direction"": ""decreases_risk""}]"
ST1102,22,66.4,81.3,70.6,63.9,89.8,15.0,0,15,5,0,0,0.3127,Medium,"[{""feature"": ""avg_grade"", ""label"": ""Average Grade"", ""value"": 81.3, ""contribution"": -0.1643, ""direction"": ""decreases_risk""}, {""feature"": ""attendance"", ""label"": ""Attendance"", ""value"": 66.4, ""contribution"": 0.0939, ""direction"": ""increases_risk""}, {""feature"": ""previous_failures"", ""label"": ""Previous Failures"", ""value"": 0.0, ""contribution"": -0.0661, ""direction"": ""decreases_risk""}, {""feature"": ""participation_score"", ""label"": ""Participation"", ""value"": 89.8, ""contribution"": -0.0654, ""direction"": ""decreases_risk""}, {""feature"": ""absences"", ""label"": ""Absences"", ""value"": 15.0, ""contribution"": 0.0414, ""direction"": ""increases_risk""}]"
ST1103,16,69.8,54.0,80.2,61.0,62.9,6.6,1,10,4,1,0,0.4202,Medium,"[{""feature"": ""assignment_completion"", ""label"": ""Assignment Completion"", ""value"": 80.2, ""contribution"": -0.1076, ""direction"": ""decreases_risk""}, {""feature"": ""avg_grade"", ""label"": ""Average Grade"", ""value"": 54.0, ""contribution"": 0.1017, ""direction"": ""increases_risk""}, {""feature"": ""participation_score"", ""label"": ""Participation"", ""value"": 62.9, ""contribution"": -0.051, ""direction"": ""decreases_risk""}, {""feature"": ""previous_failures"", ""label"": ""Previous Failures"", ""value"": 1.0, ""contribution"": -0.0417, ""direction"": ""decreases_risk""}, {""feature"": ""attendance"", ""label"": ""Attendance"", ""value"": 69.8, ""contribution"": 0.0204, ""direction"": ""increases_risk""}]"
ST1104,22,79.5,53.4,45.5,52.2,42.5,11.7,2,5,5,1,1,0.795,High,"[{""feature"": ""avg_grade"", ""label"": ""Average Grade"", ""value"": 53.4, ""contribution"": 0.1635, ""direction"": ""increases_risk""}, {""feature"": ""assignment_completion"", ""label"": ""Assignment Completion"", ""value"": 45.5, ""contribution"": 0.1305, ""direction"": ""increases_risk""}, {""feature"": ""attendance"", ""label"": ""Attendance"", ""value"": 79.5, ""contribution"": -0.1245, ""direction"": ""decreases_risk""}, {""feature"": ""engagement_score"", ""label"": ""Engagement"", ""value"": 52.2, ""contribution"": 0.1089, ""direction"": ""increases_risk""}, {""feature"": ""participation_score"", ""label"": ""Participation"", ""value"": 42.5, ""contribution"": 0.0656, ""direction"": ""increases_risk""}]"
ST1105,22,51.4,49.8,63.9,46.7,35.3,6.6,2,15,3,0,1,0.9901,High,"[{""feature"": ""attendance"", ""label"": ""Attendance"", ""value"": 51.4, ""contribution"": 0.1189, ""direction"": ""increases_risk""}, {""feature"": ""avg_grade"", ""label"": ""Average Grade"", ""value"": 49.8, ""contribution"": 0.1152, ""direction"": ""increases_risk""}, {""feature"": ""engagement_score"", ""label"": ""Engagement"", ""value"": 46.7, ""contribution"": 0.0986, ""direction"": ""increases_risk""}, {""feature"": ""assignment_completion"", ""label"": ""Assignment Completion"", ""value"": 63.9, ""contribution"": 0.0567, ""direction"": ""increases_risk""}, {""feature"": ""participation_score"", ""label"": ""Participation"", ""value"": 35.3, ""contribution"": 0.0436, ""direction"": ""increases_risk""}]"
ST1106,22,88.3,77.7,85.2,93.6,70.9,18.9,2,3,3,0,0,0.0556,Low,"[{""feature"": ""attendance"", ""label"": ""Attendance"", ""value"": 88.3, ""contribution"": -0.1317, ""direction"": ""decreases_risk""}, {""feature"": ""engagement_score"", ""label"": ""Engagement"", ""value"": 93.6, ""contribution"": -0.0974, ""direction"": ""decreases_risk""}, {""feature"": ""avg_grade"", ""label"": ""Average Grade"", ""value"": 77.7, ""contribution"": -0.09, ""direction"": ""decreases_risk""}, {""feature"": ""assignment_completion"", ""label"": ""Assignment Completion"", ""value"": 85.2, ""contribution"": -0.0781, ""direction"": ""decreases_risk""}, {""feature"": ""participation_score"", ""label"": ""Participation"", ""value"": 70.9, ""contribution"": -0.0285, ""direction"": ""decreases_risk""}]"
ST1107,21,67.8,73.7,80.4,85.6,71.1,10.5,0,15,5,0,0,0.1038,Low,"[{""feature"": ""engagement_score"", ""label"": ""Engagement"", ""value"": 85.6, ""contribution"": -0.1704, ""direction"": ""decreases_risk""}, {""feature"": ""avg_grade"", ""label"": ""Average Grade"", ""value"": 73.7, ""contribution"": -0.1254, ""direction"": ""decreases_risk""}, {""feature"": ""attendance"", ""label"": ""Attendance"", ""value"": 67.8, ""contribution"": 0.0681, ""direction"": ""increases_risk""}, {""feature"": ""assignment_completion"", ""label"": ""Assignment Completion"", ""value"": 80.4, ""contribution"": -0.067, ""direction"": ""decreases_risk""}, {""feature"": ""participation_score"", ""label"": ""Participation"", ""value"": 71.1, ""contribution"": -0.0623, ""direction"": ""decreases_risk""}]"
ST1108,19,89.0,87.2,100.0,87.6,55.8,9.7,1,4,2,0,0,0.056,Low,"[{""feature"": ""attendance"", ""label"": ""Attendance"", ""value"": 89.0, ""contribution"": -0.1342, ""direction"": ""decreases_risk""}, {""feature"": ""avg_grade"", ""label"": ""Average Grade"", ""value"": 87.2, ""contribution"": -0.1279, ""direction"": ""decreases_risk""}, {""feature"": ""engagement_score"", ""label"": ""Engagement"", ""value"": 87.6, ""contribution"": -0.1104, ""direction"": ""decreases_risk""}, {""feature"": ""assignment_completion"", ""label"": ""Assignment Completion"", ""value"": 100.0, ""contribution"": -0.0817, ""direction"": ""decreases_risk""}, {""feature"": ""participation_score"", ""label"": ""Participation"", ""value"": 55.8, ""contribution"": 0.0531, ""direction"": ""increases_risk""}]"
ST1109,21,54.2,46.5,56.2,73.1,65.9,6.6,1,20,5,0,0,0.5139,Medium,"[{""feature"": ""engagement_score"", ""label"": ""Engagement"", ""value"": 73.1, ""contribution"": -0.1932, ""direction"": ""decreases_risk""}, {""feature"": ""avg_grade"", ""label"": ""Average Grade"", ""value"": 46.5, ""contribution"": 0.1352, ""direction"": ""increases_risk""}, {""feature"": ""assignment_completion"", ""label"": ""Assignment Completion"", ""value"": 56.2, ""contribution"": 0.0858, ""direction"": ""increases_risk""}, {""feature"": ""attendance"", ""label"": ""Attendance"", ""value"": 54.2, ""contribution"": 0.0807, ""direction"": ""increases_risk""}, {""feature"": ""participation_score"", ""label"": ""Participation"", ""value"": 65.9, ""contribution"": -0.0621, ""direction"": ""decreases_risk""}]"
ST1110,18,52.8,37.0,45.7,34.0,35.1,1.1,2,18,5,1,1,0.9963,High,"[{""feature"": ""avg_grade"", ""label"": ""Average Grade"", ""value"": 37.0, ""contribution"": 0.1164, ""direction"": ""increases_risk""}, {""feature"": ""attendance"", ""label"": ""Attendance"", ""value"": 52.8, ""contribution"": 0.111, ""direction"": ""increases_risk""}, {""feature"": ""engagement_score"", ""label"": ""Engagement"", ""value"": 34.0, ""contribution"": 0.1001, ""direction"": ""increases_risk""}, {""feature"": ""assignment_completion"", ""label"": ""Assignment Completion"", ""value"": 45.7, ""contribution"": 0.0787, ""direction"": ""increases_risk""}, {""feature"": ""participation_score"", ""label"": ""Participation"", ""value"": 35.1, ""contribution"": 0.0481, ""direction"": ""increases_risk""}]"
ST1111,22,72.2,79.7,84.4,68.7,90.9,9.9,0,9,2,0,0,0.0719,Low,"[{""feature"": ""avg_grade"", ""label"": ""Average Grade"", ""value"": 79.7, ""contribution"": -0.1051, ""direction"": ""decreases_risk""}, {""feature"": ""engagement_score"", ""label"": ""Engagement"", ""value"": 68.7, ""contribution"": -0.0819, ""direction"": ""decreases_risk""}, {""feature"": ""assignment_completion"", ""label"": ""Assignment Completion"", ""value"": 84.4, ""contribution"": -0.0755, ""direction"": ""decreases_risk""}, {""feature"": ""participation_score"", ""label"": ""Participation"", ""value"": 90.9, ""contribution"": -0.0516, ""direction"": ""decreases_risk""}, {""feature"": ""attendance"", ""label"": ""Attendance"", ""value"": 72.2, ""contribution"": -0.0448, ""direction"": ""decreases_risk""}]"
ST1112,20,90.5,88.4,93.0,71.6,94.0,15.8,0,2,4,1,0,0.0261,Low,"[{""feature"": ""avg_grade"", ""label"": ""Average Grade"", ""value"": 88.4, ""contribution"": -0.113, ""direction"": ""decreases_risk""}, {""feature"": ""attendance"", ""label"": ""Attendance"", ""value"": 90.5, ""contribution"": -0.1075, ""direction"": ""decreases_risk""}, {""feature"": ""assignment_completion"", ""label"": ""Assignment Completion"", ""value"": 93.0, ""contribution"": -0.0704, ""direction"": ""decreases_risk""}, {""feature"": ""engagement_score"", ""label"": ""Engagement"", ""value"": 71.6, ""contribution"": -0.0622, ""direction"": ""decreases_risk""}, {""feature"": ""participation_score"", ""label"": ""Participation"", ""value"": 94.0, ""contribution"": -0.0415, ""direction"": ""decreases_risk""}]"
ST1113,19,81.6,77.4,71.6,62.7,60.9,10.6,0,8,4,0,0,0.0886,Low,"[{""feature"": ""attendance"", ""label"": ""Attendance"", ""value"": 81.6, ""contribution"": -0.1601, ""direction"": ""decreases_risk""}, {""feature"": ""avg_grade"", ""label"": ""Average Grade"", ""value"": 77.4, ""contribution"": -0.1246, ""direction"": ""decreases_risk""}, {""feature"": ""absences"", ""label"": ""Absences"", ""value"": 8.0, ""contribution"": -0.0541, ""direction"": ""decreases_risk""}, {""feature"": ""previous_failures"", ""label"": ""Previous Failures"", ""value"": 0.0, ""contribution"": -0.0519, ""direction"": ""decreases_risk""}, {""feature"": ""participation_score"", ""label"": ""Participation"", ""value"": 60.9, ""contribution"": -0.0235, ""direction"": ""decreases_risk""}]"
ST1114,20,75.4,70.2,67.4,50.5,76.3,11.7,1,11,4,1,0,0.2876,Low,"[{""feature"": ""attendance"", ""label"": ""Attendance"", ""value"": 75.4, ""contribution"": -0.1654, ""direction"": ""decreases_risk""}, {""feature"": ""avg_grade"", ""label"": ""Average Grade"", ""value"": 70.2, ""contribution"": -0.1294, ""direction"": ""decreases_risk""}, {""feature"": ""engagement_score"", ""label"": ""Engagement"", ""value"": 50.5, ""contribution"": 0.1241, ""direction"": ""increases_risk""}, {""feature"": ""participation_score"", ""label"": ""Participation"", ""value"": 76.3, ""contribution"": -0.0815, ""direction"": ""decreases_risk""}, {""feature"": ""assignment_completion"", ""label"": ""Assignment Completion"", ""value"": 67.4, ""contribution"": 0.0608, ""direction"": ""increases_risk""}]"
ST1115,20,50.6,60.2,51.6,50.6,41.1,6.6,4,20,2,1,1,0.9703,High,"[{""feature"": ""attendance"", ""label"": ""Attendance"", ""value"": 50.6, ""contribution"": 0.1158, ""direction"": ""increases_risk""}, {""feature"": ""engagement_score"", ""label"": ""Engagement"", ""value"": 50.6, ""contribution"": 0.0918, ""direction"": ""increases_risk""}, {""feature"": ""assignment_completion"", ""label"": ""Assignment Completion"", ""value"": 51.6, ""contribution"": 0.0758, ""direction"": ""increases_risk""}, {""feature"": ""avg_grade"", ""label"": ""Average Grade"", ""value"": 60.2, ""contribution"": 0.0721, ""direction"": ""increases_risk""}, {""feature"": ""participation_score"", ""label"": ""Participation"", ""value"": 41.1, ""contribution"": 0.0483, ""direction"": ""increases_risk""}]"
ST1116,16,99.1,100.0,100.0,100.0,100.0,20.3,0,0,5,1,0,0.0046,Low,"[{""feature"": ""avg_grade"", ""label"": ""Average Grade"", ""value"": 100.0, ""contribution"": -0.1091, ""direction"": ""decreases_risk""}, {""feature"": ""attendance"", ""label"": ""Attendance"", ""value"": 99.1, ""contribution"": -0.1073, ""direction"": ""decreases_risk""}, {""feature"": ""engagement_score"", ""label"": ""Engagement"", ""value"": 100.0, ""contribution"": -0.0934, ""direction"": ""decreases_risk""}, {""feature"": ""assignment_completion"", ""label"": ""Assignment Completion"", ""value"": 100.0, ""contribution"": -0.0722, ""direction"": ""decreases_risk""}, {""feature"": ""participation_score"", ""label"": ""Participation"", ""value"": 100.0, ""contribution"": -0.0333, ""direction"": ""decreases_risk""}]"
ST1117,17,90.5,100.0,95.6,94.7,74.1,20.7,0,4,3,0,0,0.0022,Low,"[{""feature"": ""attendance"", ""label"": ""Attendance"", ""value"": 90.5, ""contribution"": -0.1147, ""direction"": ""decreases_risk""}, {""feature"": ""avg_grade"", ""label"": ""Average Grade"", ""value"": 100.0, ""contribution"": -0.112, ""direction"": ""decreases_risk""}, {""feature"": ""engagement_score"", ""label"": ""Engagement"", ""value"": 94.7, ""contribution"": -0.0939, ""direction"": ""decreases_risk""}, {""feature"": ""assignment_completion"", ""label"": ""Assignment Completion"", ""value"": 95.6, ""contribution"": -0.0699, ""direction"": ""decreases_risk""}, {""feature"": ""participation_score"", ""label"": ""Participation"", ""value"": 74.1, ""contribution"": -0.0412, ""direction"": ""decreases_risk""}]"
ST1118,17,86.8,76.8,98.0,87.3,67.0,13.3,0,6,1,1,0,0.0408,Low,"[{""feature"": ""attendance"", ""label"": ""Attendance"", ""value"": 86.8, ""contribution"": -0.109, ""direction"": ""decreases_risk""}, {""feature"": ""engagement_score"", ""label"": ""Engagement"", ""value"": 87.3, ""contribution"": -0.1079, ""direction"": ""decreases_risk""}, {""feature"": ""avg_grade"", ""label"": ""Average Grade"", ""value"": 76.8, ""contribution"": -0.0811, ""direction"": ""decreases_risk""}, {""feature"": ""assignment_completion"", ""label"": ""Assignment Completion"", ""value"": 98.0, ""contribution"": -0.0665, ""direction"": ""decreases_risk""}, {""feature"": ""absences"", ""label"": ""Absences"", ""value"": 6.0, ""contribution"": -0.0336, ""direction"": ""decreases_risk""}]"
ST1119,16,100.0,100.0,100.0,100.0,97.3,18.5,0,0,1,1,0,0.0137,Low,"[{""feature"": ""attendance"", ""label"": ""Attendance"", ""value"": 100.0, ""contribution"": -0.1124, ""direction"": ""decreases_risk""}, {""feature"": ""avg_grade"", ""label"": ""Average Grade"", ""value"": 100.0, ""contribution"": -0.1051, ""direction"": ""decreases_risk""}, {""feature"": ""engagement_score"", ""label"": ""Engagement"", ""value"": 100.0, ""contribution"": -0.092, ""direction"": ""decreases_risk""}, {""feature"": ""assignment_completion"", ""label"": ""Assignment Completion"", ""value"": 100.0, ""contribution"": -0.0737, ""direction"": ""decreases_risk""}, {""feature"": ""participation_score"", ""label"": ""Participation"", ""value"": 97.3, ""contribution"": -0.0404, ""direction"": ""decreases_risk""}]"
ST1120,19,99.4,85.4,92.1,93.6,76.4,18.7,1,0,4,0,0,0.0035,Low,"[{""feature"": ""attendance"", ""label"": ""Attendance"", ""value"": 99.4, ""contribution"": -0.1172, ""direction"": ""decreases_risk""}, {""feature"": ""avg_grade"", ""label"": ""Average Grade"", ""value"": 85.4, ""contribution"": -0.111, ""direction"": ""decreases_risk""}, {""feature"": ""engagement_score"", ""label"": ""Engagement"", ""value"": 93.6, ""contribution"": -0.0954, ""direction"": ""decreases_risk""}, {""feature"": ""assignment_completion"", ""label"": ""Assignment Completion"", ""value"": 92.1, ""contribution"": -0.0821, ""direction"": ""decreases_risk""}, {""feature"": ""participation_score"", ""label"": ""Participation"", ""value"": 76.4, ""contribution"": -0.0405, ""direction"": ""decreases_risk""}]"
ST1121,21,90.4,100.0,100.0,95.6,77.2,15.5,0,1,3,0,0,0.0021,Low,"[{""feature"": ""attendance"", ""label"": ""Attendance"", ""value"": 90.4, ""contribution"": -0.1184, ""direction"": ""decreases_risk""}, {""feature"": ""avg_grade"", ""label"": ""Average Grade"", ""value"": 100.0, ""contribution"": -0.1052, ""direction"": ""decreases_risk""}, {""feature"": ""engagement_score"", ""label"": ""Engagement"", ""value"": 95.6, ""contribution"": -0.0925, ""direction"": ""decreases_risk""}, {""feature"": ""assignment_completion"", ""label"": ""Assignment Completion"", ""value"": 100.0, ""contribution"": -0.0717, ""direction"": ""decreases_risk""}, {""feature"": ""participation_score"", ""label"": ""Participation"", ""value"": 77.2, ""contribution"": -0.0401, ""direction"": ""decreases_risk""}]"
ST1122,21,71.9,79.0,79.9,66.4,81.3,19.0,1,9,1,1,0,0.1508,Low,"[{""feature"": ""avg_grade"", ""label"": ""Average Grade"", ""value"": 79.0, ""contribution"": -0.1156, ""direction"": ""decreases_risk""}, {""feature"": ""assignment_completion"", ""label"": ""Assignment Completion"", ""value"": 79.9, ""contribution"": -0.0674, ""direction"": ""decreases_risk""}, {""feature"": ""attendance"", ""label"": ""Attendance"", ""value"": 71.9, ""contribution"": -0.0484, ""direction"": ""decreases_risk""}, {""feature"": ""participation_score"", ""label"": ""Participation"", ""value"": 81.3, ""contribution"": -0.0484, ""direction"": ""decreases_risk""}, {""feature"": ""absences"", ""label"": ""Absences"", ""value"": 9.0, ""contribution"": -0.0415, ""direction"": ""decreases_risk""}]"
ST1123,19,53.0,42.3,53.9,43.2,43.8,5.4,4,18,3,0,1,0.9937,High,"[{""feature"": ""avg_grade"", ""label"": ""Average Grade"", ""value"": 42.3, ""contribution"": 0.1115, ""direction"": ""increases_risk""}, {""feature"": ""attendance"", ""label"": ""Attendance"", ""value"": 53.0, ""contribution"": 0.1104, ""direction"": ""increases_risk""}, {""feature"": ""engagement_score"", ""label"": ""Engagement"", ""value"": 43.2, ""contribution"": 0.0931, ""direction"": ""increases_risk""}, {""feature"": ""assignment_completion"", ""label"": ""Assignment Completion"", ""value"": 53.9, ""contribution"": 0.0726, ""direction"": ""increases_risk""}, {""feature"": ""participation_score"", ""label"": ""Participation"", ""value"": 43.8, ""contribution"": 0.0417, ""direction"": ""increases_risk""}]"
ST1124,22,92.1,73.9,97.4,52.1,90.5,15.6,1,7,3,0,1,0.3944,Medium,"[{""feature"": ""engagement_score"", ""label"": ""Engagement"", ""value"": 52.1, ""contribution"": 0.1874, ""direction"": ""increases_risk""}, {""feature"": ""attendance"", ""label"": ""Attendance"", ""value"": 92.1, ""contribution"": -0.1394, ""direction"": ""decreases_risk""}, {""feature"": ""assignment_completion"", ""label"": ""Assignment Completion"", ""value"": 97.4, ""contribution"": -0.0429, ""direction"": ""decreases_risk""}, {""feature"": ""avg_grade"", ""label"": ""Average Grade"", ""value"": 73.9, ""contribution"": -0.0353, ""direction"": ""decreases_risk""}, {""feature"": ""participation_score"", ""label"": ""Participation"", ""value"": 90.5, ""contribution"": -0.0291, ""direction"": ""decreases_risk""}]"
ST1125,20,100.0,98.0,92.6,79.2,67.9,19.9,0,0,1,1,0,0.025,Low,"[{""feature"": ""avg_grade"", ""label"": ""Average Grade"", ""value"": 98.0, ""contribution"": -0.1189, ""direction"": ""decreases_risk""}, {""feature"": ""attendance"", ""label"": ""Attendance"", ""value"": 100.0, ""contribution"": -0.1137, ""direction"": ""decreases_risk""}, {""feature"": ""engagement_score"", ""label"": ""Engagement"", ""value"": 79.2, ""contribution"": -0.086, ""direction"": ""decreases_risk""}, {""feature"": ""assignment_completion"", ""label"": ""Assignment Completion"", ""value"": 92.6, ""contribution"": -0.0768, ""direction"": ""decreases_risk""}, {""feature"": ""absences"", ""label"": ""Absences"", ""value"": 0.0, ""contribution"": -0.028, ""direction"": ""decreases_risk""}]"
ST1126,16,77.9,81.3,74.9,64.5,86.6,10.7,1,6,2,1,0,0.0766,Low,"[{""feature"": ""attendance"", ""label"": ""Attendance"", ""value"": 77.9, ""contribution"": -0.1451, ""direction"": ""decreases_risk""}, {""feature"": ""avg_grade"", ""label"": ""Average Grade"", ""value"": 81.3, ""contribution"": -0.1435, ""direction"": ""decreases_risk""}, {""feature"": ""participation_score"", ""label"": ""Participation"", ""value"": 86.6, ""contribution"": -0.0508, ""direction"": ""decreases_risk""}, {""feature"": ""absences"", ""label"": ""Absences"", ""value"": 6.0, ""contribution"": -0.0505, ""direction"": ""decreases_risk""}, {""feature"": ""assignment_completion"", ""label"": ""Assignment Completion"", ""value"": 74.9, ""contribution"": -0.0255, ""direction"": ""decreases_risk""}]"
ST1127,22,64.7,52.7,61.7,51.0,42.1,5.0,2,11,3,1,1,0.984,High,"[{""feature"": ""avg_grade"", ""label"": ""Average Grade"", ""value"": 52.7, ""contribution"": 0.1206, ""direction"": ""increases_risk""}, {""feature"": ""attendance"", ""label"": ""Attendance"", ""value"": 64.7, ""contribution"": 0.108, ""direction"": ""increases_risk""}, {""feature"": ""engagement_score"", ""label"": ""Engagement"", ""value"": 51.0, ""contribution"": 0.1002, ""direction"": ""increases_risk""}, {""feature"": ""assignment_completion"", ""label"": ""Assignment Completion"", ""value"": 61.7, ""contribution"": 0.0702, ""direction"": ""increases_risk""}, {""feature"": ""participation_score"", ""label"": ""Participation"", ""value"": 42.1, ""contribution"": 0.0495, ""direction"": ""increases_risk""}]"
ST1128,20,85.1,89.0,96.1,78.8,81.7,18.6,0,8,4,1,0,0.0079,Low,"[{""feature"": ""avg_grade"", ""label"": ""Average Grade"", ""value"": 89.0, ""contribution"": -0.1138, ""direction"": ""decreases_risk""}, {""feature"": ""attendance"", ""label"": ""Attendance"", ""value"": 85.1, ""contribution"": -0.101, ""direction"": ""decreases_risk""}, {""feature"": ""engagement_score"", ""label"": ""Engagement"", ""value"": 78.8, ""contribution"": -0.0931, ""direction"": ""decreases_risk""}, {""feature"": ""assignment_completion"", ""label"": ""Assignment Completion"", ""value"": 96.1, ""contribution"": -0.0646, ""direction"": ""decreases_risk""}, {""feature"": ""participation_score"", ""label"": ""Participation"", ""value"": 81.7, ""contribution"": -0.0454, ""direction"": ""decreases_risk""}]"
ST1129,21,94.7,95.1,99.6,82.7,75.4,17.8,0,0,4,0,0,0.0002,Low,"[{""feature"": ""attendance"", ""label"": ""Attendance"", ""value"": 94.7, ""contribution"": -0.1147, ""direction"": ""decreases_risk""}, {""feature"": ""avg_grade"", ""label"": ""Average Grade"", ""value"": 95.1, ""contribution"": -0.1091, ""direction"": ""decreases_risk""}, {""feature"": ""engagement_score"", ""label"": ""Engagement"", ""value"": 82.7, ""contribution"": -0.0944, ""direction"": ""decreases_risk""}, {""feature"": ""assignment_completion"", ""label"": ""Assignment Completion"", ""value"": 99.6, ""contribution"": -0.0741, ""direction"": ""decreases_risk""}, {""feature"": ""participation_score"", ""label"": ""Participation"", ""value"": 75.4, ""contribution"": -0.04, ""direction"": ""decreases_risk""}]"
ST1130,20,69.3,62.8,90.8,47.3,56.4,5.3,0,9,1,0,1,0.6883,High,"[{""feature"": ""engagement_score"", ""label"": ""Engagement"", ""value"": 47.3, ""contribution"": 0.1435, ""direction"": ""increases_risk""}, {""feature"": ""attendance"", ""label"": ""Attendance"", ""value"": 69.3, ""contribution"": 0.0888, ""direction"": ""increases_risk""}, {""feature"": ""assignment_completion"", ""label"": ""Assignment Completion"", ""value"": 90.8, ""contribution"": -0.08, ""direction"": ""decreases_risk""}, {""feature"": ""participation_score"", ""label"": ""Participation"", ""value"": 56.4, ""contribution"": 0.0613, ""direction"": ""increases_risk""}, {""feature"": ""previous_failures"", ""label"": ""Previous Failures"", ""value"": 0.0, ""contribution"": -0.0532, ""direction"": ""decreases_risk""}]"
ST1131,20,77.8,65.2,86.6,74.8,79.9,9.6,1,4,4,1,0,0.091,Low,"[{""feature"": ""attendance"", ""label"": ""Attendance"", ""value"": 77.8, ""contribution"": -0.098, ""direction"": ""decreases_risk""}, {""feature"": ""assignment_completion"", ""label"": ""Assignment Completion"", ""value"": 86.6, ""contribution"": -0.0928, ""direction"": ""decreases_risk""}, {""feature"": ""participation_score"", ""label"": ""Participation"", ""value"": 79.9, ""contribution"": -0.078, ""direction"": ""decreases_risk""}, {""feature"": ""engagement_score"", ""label"": ""Engagement"", ""value"": 74.8, ""contribution"": -0.0691, ""direction"": ""decreases_risk""}, {""feature"": ""absences"", ""label"": ""Absences"", ""value"": 4.0, ""contribution"": -0.0313, ""direction"": ""decreases_risk""}]"
ST1132,16,70.3,54.0,45.0,61.4,75.4,1.5,2,12,5,1,0,0.7068,High,"[{""feature"": ""avg_grade"", ""label"": ""Average Grade"", ""value"": 54.0, ""contribution"": 0.1125, ""direction"": ""increases_risk""}, {""feature"": ""assignment_completion"", ""label"": ""Assignment Completion"", ""value"": 45.0, ""contribution"": 0.1117, ""direction"": ""increases_risk""}, {""feature"": ""participation_score"", ""label"": ""Participation"", ""value"": 75.4, ""contribution"": -0.0731, ""direction"": ""decreases_risk""}, {""feature"": ""engagement_score"", ""label"": ""Engagement"", ""value"": 61.4, ""contribution"": 0.0277, ""direction"": ""increases_risk""}, {""feature"": ""absences"", ""label"": ""Absences"", ""value"": 12.0, ""contribution"": 0.0271, ""direction"": ""increases_risk""}]"
ST1133,20,71.2,73.1,82.1,74.4,81.3,13.8,2,10,1,0,0,0.1199,Low,"[{""feature"": ""avg_grade"", ""label"": ""Average Grade"", ""value"": 73.1, ""contribution"": -0.1009, ""direction"": ""decreases_risk""}, {""feature"": ""engagement_score"", ""label"": ""Engagement"", ""value"": 74.4, ""contribution"": -0.1004, ""direction"": ""decreases_risk""}, {""feature"": ""assignment_completion"", ""label"": ""Assignment Completion"", ""value"": 82.1, ""contribution"": -0.0707, ""direction"": ""decreases_risk""}, {""feature"": ""participation_score"", ""label"": ""Participation"", ""value"": 81.3, ""contribution"": -0.0694, ""direction"": ""decreases_risk""}, {""feature"": ""attendance"", ""label"": ""Attendance"", ""value"": 71.2, ""contribution"": -0.0541, ""direction"": ""decreases_risk""}]"
ST1134,22,70.0,69.3,68.2,57.9,53.7,8.1,3,9,5,0,0,0.4274,Medium,"[{""feature"": ""avg_grade"", ""label"": ""Average Grade"", ""value"": 69.3, ""contribution"": -0.145, ""direction"": ""decreases_risk""}, {""feature"": ""absences"", ""label"": ""Absences"", ""value"": 9.0, ""contribution"": -0.0526, ""direction"": ""decreases_risk""}, {""feature"": ""engagement_score"", ""label"": ""Engagement"", ""value"": 57.9, ""contribution"": 0.0339, ""direction"": ""increases_risk""}, {""feature"": ""previous_failures"", ""label"": ""Previous Failures"", ""value"": 3.0, ""contribution"": 0.0333, ""direction"": ""increases_risk""}, {""feature"": ""assignment_completion"", ""label"": ""Assignment Completion"", ""value"": 68.2, ""contribution"": 0.031, ""direction"": ""increases_risk""}]"
ST1135,18,100.0,100.0,100.0,75.0,84.5,16.2,0,0,1,0,0,0.0496,Low,"[{""feature"": ""attendance"", ""label"": ""Attendance"", ""value"": 100.0, ""contribution"": -0.1154, ""direction"": ""decreases_risk""}, {""feature"": ""avg_grade"", ""label"": ""Average Grade"", ""value"": 100.0, ""contribution"": -0.1083, ""direction"": ""decreases_risk""}, {""feature"": ""assignment_completion"", ""label"": ""Assignment Completion"", ""value"": 100.0, ""contribution"": -0.074, ""direction"": ""decreases_risk""}, {""feature"": ""participation_score"", ""label"": ""Participation"", ""value"": 84.5, ""contribution"": -0.0489, ""direction"": ""decreases_risk""}, {""feature"": ""engagement_score"", ""label"": ""Engagement"", ""value"": 75.0, ""contribution"": -0.0458, ""direction"": ""decreases_risk""}]"
ST1136,20,52.0,74.5,77.4,64.3,59.6,7.0,1,20,4,0,0,0.5472,Medium,"[{""feature"": ""attendance"", ""label"": ""Attendance"", ""value"": 52.0, ""contribution"": 0.1711, ""direction"": ""increases_risk""}, {""feature"": ""avg_grade"", ""label"": ""Average Grade"", ""value"": 74.5, ""contribution"": -0.1269, ""direction"": ""decreases_risk""}, {""feature"": ""assignment_completion"", ""label"": ""Assignment Completion"", ""value"": 77.4, ""contribution"": -0.0701, ""direction"": ""decreases_risk""}, {""feature"": ""absences"", ""label"": ""Absences"", ""value"": 20.0, ""contribution"": 0.0667, ""direction"": ""increases_risk""}, {""feature"": ""previous_failures"", ""label"": ""Previous Failures"", ""value"": 1.0, ""contribution"": -0.0228, ""direction"": ""decreases_risk""}]"
ST1137,16,92.5,79.8,85.8,70.3,60.0,9.7,2,0,2,0,0,0.0714,Low,"[{""feature"": ""attendance"", ""label"": ""Attendance"", ""value"": 92.5, ""contribution"": -0.149, ""direction"": ""decreases_risk""}, {""feature"": ""avg_grade"", ""label"": ""Average Grade"", ""value"": 79.8, ""contribution"": -0.1102, ""direction"": ""decreases_risk""}, {""feature"": ""assignment_completion"", ""label"": ""Assignment Completion"", ""value"": 85.8, ""contribution"": -0.0874, ""direction"": ""decreases_risk""}, {""feature"": ""engagement_score"", ""label"": ""Engagement"", ""value"": 70.3, ""contribution"": -0.0616, ""direction"": ""decreases_risk""}, {""feature"": ""absences"", ""label"": ""Absences"", ""value"": 0.0, ""contribution"": -0.0386, ""direction"": ""decreases_risk""}]"
ST1138,18,72.5,96.6,96.6,89.1,72.4,16.0,0,7,4,1,0,0.0399,Low,"[{""feature"": ""avg_grade"", ""label"": ""Average Grade"", ""value"": 96.6, ""contribution"": -0.1098, ""direction"": ""decreases_risk""}, {""feature"": ""engagement_score"", ""label"": ""Engagement"", ""value"": 89.1, ""contribution"": -0.1081, ""direction"": ""decreases_risk""}, {""feature"": ""assignment_completion"", ""label"": ""Assignment Completion"", ""value"": 96.6, ""contribution"": -0.0749, ""direction"": ""decreases_risk""}, {""feature"": ""participation_score"", ""label"": ""Participation"", ""value"": 72.4, ""contribution"": -0.0399, ""direction"": ""decreases_risk""}, {""feature"": ""previous_failures"", ""label"": ""Previous Failures"", ""value"": 0.0, ""contribution"": -0.0333, ""direction"": ""decreases_risk""}]"
ST1139,19,100.0,95.0,100.0,99.6,85.1,17.0,0,4,5,1,0,0.0016,Low,"[{""feature"": ""avg_grade"", ""label"": ""Average Grade"", ""value"": 95.0, ""contribution"": -0.1098, ""direction"": ""decreases_risk""}, {""feature"": ""attendance"", ""label"": ""Attendance"", ""value"": 100.0, ""contribution"": -0.1049, ""direction"": ""decreases_risk""}, {""feature"": ""engagement_score"", ""label"": ""Engagement"", ""value"": 99.6, ""contribution"": -0.0963, ""direction"": ""decreases_risk""}, {""feature"": ""assignment_completion"", ""label"": ""Assignment Completion"", ""value"": 100.0, ""contribution"": -0.0713, ""direction"": ""decreases_risk""}, {""feature"": ""participation_score"", ""label"": ""Participation"", ""value"": 85.1, ""contribution"": -0.0411, ""direction"": ""decreases_risk""}]"
ST1140,23,74.9,59.3,63.7,71.3,61.1,9.3,0,9,5,1,0,0.314,Medium,"[{""feature"": ""avg_grade"", ""label"": ""Average Grade"", ""value"": 59.3, ""contribution"": 0.1164, ""direction"": ""increases_risk""}, {""feature"": ""engagement_score"", ""label"": ""Engagement"", ""value"": 71.3, ""contribution"": -0.1014, ""direction"": ""decreases_risk""}, {""feature"": ""attendance"", ""label"": ""Attendance"", ""value"": 74.9, ""contribution"": -0.0962, ""direction"": ""decreases_risk""}, {""feature"": ""previous_failures"", ""label"": ""Previous Failures"", ""value"": 0.0, ""contribution"": -0.0821, ""direction"": ""decreases_risk""}, {""feature"": ""assignment_completion"", ""label"": ""Assignment Completion"", ""value"": 63.7, ""contribution"": 0.0674, ""direction"": ""increases_risk""}]"
ST1141,17,81.5,71.5,76.5,84.0,51.9,15.3,0,8,5,0,0,0.1083,Low,"[{""feature"": ""attendance"", ""label"": ""Attendance"", ""value"": 81.5, ""contribution"": -0.1139, ""direction"": ""decreases_risk""}, {""feature"": ""engagement_score"", ""label"": ""Engagement"", ""value"": 84.0, ""contribution"": -0.1093, ""direction"": ""decreases_risk""}, {""feature"": ""avg_grade"", ""label"": ""Average Grade"", ""value"": 71.5, ""contribution"": -0.0956, ""direction"": ""decreases_risk""}, {""feature"": ""participation_score"", ""label"": ""Participation"", ""value"": 51.9, ""contribution"": 0.0612, ""direction"": ""increases_risk""}, {""feature"": ""absences"", ""label"": ""Absences"", ""value"": 8.0, ""contribution"": -0.0475, ""direction"": ""decreases_risk""}]"
ST1142,18,83.2,79.1,100.0,78.2,81.8,23.4,0,7,5,0,0,0.031,Low,"[{""feature"": ""attendance"", ""label"": ""Attendance"", ""value"": 83.2, ""contribution"": -0.1004, ""direction"": ""decreases_risk""}, {""feature"": ""avg_grade"", ""label"": ""Average Grade"", ""value"": 79.1, ""contribution"": -0.0985, ""direction"": ""decreases_risk""}, {""feature"": ""engagement_score"", ""label"": ""Engagement"", ""value"": 78.2, ""contribution"": -0.0927, ""direction"": ""decreases_risk""}, {""feature"": ""assignment_completion"", ""label"": ""Assignment Completion"", ""value"": 100.0, ""contribution"": -0.0655, ""direction"": ""decreases_risk""}, {""feature"": ""participation_score"", ""label"": ""Participation"", ""value"": 81.8, ""contribution"": -0.0481, ""direction"": ""decreases_risk""}]"
ST1143,19,69.9,75.0,72.7,78.7,86.0,12.4,1,10,2,1,0,0.1922,Low,"[{""feature"": ""engagement_score"", ""label"": ""Engagement"", ""value"": 78.7, ""contribution"": -0.1531, ""direction"": ""decreases_risk""}, {""feature"": ""avg_grade"", ""label"": ""Average Grade"", ""value"": 75.0, ""contribution"": -0.1202, ""direction"": ""decreases_risk""}, {""feature"": ""participation_score"", ""label"": ""Participation"", ""value"": 86.0, ""contribution"": -0.0574, ""direction"": ""decreases_risk""}, {""feature"": ""attendance"", ""label"": ""Attendance"", ""value"": 69.9, ""contribution"": 0.0337, ""direction"": ""increases_risk""}, {""feature"": ""assignment_completion"", ""label"": ""Assignment Completion"", ""value"": 72.7, ""contribution"": 0.0257, ""direction"": ""increases_risk""}]"
ST1144,23,66.9,53.8,61.9,55.4,64.5,10.3,0,11,3,1,0,0.5128,Medium,"[{""feature"": ""previous_failures"", ""label"": ""Previous Failures"", ""value"": 0.0, ""contribution"": -0.1307, ""direction"": ""decreases_risk""}, {""feature"": ""avg_grade"", ""label"": ""Average Grade"", ""value"": 53.8, ""contribution"": 0.0832, ""direction"": ""increases_risk""}, {""feature"": ""participation_score"", ""label"": ""Participation"", ""value"": 64.5, ""contribution"": -0.0698, ""direction"": ""decreases_risk""}, {""feature"": ""engagement_score"", ""label"": ""Engagement"", ""value"": 55.4, ""contribution"": 0.0513, ""direction"": ""increases_risk""}, {""feature"": ""attendance"", ""label"": ""Attendance"", ""value"": 66.9, ""contribution"": 0.0499, ""direction"": ""increases_risk""}]"
ST1145,22,100.0,100.0,100.0,100.0,93.5,19.8,0,2,4,1,0,0.0015,Low,"[{""feature"": ""avg_grade"", ""label"": ""Average Grade"", ""value"": 100.0, ""contribution"": -0.108, ""direction"": ""decreases_risk""}, {""feature"": ""attendance"", ""label"": ""Attendance"", ""value"": 100.0, ""contribution"": -0.1072, ""direction"": ""decreases_risk""}, {""feature"": ""engagement_score"", ""label"": ""Engagement"", ""value"": 100.0, ""contribution"": -0.0947, ""direction"": ""decreases_risk""}, {""feature"": ""assignment_completion"", ""label"": ""Assignment Completion"", ""value"": 100.0, ""contribution"": -0.0726, ""direction"": ""decreases_risk""}, {""feature"": ""participation_score"", ""label"": ""Participation"", ""value"": 93.5, ""contribution"": -0.0402, ""direction"": ""decreases_risk""}]"
ST1146,16,100.0,100.0,100.0,100.0,73.6,13.7,0,3,1,0,0,0.0418,Low,"[{""feature"": ""attendance"", ""label"": ""Attendance"", ""value"": 100.0, ""contribution"": -0.1173, ""direction"": ""decreases_risk""}, {""feature"": ""avg_grade"", ""label"": ""Average Grade"", ""value"": 100.0, ""contribution"": -0.0987, ""direction"": ""decreases_risk""}, {""feature"": ""engagement_score"", ""label"": ""Engagement"", ""value"": 100.0, ""contribution"": -0.0872, ""direction"": ""decreases_risk""}, {""feature"": ""assignment_completion"", ""label"": ""Assignment Completion"", ""value"": 100.0, ""contribution"": -0.0734, ""direction"": ""decreases_risk""}, {""feature"": ""participation_score"", ""label"": ""Participation"", ""value"": 73.6, ""contribution"": -0.0449, ""direction"": ""decreases_risk""}]"
ST1147,17,94.1,91.1,87.7,86.0,86.0,15.1,0,5,3,0,0,0.0001,Low,"[{""feature"": ""attendance"", ""label"": ""Attendance"", ""value"": 94.1, ""contribution"": -0.1181, ""direction"": ""decreases_risk""}, {""feature"": ""avg_grade"", ""label"": ""Average Grade"", ""value"": 91.1, ""contribution"": -0.1073, ""direction"": ""decreases_risk""}, {""feature"": ""engagement_score"", ""label"": ""Engagement"", ""value"": 86.0, ""contribution"": -0.0952, ""direction"": ""decreases_risk""}, {""feature"": ""assignment_completion"", ""label"": ""Assignment Completion"", ""value"": 87.7, ""contribution"": -0.0693, ""direction"": ""decreases_risk""}, {""feature"": ""participation_score"", ""label"": ""Participation"", ""value"": 86.0, ""contribution"": -0.0393, ""direction"": ""decreases_risk""}]"
ST1148,22,41.0,47.5,46.3,28.6,22.1,0.6,3,17,3,1,1,0.9965,High,"[{""feature"": ""avg_grade"", ""label"": ""Average Grade"", ""value"": 47.5, ""contribution"": 0.1136, ""direction"": ""increases_risk""}, {""feature"": ""attendance"", ""label"": ""Attendance"", ""value"": 41.0, ""contribution"": 0.1133, ""direction"": ""increases_risk""}, {""feature"": ""engagement_score"", ""label"": ""Engagement"", ""value"": 28.6, ""contribution"": 0.0941, ""direction"": ""increases_risk""}, {""feature"": ""assignment_completion"", ""label"": ""Assignment Completion"", ""value"": 46.3, ""contribution"": 0.076, ""direction"": ""increases_risk""}, {""feature"": ""participation_score"", ""label"": ""Participation"", ""value"": 22.1, ""contribution"": 0.0429, ""direction"": ""increases_risk""}]"
ST1149,16,67.7,65.6,84.1,69.1,76.3,10.8,1,15,5,1,0,0.1657,Low,"[{""feature"": ""engagement_score"", ""label"": ""Engagement"", ""value"": 69.1, ""contribution"": -0.1446, ""direction"": ""decreases_risk""}, {""feature"": ""assignment_completion"", ""label"": ""Assignment Completion"", ""value"": 84.1, ""contribution"": -0.092, ""direction"": ""decreases_risk""}, {""feature"": ""participation_score"", ""label"": ""Participation"", ""value"": 76.3, ""contribution"": -0.0843, ""direction"": ""decreases_risk""}, {""feature"": ""attendance"", ""label"": ""Attendance"", ""value"": 67.7, ""contribution"": 0.0767, ""direction"": ""increases_risk""}, {""feature"": ""avg_grade"", ""label"": ""Average Grade"", ""value"": 65.6, ""contribution"": -0.0518, ""direction"": ""decreases_risk""}]"
ST1150,22,55.0,59.6,68.6,57.9,54.9,6.2,2,15,1,1,1,0.8636,High,"[{""feature"": ""attendance"", ""label"": ""Attendance"", ""value"": 55.0, ""contribution"": 0.1205, ""direction"": ""increases_risk""}, {""feature"": ""avg_grade"", ""label"": ""Average Grade"", ""value"": 59.6, ""contribution"": 0.0697, ""direction"": ""increases_risk""}, {""feature"": ""absences"", ""label"": ""Absences"", ""value"": 15.0, ""contribution"": 0.0459, ""direction"": ""increases_risk""}, {""feature"": ""engagement_score"", ""label"": ""Engagement"", ""value"": 57.9, ""contribution"": 0.0446, ""direction"": ""increases_risk""}, {""feature"": ""participation_score"", ""label"": ""Participation"", ""value"": 54.9, ""contribution"": 0.0276, ""direction"": ""increases_risk""}]"
ST1151,18,100.0,87.7,100.0,88.7,100.0,11.3,0,0,1,0,0,0.0613,Low,"[{""feature"": ""attendance"", ""label"": ""Attendance"", ""value"": 100.0, ""contribution"": -0.1193, ""direction"": ""decreases_risk""}, {""feature"": ""avg_grade"", ""label"": ""Average Grade"", ""value"": 87.7, ""contribution"": -0.1077, ""direction"": ""decreases_risk""}, {""feature"": ""engagement_score"", ""label"": ""Engagement"", ""value"": 88.7, ""contribution"": -0.0963, ""direction"": ""decreases_risk""}, {""feature"": ""assignment_completion"", ""label"": ""Assignment Completion"", ""value"": 100.0, ""contribution"": -0.0727, ""direction"": ""decreases_risk""}, {""feature"": ""absences"", ""label"": ""Absences"", ""value"": 0.0, ""contribution"": -0.0301, ""direction"": ""decreases_risk""}]"
ST1152,23,100.0,96.2,83.5,91.1,64.7,22.2,0,0,1,0,0,0.0161,Low,"[{""feature"": ""attendance"", ""label"": ""Attendance"", ""value"": 100.0, ""contribution"": -0.1222, ""direction"": ""decreases_risk""}, {""feature"": ""avg_grade"", ""label"": ""Average Grade"", ""value"": 96.2, ""contribution"": -0.1163, ""direction"": ""decreases_risk""}, {""feature"": ""engagement_score"", ""label"": ""Engagement"", ""value"": 91.1, ""contribution"": -0.0941, ""direction"": ""decreases_risk""}, {""feature"": ""assignment_completion"", ""label"": ""Assignment Completion"", ""value"": 83.5, ""contribution"": -0.0707, ""direction"": ""decreases_risk""}, {""feature"": ""absences"", ""label"": ""Absences"", ""value"": 0.0, ""contribution"": -0.0296, ""direction"": ""decreases_risk""}]"
ST1153,18,54.5,66.7,86.9,54.7,71.8,8.4,2,18,3,0,1,0.7732,High,"[{""feature"": ""attendance"", ""label"": ""Attendance"", ""value"": 54.5, ""contribution"": 0.1862, ""direction"": ""increases_risk""}, {""feature"": ""engagement_score"", ""label"": ""Engagement"", ""value"": 54.7, ""contribution"": 0.1422, ""direction"": ""increases_risk""}, {""feature"": ""assignment_completion"", ""label"": ""Assignment Completion"", ""value"": 86.9, ""contribution"": -0.085, ""direction"": ""decreases_risk""}, {""feature"": ""absences"", ""label"": ""Absences"", ""value"": 18.0, ""contribution"": 0.0619, ""direction"": ""increases_risk""}, {""feature"": ""participation_score"", ""label"": ""Participation"", ""value"": 71.8, ""contribution"": -0.0449, ""direction"": ""decreases_risk""}]"
ST1154,19,73.3,65.0,66.3,74.4,66.1,6.8,0,11,3,0,0,0.19,Low,"[{""feature"": ""engagement_score"", ""label"": ""Engagement"", ""value"": 74.4, ""contribution"": -0.109, ""direction"": ""decreases_risk""}, {""feature"": ""attendance"", ""label"": ""Attendance"", ""value"": 73.3, ""contribution"": -0.0927, ""direction"": ""decreases_risk""}, {""feature"": ""previous_failures"", ""label"": ""Previous Failures"", ""value"": 0.0, ""contribution"": -0.0736, ""direction"": ""decreases_risk""}, {""feature"": ""assignment_completion"", ""label"": ""Assignment Completion"", ""value"": 66.3, ""contribution"": 0.0548, ""direction"": ""increases_risk""}, {""feature"": ""participation_score"", ""label"": ""Participation"", ""value"": 66.1, ""contribution"": -0.0395, ""direction"": ""decreases_risk""}]"
ST1155,21,60.4,61.0,83.5,59.1,56.7,12.2,1,13,3,0,1,0.8415,High,"[{""feature"": ""attendance"", ""label"": ""Attendance"", ""value"": 60.4, ""contribution"": 0.1538, ""direction"": ""increases_risk""}, {""feature"": ""avg_grade"", ""label"": ""Average Grade"", ""value"": 61.0, ""contribution"": 0.0944, ""direction"": ""increases_risk""}, {""feature"": ""assignment_completion"", ""label"": ""Assignment Completion"", ""value"": 83.5, ""contribution"": -0.0719, ""direction"": ""decreases_risk""}, {""feature"": ""engagement_score"", ""label"": ""Engagement"", ""value"": 59.1, ""contribution"": 0.062, ""direction"": ""increases_risk""}, {""feature"": ""absences"", ""label"": ""Absences"", ""value"": 13.0, ""contribution"": 0.061, ""direction"": ""increases_risk""}]"
ST1156,17,93.0,72.3,96.0,74.9,55.6,10.7,1,5,2,1,1,0.4405,Medium,"[{""feature"": ""participation_score"", ""label"": ""Participation"", ""value"": 55.6, ""contribution"": 0.1016, ""direction"": ""increases_risk""}, {""feature"": ""attendance"", ""label"": ""Attendance"", ""value"": 93.0, ""contribution"": -0.0988, ""direction"": ""decreases_risk""}, {""feature"": ""assignment_completion"", ""label"": ""Assignment Completion"", ""value"": 96.0, ""contribution"": -0.0271, ""direction"": ""decreases_risk""}, {""feature"": ""avg_grade"", ""label"": ""Average Grade"", ""value"": 72.3, ""contribution"": -0.027, ""direction"": ""decreases_risk""}, {""feature"": ""absences"", ""label"": ""Absences"", ""value"": 5.0, ""contribution"": -0.0259, ""direction"": ""decreases_risk""}]"
ST1157,20,60.8,60.8,78.2,67.7,70.7,14.0,0,14,2,0,1,0.6547,High,"[{""feature"": ""attendance"", ""label"": ""Attendance"", ""value"": 60.8, ""contribution"": 0.1505, ""direction"": ""increases_risk""}, {""feature"": ""avg_grade"", ""label"": ""Average Grade"", ""value"": 60.8, ""contribution"": 0.1107, ""direction"": ""increases_risk""}, {""feature"": ""absences"", ""label"": ""Absences"", ""value"": 14.0, ""contribution"": 0.0587, ""direction"": ""increases_risk""}, {""feature"": ""engagement_score"", ""label"": ""Engagement"", ""value"": 67.7, ""contribution"": -0.0557, ""direction"": ""decreases_risk""}, {""feature"": ""participation_score"", ""label"": ""Participation"", ""value"": 70.7, ""contribution"": -0.0498, ""direction"": ""decreases_risk""}]"
ST1158,20,89.6,62.2,71.4,54.8,73.2,9.1,1,2,3,1,0,0.2103,Low,"[{""feature"": ""attendance"", ""label"": ""Attendance"", ""value"": 89.6, ""contribution"": -0.2341, ""direction"": ""decreases_risk""}, {""feature"": ""engagement_score"", ""label"": ""Engagement"", ""value"": 54.8, ""contribution"": 0.0603, ""direction"": ""increases_risk""}, {""feature"": ""participation_score"", ""label"": ""Participation"", ""value"": 73.2, ""contribution"": -0.0488, ""direction"": ""decreases_risk""}, {""feature"": ""absences"", ""label"": ""Absences"", ""value"": 2.0, ""contribution"": -0.0458, ""direction"": ""decreases_risk""}, {""feature"": ""assignment_completion"", ""label"": ""Assignment Completion"", ""value"": 71.4, ""contribution"": 0.0201, ""direction"": ""increases_risk""}]"
ST1159,22,63.7,67.5,67.0,47.4,76.7,6.9,2,11,1,0,1,0.8453,High,"[{""feature"": ""attendance"", ""label"": ""Attendance"", ""value"": 63.7, ""contribution"": 0.1792, ""direction"": ""increases_risk""}, {""feature"": ""engagement_score"", ""label"": ""Engagement"", ""value"": 47.4, ""contribution"": 0.1515, ""direction"": ""increases_risk""}, {""feature"": ""avg_grade"", ""label"": ""Average Grade"", ""value"": 67.5, ""contribution"": -0.0593, ""direction"": ""decreases_risk""}, {""feature"": ""assignment_completion"", ""label"": ""Assignment Completion"", ""value"": 67.0, ""contribution"": 0.0574, ""direction"": ""increases_risk""}, {""feature"": ""participation_score"", ""label"": ""Participation"", ""value"": 76.7, ""contribution"": -0.0542, ""direction"": ""decreases_risk""}]"
ST1160,23,53.0,63.9,58.2,33.4,67.8,9.4,2,18,4,1,1,0.8826,High,"[{""feature"": ""attendance"", ""label"": ""Attendance"", ""value"": 53.0, ""contribution"": 0.1469, ""direction"": ""increases_risk""}, {""feature"": ""engagement_score"", ""label"": ""Engagement"", ""value"": 33.4, ""contribution"": 0.1243, ""direction"": ""increases_risk""}, {""feature"": ""assignment_completion"", ""label"": ""Assignment Completion"", ""value"": 58.2, ""contribution"": 0.1007, ""direction"": ""increases_risk""}, {""feature"": ""participation_score"", ""label"": ""Participation"", ""value"": 67.8, ""contribution"": -0.043, ""direction"": ""decreases_risk""}, {""feature"": ""absences"", ""label"": ""Absences"", ""value"": 18.0, ""contribution"": 0.0374, ""direction"": ""increases_risk""}]"
ST1161,21,100.0,100.0,100.0,100.0,84.1,21.1,0,0,1,0,0,0.0089,Low,"[{""feature"": ""attendance"", ""label"": ""Attendance"", ""value"": 100.0, ""contribution"": -0.1177, ""direction"": ""decreases_risk""}, {""feature"": ""avg_grade"", ""label"": ""Average Grade"", ""value"": 100.0, ""contribution"": -0.1083, ""direction"": ""decreases_risk""}, {""feature"": ""engagement_score"", ""label"": ""Engagement"", ""value"": 100.0, ""contribution"": -0.0927, ""direction"": ""decreases_risk""}, {""feature"": ""assignment_completion"", ""label"": ""Assignment Completion"", ""value"": 100.0, ""contribution"": -0.0735, ""direction"": ""decreases_risk""}, {""feature"": ""participation_score"", ""label"": ""Participation"", ""value"": 84.1, ""contribution"": -0.043, ""direction"": ""decreases_risk""}]"
ST1162,19,100.0,100.0,100.0,98.9,88.4,24.4,0,0,4,0,0,0.0003,Low,"[{""feature"": ""attendance"", ""label"": ""Attendance"", ""value"": 100.0, ""contribution"": -0.1141, ""direction"": ""decreases_risk""}, {""feature"": ""avg_grade"", ""label"": ""Average Grade"", ""value"": 100.0, ""contribution"": -0.111, ""direction"": ""decreases_risk""}, {""feature"": ""engagement_score"", ""label"": ""Engagement"", ""value"": 98.9, ""contribution"": -0.0962, ""direction"": ""decreases_risk""}, {""feature"": ""assignment_completion"", ""label"": ""Assignment Completion"", ""value"": 100.0, ""contribution"": -0.074, ""direction"": ""decreases_risk""}, {""feature"": ""participation_score"", ""label"": ""Participation"", ""value"": 88.4, ""contribution"": -0.0386, ""direction"": ""decreases_risk""}]"
ST1163,19,48.5,50.0,38.7,52.1,38.9,7.2,3,21,3,1,1,0.9945,High,"[{""feature"": ""attendance"", ""label"": ""Attendance"", ""value"": 48.5, ""contribution"": 0.1148, ""direction"": ""increases_risk""}, {""feature"": ""avg_grade"", ""label"": ""Average Grade"", ""value"": 50.0, ""contribution"": 0.1143, ""direction"": ""increases_risk""}, {""feature"": ""engagement_score"", ""label"": ""Engagement"", ""value"": 52.1, ""contribution"": 0.0894, ""direction"": ""increases_risk""}, {""feature"": ""assignment_completion"", ""label"": ""Assignment Completion"", ""value"": 38.7, ""contribution"": 0.075, ""direction"": ""increases_risk""}, {""feature"": ""participation_score"", ""label"": ""Participation"", ""value"": 38.9, ""contribution"": 0.043, ""direction"": ""increases_risk""}]"
ST1164,19,57.5,74.2,69.3,53.7,67.6,8.2,4,13,5,1,1,0.6384,High,"[{""feature"": ""attendance"", ""label"": ""Attendance"", ""value"": 57.5, ""contribution"": 0.1483, ""direction"": ""increases_risk""}, {""feature"": ""avg_grade"", ""label"": ""Average Grade"", ""value"": 74.2, ""contribution"": -0.127, ""direction"": ""decreases_risk""}, {""feature"": ""engagement_score"", ""label"": ""Engagement"", ""value"": 53.7, ""contribution"": 0.1124, ""direction"": ""increases_risk""}, {""feature"": ""participation_score"", ""label"": ""Participation"", ""value"": 67.6, ""contribution"": -0.0524, ""direction"": ""decreases_risk""}, {""feature"": ""previous_failures"", ""label"": ""Previous Failures"", ""value"": 4.0, ""contribution"": 0.0378, ""direction"": ""increases_risk""}]"
ST1165,22,85.3,87.6,96.0,94.9,73.7,18.8,0,10,4,0,0,0.0197,Low,"[{""feature"": ""avg_grade"", ""label"": ""Average Grade"", ""value"": 87.6, ""contribution"": -0.1216, ""direction"": ""decreases_risk""}, {""feature"": ""attendance"", ""label"": ""Attendance"", ""value"": 85.3, ""contribution"": -0.1104, ""direction"": ""decreases_risk""}, {""feature"": ""engagement_score"", ""label"": ""Engagement"", ""value"": 94.9, ""contribution"": -0.1042, ""direction"": ""decreases_risk""}, {""feature"": ""assignment_completion"", ""label"": ""Assignment Completion"", ""value"": 96.0, ""contribution"": -0.0714, ""direction"": ""decreases_risk""}, {""feature"": ""participation_score"", ""label"": ""Participation"", ""value"": 73.7, ""contribution"": -0.0485, ""direction"": ""decreases_risk""}]"
ST1166,18,91.9,100.0,100.0,92.4,100.0,21.0,0,0,3,1,0,0.0104,Low,"[{""feature"": ""attendance"", ""label"": ""Attendance"", ""value"": 91.9, ""contribution"": -0.1076, ""direction"": ""decreases_risk""}, {""feature"": ""avg_grade"", ""label"": ""Average Grade"", ""value"": 100.0, ""contribution"": -0.1072, ""direction"": ""decreases_risk""}, {""feature"": ""engagement_score"", ""label"": ""Engagement"", ""value"": 92.4, ""contribution"": -0.0949, ""direction"": ""decreases_risk""}, {""feature"": ""assignment_completion"", ""label"": ""Assignment Completion"", ""value"": 100.0, ""contribution"": -0.0706, ""direction"": ""decreases_risk""}, {""feature"": ""participation_score"", ""label"": ""Participation"", ""value"": 100.0, ""contribution"": -0.0318, ""direction"": ""decreases_risk""}]"
ST1167,17,72.8,66.5,71.9,67.1,72.4,11.1,2,9,4,0,0,0.2012,Low,"[{""feature"": ""avg_grade"", ""label"": ""Average Grade"", ""value"": 66.5, ""contribution"": -0.0862, ""direction"": ""decreases_risk""}, {""feature"": ""attendance"", ""label"": ""Attendance"", ""value"": 72.8, ""contribution"": -0.0718, ""direction"": ""decreases_risk""}, {""feature"": ""engagement_score"", ""label"": ""Engagement"", ""value"": 67.1, ""contribution"": -0.0577, ""direction"": ""decreases_risk""}, {""feature"": ""participation_score"", ""label"": ""Participation"", ""value"": 72.4, ""contribution"": -0.0485, ""direction"": ""decreases_risk""}, {""feature"": ""absences"", ""label"": ""Absences"", ""value"": 9.0, ""contribution"": -0.0416, ""direction"": ""decreases_risk""}]"
ST1168,18,45.0,55.1,63.0,69.2,58.6,3.5,3,17,1,1,1,0.6644,High,"[{""feature"": ""engagement_score"", ""label"": ""Engagement"", ""value"": 69.2, ""contribution"": -0.1737, ""direction"": ""decreases_risk""}, {""feature"": ""attendance"", ""label"": ""Attendance"", ""value"": 45.0, ""contribution"": 0.108, ""direction"": ""increases_risk""}, {""feature"": ""avg_grade"", ""label"": ""Average Grade"", ""value"": 55.1, ""contribution"": 0.0814, ""direction"": ""increases_risk""}, {""feature"": ""assignment_completion"", ""label"": ""Assignment Completion"", ""value"": 63.0, ""contribution"": 0.0599, ""direction"": ""increases_risk""}, {""feature"": ""absences"", ""label"": ""Absences"", ""value"": 17.0, ""contribution"": 0.04, ""direction"": ""increases_risk""}]"
ST1169,16,38.9,44.1,36.3,53.8,39.5,5.7,3,18,1,1,1,0.991,High,"[{""feature"": ""avg_grade"", ""label"": ""Average Grade"", ""value"": 44.1, ""contribution"": 0.1154, ""direction"": ""increases_risk""}, {""feature"": ""attendance"", ""label"": ""Attendance"", ""value"": 38.9, ""contribution"": 0.1143, ""direction"": ""increases_risk""}, {""feature"": ""assignment_completion"", ""label"": ""Assignment Completion"", ""value"": 36.3, ""contribution"": 0.0757, ""direction"": ""increases_risk""}, {""feature"": ""engagement_score"", ""label"": ""Engagement"", ""value"": 53.8, ""contribution"": 0.071, ""direction"": ""increases_risk""}, {""feature"": ""participation_score"", ""label"": ""Participation"", ""value"": 39.5, ""contribution"": 0.0435, ""direction"": ""increases_risk""}]"
ST1170,16,60.5,60.2,46.2,69.9,68.0,9.8,1,12,3,1,0,0.5428,Medium,"[{""feature"": ""engagement_score"", ""label"": ""Engagement"", ""value"": 69.9, ""contribution"": -0.1679, ""direction"": ""decreases_risk""}, {""feature"": ""assignment_completion"", ""label"": ""Assignment Completion"", ""value"": 46.2, ""contribution"": 0.104, ""direction"": ""increases_risk""}, {""feature"": ""attendance"", ""label"": ""Attendance"", ""value"": 60.5, ""contribution"": 0.0953, ""direction"": ""increases_risk""}, {""feature"": ""avg_grade"", ""label"": ""Average Grade"", ""value"": 60.2, ""contribution"": 0.0916, ""direction"": ""increases_risk""}, {""feature"": ""participation_score"", ""label"": ""Participation"", ""value"": 68.0, ""contribution"": -0.0604, ""direction"": ""decreases_risk""}]"
ST1171,16,76.8,92.0,89.4,81.7,73.0,12.4,1,13,5,0,0,0.013,Low,"[{""feature"": ""avg_grade"", ""label"": ""Average Grade"", ""value"": 92.0, ""contribution"": -0.129, ""direction"": ""decreases_risk""}, {""feature"": ""engagement_score"", ""label"": ""Engagement"", ""value"": 81.7, ""contribution"": -0.1209, ""direction"": ""decreases_risk""}, {""feature"": ""attendance"", ""label"": ""Attendance"", ""value"": 76.8, ""contribution"": -0.1007, ""direction"": ""decreases_risk""}, {""feature"": ""assignment_completion"", ""label"": ""Assignment Completion"", ""value"": 89.4, ""contribution"": -0.0855, ""direction"": ""decreases_risk""}, {""feature"": ""participation_score"", ""label"": ""Participation"", ""value"": 73.0, ""contribution"": -0.0514, ""direction"": ""decreases_risk""}]"
ST1172,22,100.0,91.5,100.0,77.1,76.4,19.9,0,0,5,0,0,0.0026,Low,"[{""feature"": ""avg_grade"", ""label"": ""Average Grade"", ""value"": 91.5, ""contribution"": -0.116, ""direction"": ""decreases_risk""}, {""feature"": ""attendance"", ""label"": ""Attendance"", ""value"": 100.0, ""contribution"": -0.1136, ""direction"": ""decreases_risk""}, {""feature"": ""engagement_score"", ""label"": ""Engagement"", ""value"": 77.1, ""contribution"": -0.0874, ""direction"": ""decreases_risk""}, {""feature"": ""assignment_completion"", ""label"": ""Assignment Completion"", ""value"": 100.0, ""contribution"": -0.0737, ""direction"": ""decreases_risk""}, {""feature"": ""participation_score"", ""label"": ""Participation"", ""value"": 76.4, ""contribution"": -0.0431, ""direction"": ""decreases_risk""}]"
ST1173,21,78.3,74.0,77.9,77.2,75.5,7.7,1,5,2,1,0,0.0547,Low,"[{""feature"": ""attendance"", ""label"": ""Attendance"", ""value"": 78.3, ""contribution"": -0.1066, ""direction"": ""decreases_risk""}, {""feature"": ""engagement_score"", ""label"": ""Engagement"", ""value"": 77.2, ""contribution"": -0.1035, ""direction"": ""decreases_risk""}, {""feature"": ""avg_grade"", ""label"": ""Average Grade"", ""value"": 74.0, ""contribution"": -0.081, ""direction"": ""decreases_risk""}, {""feature"": ""participation_score"", ""label"": ""Participation"", ""value"": 75.5, ""contribution"": -0.0579, ""direction"": ""decreases_risk""}, {""feature"": ""assignment_completion"", ""label"": ""Assignment Completion"", ""value"": 77.9, ""contribution"": -0.0532, ""direction"": ""decreases_risk""}]"
ST1174,21,85.6,70.7,74.5,73.4,70.6,18.3,0,0,2,0,0,0.167,Low,"[{""feature"": ""attendance"", ""label"": ""Attendance"", ""value"": 85.6, ""contribution"": -0.1212, ""direction"": ""decreases_risk""}, {""feature"": ""avg_grade"", ""label"": ""Average Grade"", ""value"": 70.7, ""contribution"": -0.0747, ""direction"": ""decreases_risk""}, {""feature"": ""engagement_score"", ""label"": ""Engagement"", ""value"": 73.4, ""contribution"": -0.0622, ""direction"": ""decreases_risk""}, {""feature"": ""previous_failures"", ""label"": ""Previous Failures"", ""value"": 0.0, ""contribution"": -0.0341, ""direction"": ""decreases_risk""}, {""feature"": ""participation_score"", ""label"": ""Participation"", ""value"": 70.6, ""contribution"": -0.0296, ""direction"": ""decreases_risk""}]"
ST1175,19,80.3,91.9,96.6,94.9,73.4,16.5,0,2,5,1,0,0.0096,Low,"[{""feature"": ""avg_grade"", ""label"": ""Average Grade"", ""value"": 91.9, ""contribution"": -0.1108, ""direction"": ""decreases_risk""}, {""feature"": ""engagement_score"", ""label"": ""Engagement"", ""value"": 94.9, ""contribution"": -0.098, ""direction"": ""decreases_risk""}, {""feature"": ""attendance"", ""label"": ""Attendance"", ""value"": 80.3, ""contribution"": -0.0878, ""direction"": ""decreases_risk""}, {""feature"": ""assignment_completion"", ""label"": ""Assignment Completion"", ""value"": 96.6, ""contribution"": -0.0713, ""direction"": ""decreases_risk""}, {""feature"": ""participation_score"", ""label"": ""Participation"", ""value"": 73.4, ""contribution"": -0.0449, ""direction"": ""decreases_risk""}]"
ST1176,21,35.2,31.7,26.1,24.8,45.9,3.7,4,21,3,0,1,1.0,High,"[{""feature"": ""attendance"", ""label"": ""Attendance"", ""value"": 35.2, ""contribution"": 0.1134, ""direction"": ""increases_risk""}, {""feature"": ""avg_grade"", ""label"": ""Average Grade"", ""value"": 31.7, ""contribution"": 0.1129, ""direction"": ""increases_risk""}, {""feature"": ""engagement_score"", ""label"": ""Engagement"", ""value"": 24.8, ""contribution"": 0.0936, ""direction"": ""increases_risk""}, {""feature"": ""assignment_completion"", ""label"": ""Assignment Completion"", ""value"": 26.1, ""contribution"": 0.0733, ""direction"": ""increases_risk""}, {""feature"": ""participation_score"", ""label"": ""Participation"", ""value"": 45.9, ""contribution"": 0.0419, ""direction"": ""increases_risk""}]"
ST1177,17,47.8,34.0,36.9,34.1,42.3,2.8,4,16,1,0,1,0.9989,High,"[{""feature"": ""attendance"", ""label"": ""Attendance"", ""value"": 47.8, ""contribution"": 0.1126, ""direction"": ""increases_risk""}, {""feature"": ""avg_grade"", ""label"": ""Average Grade"", ""value"": 34.0, ""contribution"": 0.1105, ""direction"": ""increases_risk""}, {""feature"": ""engagement_score"", ""label"": ""Engagement"", ""value"": 34.1, ""contribution"": 0.0929, ""direction"": ""increases_risk""}, {""feature"": ""assignment_completion"", ""label"": ""Assignment Completion"", ""value"": 36.9, ""contribution"": 0.0724, ""direction"": ""increases_risk""}, {""feature"": ""participation_score"", ""label"": ""Participation"", ""value"": 42.3, ""contribution"": 0.0403, ""direction"": ""increases_risk""}]"
ST1178,23,48.3,43.2,49.5,49.4,57.5,1.9,3,17,2,0,1,0.9925,High,"[{""feature"": ""attendance"", ""label"": ""Attendance"", ""value"": 48.3, ""contribution"": 0.1171, ""direction"": ""increases_risk""}, {""feature"": ""avg_grade"", ""label"": ""Average Grade"", ""value"": 43.2, ""contribution"": 0.1146, ""direction"": ""increases_risk""}, {""feature"": ""engagement_score"", ""label"": ""Engagement"", ""value"": 49.4, ""contribution"": 0.0943, ""direction"": ""increases_risk""}, {""feature"": ""assignment_completion"", ""label"": ""Assignment Completion"", ""value"": 49.5, ""contribution"": 0.072, ""direction"": ""increases_risk""}, {""feature"": ""absences"", ""label"": ""Absences"", ""value"": 17.0, ""contribution"": 0.0344, ""direction"": ""increases_risk""}]"
ST1179,20,100.0,100.0,100.0,90.9,75.9,15.7,0,0,5,0,0,0.0011,Low,"[{""feature"": ""attendance"", ""label"": ""Attendance"", ""value"": 100.0, ""contribution"": -0.1129, ""direction"": ""decreases_risk""}, {""feature"": ""avg_grade"", ""label"": ""Average Grade"", ""value"": 100.0, ""contribution"": -0.1077, ""direction"": ""decreases_risk""}, {""feature"": ""engagement_score"", ""label"": ""Engagement"", ""value"": 90.9, ""contribution"": -0.0926, ""direction"": ""decreases_risk""}, {""feature"": ""assignment_completion"", ""label"": ""Assignment Completion"", ""value"": 100.0, ""contribution"": -0.0731, ""direction"": ""decreases_risk""}, {""feature"": ""participation_score"", ""label"": ""Participation"", ""value"": 75.9, ""contribution"": -0.0417, ""direction"": ""decreases_risk""}]"
ST1180,23,51.8,52.3,58.3,58.4,42.7,9.2,4,17,5,0,1,0.9624,High,"[{""feature"": ""avg_grade"", ""label"": ""Average Grade"", ""value"": 52.3, ""contribution"": 0.1231, ""direction"": ""increases_risk""}, {""feature"": ""attendance"", ""label"": ""Attendance"", ""value"": 51.8, ""contribution"": 0.1201, ""direction"": ""increases_risk""}, {""feature"": ""assignment_completion"", ""label"": ""Assignment Completion"", ""value"": 58.3, ""contribution"": 0.0782, ""direction"": ""increases_risk""}, {""feature"": ""participation_score"", ""label"": ""Participation"", ""value"": 42.7, ""contribution"": 0.0451, ""direction"": ""increases_risk""}, {""feature"": ""engagement_score"", ""label"": ""Engagement"", ""value"": 58.4, ""contribution"": 0.0438, ""direction"": ""increases_risk""}]"
ST1181,17,63.9,48.0,63.1,50.9,78.1,11.2,1,16,5,0,1,0.8874,High,"[{""feature"": ""avg_grade"", ""label"": ""Average Grade"", ""value"": 48.0, ""contribution"": 0.1268, ""direction"": ""increases_risk""}, {""feature"": ""engagement_score"", ""label"": ""Engagement"", ""value"": 50.9, ""contribution"": 0.126, ""direction"": ""increases_risk""}, {""feature"": ""attendance"", ""label"": ""Attendance"", ""value"": 63.9, ""contribution"": 0.1241, ""direction"": ""increases_risk""}, {""feature"": ""assignment_completion"", ""label"": ""Assignment Completion"", ""value"": 63.1, ""contribution"": 0.0698, ""direction"": ""increases_risk""}, {""feature"": ""participation_score"", ""label"": ""Participation"", ""value"": 78.1, ""contribution"": -0.0636, ""direction"": ""decreases_risk""}]"
ST1182,19,64.8,57.3,90.3,47.6,78.8,9.4,3,17,1,0,0,0.7738,High,"[{""feature"": ""attendance"", ""label"": ""Attendance"", ""value"": 64.8, ""contribution"": 0.1283, ""direction"": ""increases_risk""}, {""feature"": ""engagement_score"", ""label"": ""Engagement"", ""value"": 47.6, ""contribution"": 0.1244, ""direction"": ""increases_risk""}, {""feature"": ""assignment_completion"", ""label"": ""Assignment Completion"", ""value"": 90.3, ""contribution"": -0.117, ""direction"": ""decreases_risk""}, {""feature"": ""avg_grade"", ""label"": ""Average Grade"", ""value"": 57.3, ""contribution"": 0.101, ""direction"": ""increases_risk""}, {""feature"": ""participation_score"", ""label"": ""Participation"", ""value"": 78.8, ""contribution"": -0.0668, ""direction"": ""decreases_risk""}]"
ST1183,21,57.0,48.4,60.6,62.6,60.2,0.0,2,9,5,0,0,0.7203,High,"[{""feature"": ""avg_grade"", ""label"": ""Average Grade"", ""value"": 48.4, ""contribution"": 0.1371, ""direction"": ""increases_risk""}, {""feature"": ""attendance"", ""label"": ""Attendance"", ""value"": 57.0, ""contribution"": 0.1153, ""direction"": ""increases_risk""}, {""feature"": ""assignment_completion"", ""label"": ""Assignment Completion"", ""value"": 60.6, ""contribution"": 0.0716, ""direction"": ""increases_risk""}, {""feature"": ""absences"", ""label"": ""Absences"", ""value"": 9.0, ""contribution"": -0.0551, ""direction"": ""decreases_risk""}, {""feature"": ""family_support"", ""label"": ""Family Support"", ""value"": 5.0, ""contribution"": -0.0308, ""direction"": ""decreases_risk""}]"
ST1184,19,60.8,63.6,70.4,83.3,54.8,4.5,3,11,1,1,0,0.5036,Medium,"[{""feature"": ""engagement_score"", ""label"": ""Engagement"", ""value"": 83.3, ""contribution"": -0.2284, ""direction"": ""decreases_risk""}, {""feature"": ""attendance"", ""label"": ""Attendance"", ""value"": 60.8, ""contribution"": 0.1209, ""direction"": ""increases_risk""}, {""feature"": ""participation_score"", ""label"": ""Participation"", ""value"": 54.8, ""contribution"": 0.0356, ""direction"": ""increases_risk""}, {""feature"": ""assignment_completion"", ""label"": ""Assignment Completion"", ""value"": 70.4, ""contribution"": 0.0291, ""direction"": ""increases_risk""}, {""feature"": ""previous_failures"", ""label"": ""Previous Failures"", ""value"": 3.0, ""contribution"": 0.0212, ""direction"": ""increases_risk""}]"
ST1185,19,62.2,62.2,62.1,60.9,54.3,14.8,3,11,5,1,1,0.8125,High,"[{""feature"": ""attendance"", ""label"": ""Attendance"", ""value"": 62.2, ""contribution"": 0.1485, ""direction"": ""increases_risk""}, {""feature"": ""assignment_completion"", ""label"": ""Assignment Completion"", ""value"": 62.1, ""contribution"": 0.0695, ""direction"": ""increases_risk""}, {""feature"": ""participation_score"", ""label"": ""Participation"", ""value"": 54.3, ""contribution"": 0.0369, ""direction"": ""increases_risk""}, {""feature"": ""engagement_score"", ""label"": ""Engagement"", ""value"": 60.9, ""contribution"": 0.0365, ""direction"": ""increases_risk""}, {""feature"": ""previous_failures"", ""label"": ""Previous Failures"", ""value"": 3.0, ""contribution"": 0.034, ""direction"": ""increases_risk""}]"
ST1186,17,64.4,65.2,61.8,45.3,74.3,5.9,2,13,5,1,0,0.6599,High,"[{""feature"": ""engagement_score"", ""label"": ""Engagement"", ""value"": 45.3, ""contribution"": 0.139, ""direction"": ""increases_risk""}, {""feature"": ""attendance"", ""label"": ""Attendance"", ""value"": 64.4, ""contribution"": 0.1154, ""direction"": ""increases_risk""}, {""feature"": ""participation_score"", ""label"": ""Participation"", ""value"": 74.3, ""contribution"": -0.0937, ""direction"": ""decreases_risk""}, {""feature"": ""assignment_completion"", ""label"": ""Assignment Completion"", ""value"": 61.8, ""contribution"": 0.0642, ""direction"": ""increases_risk""}, {""feature"": ""avg_grade"", ""label"": ""Average Grade"", ""value"": 65.2, ""contribution"": -0.0528, ""direction"": ""decreases_risk""}]"
ST1187,19,65.3,59.5,50.5,55.2,59.3,14.7,3,9,2,1,1,0.8597,High,"[{""feature"": ""attendance"", ""label"": ""Attendance"", ""value"": 65.3, ""contribution"": 0.1129, ""direction"": ""increases_risk""}, {""feature"": ""avg_grade"", ""label"": ""Average Grade"", ""value"": 59.5, ""contribution"": 0.0944, ""direction"": ""increases_risk""}, {""feature"": ""assignment_completion"", ""label"": ""Assignment Completion"", ""value"": 50.5, ""contribution"": 0.0921, ""direction"": ""increases_risk""}, {""feature"": ""engagement_score"", ""label"": ""Engagement"", ""value"": 55.2, ""contribution"": 0.0754, ""direction"": ""increases_risk""}, {""feature"": ""absences"", ""label"": ""Absences"", ""value"": 9.0, ""contribution"": -0.0377, ""direction"": ""decreases_risk""}]"
ST1188,17,100.0,100.0,100.0,100.0,86.0,17.2,0,5,1,0,0,0.0446,Low,"[{""feature"": ""attendance"", ""label"": ""Attendance"", ""value"": 100.0, ""contribution"": -0.1133, ""direction"": ""decreases_risk""}, {""feature"": ""avg_grade"", ""label"": ""Average Grade"", ""value"": 100.0, ""contribution"": -0.1011, ""direction"": ""decreases_risk""}, {""feature"": ""engagement_score"", ""label"": ""Engagement"", ""value"": 100.0, ""contribution"": -0.0884, ""direction"": ""decreases_risk""}, {""feature"": ""assignment_completion"", ""label"": ""Assignment Completion"", ""value"": 100.0, ""contribution"": -0.0681, ""direction"": ""decreases_risk""}, {""feature"": ""participation_score"", ""label"": ""Participation"", ""value"": 86.0, ""contribution"": -0.0434, ""direction"": ""decreases_risk""}]"
ST1189,18,78.6,63.7,83.4,81.2,87.4,11.1,0,8,4,1,0,0.0401,Low,"[{""feature"": ""engagement_score"", ""label"": ""Engagement"", ""value"": 81.2, ""contribution"": -0.1192, ""direction"": ""decreases_risk""}, {""feature"": ""attendance"", ""label"": ""Attendance"", ""value"": 78.6, ""contribution"": -0.1138, ""direction"": ""decreases_risk""}, {""feature"": ""assignment_completion"", ""label"": ""Assignment Completion"", ""value"": 83.4, ""contribution"": -0.0774, ""direction"": ""decreases_risk""}, {""feature"": ""participation_score"", ""label"": ""Participation"", ""value"": 87.4, ""contribution"": -0.0581, ""direction"": ""decreases_risk""}, {""feature"": ""absences"", ""label"": ""Absences"", ""value"": 8.0, ""contribution"": -0.0406, ""direction"": ""decreases_risk""}]"
ST1190,21,87.2,77.3,88.4,67.9,75.3,16.4,0,4,1,1,0,0.1229,Low,"[{""feature"": ""attendance"", ""label"": ""Attendance"", ""value"": 87.2, ""contribution"": -0.1053, ""direction"": ""decreases_risk""}, {""feature"": ""avg_grade"", ""label"": ""Average Grade"", ""value"": 77.3, ""contribution"": -0.062, ""direction"": ""decreases_risk""}, {""feature"": ""assignment_completion"", ""label"": ""Assignment Completion"", ""value"": 88.4, ""contribution"": -0.0615, ""direction"": ""decreases_risk""}, {""feature"": ""participation_score"", ""label"": ""Participation"", ""value"": 75.3, ""contribution"": -0.0512, ""direction"": ""decreases_risk""}, {""feature"": ""engagement_score"", ""label"": ""Engagement"", ""value"": 67.9, ""contribution"": -0.0337, ""direction"": ""decreases_risk""}]"
ST1191,21,97.2,88.0,100.0,92.1,100.0,15.3,0,6,3,0,0,0.027,Low,"[{""feature"": ""attendance"", ""label"": ""Attendance"", ""value"": 97.2, ""contribution"": -0.1168, ""direction"": ""decreases_risk""}, {""feature"": ""avg_grade"", ""label"": ""Average Grade"", ""value"": 88.0, ""contribution"": -0.1073, ""direction"": ""decreases_risk""}, {""feature"": ""engagement_score"", ""label"": ""Engagement"", ""value"": 92.1, ""contribution"": -0.0925, ""direction"": ""decreases_risk""}, {""feature"": ""assignment_completion"", ""label"": ""Assignment Completion"", ""value"": 100.0, ""contribution"": -0.0661, ""direction"": ""decreases_risk""}, {""feature"": ""absences"", ""label"": ""Absences"", ""value"": 6.0, ""contribution"": -0.0288, ""direction"": ""decreases_risk""}]"
ST1192,20,54.9,32.1,57.5,39.4,29.1,9.2,4,16,2,1,1,0.9852,High,"[{""feature"": ""avg_grade"", ""label"": ""Average Grade"", ""value"": 32.1, ""contribution"": 0.1117, ""direction"": ""increases_risk""}, {""feature"": ""attendance"", ""label"": ""Attendance"", ""value"": 54.9, ""contribution"": 0.1068, ""direction"": ""increases_risk""}, {""feature"": ""engagement_score"", ""label"": ""Engagement"", ""value"": 39.4, ""contribution"": 0.0946, ""direction"": ""increases_risk""}, {""feature"": ""assignment_completion"", ""label"": ""Assignment Completion"", ""value"": 57.5, ""contribution"": 0.0748, ""direction"": ""increases_risk""}, {""feature"": ""participation_score"", ""label"": ""Participation"", ""value"": 29.1, ""contribution"": 0.0428, ""direction"": ""increases_risk""}]"
ST1193,18,44.8,47.9,31.9,46.8,49.5,4.4,2,21,3,1,1,0.9998,High,"[{""feature"": ""attendance"", ""label"": ""Attendance"", ""value"": 44.8, ""contribution"": 0.1173, ""direction"": ""increases_risk""}, {""feature"": ""avg_grade"", ""label"": ""Average Grade"", ""value"": 47.9, ""contribution"": 0.1161, ""direction"": ""increases_risk""}, {""feature"": ""engagement_score"", ""label"": ""Engagement"", ""value"": 46.8, ""contribution"": 0.0963, ""direction"": ""increases_risk""}, {""feature"": ""assignment_completion"", ""label"": ""Assignment Completion"", ""value"": 31.9, ""contribution"": 0.0773, ""direction"": ""increases_risk""}, {""feature"": ""participation_score"", ""label"": ""Participation"", ""value"": 49.5, ""contribution"": 0.0417, ""direction"": ""increases_risk""}]"
ST1194,23,50.8,51.7,48.3,41.4,71.8,7.3,3,15,5,1,1,0.9399,High,"[{""feature"": ""avg_grade"", ""label"": ""Average Grade"", ""value"": 51.7, ""contribution"": 0.1319, ""direction"": ""increases_risk""}, {""feature"": ""attendance"", ""label"": ""Attendance"", ""value"": 50.8, ""contribution"": 0.1185, ""direction"": ""increases_risk""}, {""feature"": ""engagement_score"", ""label"": ""Engagement"", ""value"": 41.4, ""contribution"": 0.1123, ""direction"": ""increases_risk""}, {""feature"": ""assignment_completion"", ""label"": ""Assignment Completion"", ""value"": 48.3, ""contribution"": 0.0853, ""direction"": ""increases_risk""}, {""feature"": ""participation_score"", ""label"": ""Participation"", ""value"": 71.8, ""contribution"": -0.0508, ""direction"": ""decreases_risk""}]"
ST1195,16,74.3,75.2,64.1,50.3,64.8,10.0,2,5,5,0,0,0.3431,Medium,"[{""feature"": ""avg_grade"", ""label"": ""Average Grade"", ""value"": 75.2, ""contribution"": -0.1331, ""direction"": ""decreases_risk""}, {""feature"": ""attendance"", ""label"": ""Attendance"", ""value"": 74.3, ""contribution"": -0.1319, ""direction"": ""decreases_risk""}, {""feature"": ""engagement_score"", ""label"": ""Engagement"", ""value"": 50.3, ""contribution"": 0.1136, ""direction"": ""increases_risk""}, {""feature"": ""assignment_completion"", ""label"": ""Assignment Completion"", ""value"": 64.1, ""contribution"": 0.0826, ""direction"": ""increases_risk""}, {""feature"": ""absences"", ""label"": ""Absences"", ""value"": 5.0, ""contribution"": -0.0416, ""direction"": ""decreases_risk""}]"
ST1196,18,69.0,49.3,75.6,51.0,46.2,7.9,2,9,3,1,1,0.9247,High,"[{""feature"": ""avg_grade"", ""label"": ""Average Grade"", ""value"": 49.3, ""contribution"": 0.1609, ""direction"": ""increases_risk""}, {""feature"": ""attendance"", ""label"": ""Attendance"", ""value"": 69.0, ""contribution"": 0.1168, ""direction"": ""increases_risk""}, {""feature"": ""engagement_score"", ""label"": ""Engagement"", ""value"": 51.0, ""contribution"": 0.1146, ""direction"": ""increases_risk""}, {""feature"": ""participation_score"", ""label"": ""Participation"", ""value"": 46.2, ""contribution"": 0.0576, ""direction"": ""increases_risk""}, {""feature"": ""absences"", ""label"": ""Absences"", ""value"": 9.0, ""contribution"": -0.0351, ""direction"": ""decreases_risk""}]"
ST1197,16,65.7,76.2,86.1,81.5,55.0,16.7,4,19,2,1,1,0.3525,Medium,"[{""feature"": ""engagement_score"", ""label"": ""Engagement"", ""value"": 81.5, ""contribution"": -0.1677, ""direction"": ""decreases_risk""}, {""feature"": ""avg_grade"", ""label"": ""Average Grade"", ""value"": 76.2, ""contribution"": -0.119, ""direction"": ""decreases_risk""}, {""feature"": ""attendance"", ""label"": ""Attendance"", ""value"": 65.7, ""contribution"": 0.1089, ""direction"": ""increases_risk""}, {""feature"": ""assignment_completion"", ""label"": ""Assignment Completion"", ""value"": 86.1, ""contribution"": -0.087, ""direction"": ""decreases_risk""}, {""feature"": ""absences"", ""label"": ""Absences"", ""value"": 19.0, ""contribution"": 0.0548, ""direction"": ""increases_risk""}]"
ST1198,18,81.3,55.2,55.6,64.0,77.1,10.7,2,8,5,1,0,0.4648,Medium,"[{""feature"": ""attendance"", ""label"": ""Attendance"", ""value"": 81.3, ""contribution"": -0.1561, ""direction"": ""decreases_risk""}, {""feature"": ""assignment_completion"", ""label"": ""Assignment Completion"", ""value"": 55.6, ""contribution"": 0.1354, ""direction"": ""increases_risk""}, {""feature"": ""avg_grade"", ""label"": ""Average Grade"", ""value"": 55.2, ""contribution"": 0.1273, ""direction"": ""increases_risk""}, {""feature"": ""participation_score"", ""label"": ""Participation"", ""value"": 77.1, ""contribution"": -0.0651, ""direction"": ""decreases_risk""}, {""feature"": ""absences"", ""label"": ""Absences"", ""value"": 8.0, ""contribution"": -0.0538, ""direction"": ""decreases_risk""}]"
ST1199,23,80.6,96.8,81.8,95.1,74.8,22.1,0,8,3,1,0,0.0144,Low,"[{""feature"": ""avg_grade"", ""label"": ""Average Grade"", ""value"": 96.8, ""contribution"": -0.1144, ""direction"": ""decreases_risk""}, {""feature"": ""attendance"", ""label"": ""Attendance"", ""value"": 80.6, ""contribution"": -0.0989, ""direction"": ""decreases_risk""}, {""feature"": ""engagement_score"", ""label"": ""Engagement"", ""value"": 95.1, ""contribution"": -0.0951, ""direction"": ""decreases_risk""}, {""feature"": ""assignment_completion"", ""label"": ""Assignment Completion"", ""value"": 81.8, ""contribution"": -0.0561, ""direction"": ""decreases_risk""}, {""feature"": ""participation_score"", ""label"": ""Participation"", ""value"": 74.8, ""contribution"": -0.0429, ""direction"": ""decreases_risk""}]"
ST1200,18,72.8,66.3,71.7,57.9,61.4,8.4,3,7,1,1,0,0.3167,Medium,"[{""feature"": ""attendance"", ""label"": ""Attendance"", ""value"": 72.8, ""contribution"": -0.0994, ""direction"": ""decreases_risk""}, {""feature"": ""avg_grade"", ""label"": ""Average Grade"", ""value"": 66.3, ""contribution"": -0.0911, ""direction"": ""decreases_risk""}, {""feature"": ""absences"", ""label"": ""Absences"", ""value"": 7.0, ""contribution"": -0.0608, ""direction"": ""decreases_risk""}, {""feature"": ""previous_failures"", ""label"": ""Previous Failures"", ""value"": 3.0, ""contribution"": 0.0439, ""direction"": ""increases_risk""}, {""feature"": ""engagement_score"", ""label"": ""Engagement"", ""value"": 57.9, ""contribution"": 0.0434, ""direction"": ""increases_risk""}]"
ST1201,23,91.1,78.0,77.0,61.1,53.6,14.0,1,6,5,0,0,0.1043,Low,"[{""feature"": ""attendance"", ""label"": ""Attendance"", ""value"": 91.1, ""contribution"": -0.165, ""direction"": ""decreases_risk""}, {""feature"": ""avg_grade"", ""label"": ""Average Grade"", ""value"": 78.0, ""contribution"": -0.1229, ""direction"": ""decreases_risk""}, {""feature"": ""absences"", ""label"": ""Absences"", ""value"": 6.0, ""contribution"": -0.0608, ""direction"": ""decreases_risk""}, {""feature"": ""assignment_completion"", ""label"": ""Assignment Completion"", ""value"": 77.0, ""contribution"": -0.0581, ""direction"": ""decreases_risk""}, {""feature"": ""participation_score"", ""label"": ""Participation"", ""value"": 53.6, ""contribution"": 0.0441, ""direction"": ""increases_risk""}]"
ST1202,19,100.0,99.2,90.7,100.0,100.0,19.3,0,0,5,1,0,0.0022,Low,"[{""feature"": ""avg_grade"", ""label"": ""Average Grade"", ""value"": 99.2, ""contribution"": -0.1118, ""direction"": ""decreases_risk""}, {""feature"": ""attendance"", ""label"": ""Attendance"", ""value"": 100.0, ""contribution"": -0.1069, ""direction"": ""decreases_risk""}, {""feature"": ""engagement_score"", ""label"": ""Engagement"", ""value"": 100.0, ""contribution"": -0.0943, ""direction"": ""decreases_risk""}, {""feature"": ""assignment_completion"", ""label"": ""Assignment Completion"", ""value"": 90.7, ""contribution"": -0.0729, ""direction"": ""decreases_risk""}, {""feature"": ""participation_score"", ""label"": ""Participation"", ""value"": 100.0, ""contribution"": -0.0341, ""direction"": ""decreases_risk""}]"
ST1203,21,80.5,65.3,100.0,74.1,81.4,9.0,0,2,2,0,0,0.1013,Low,"[{""feature"": ""attendance"", ""label"": ""Attendance"", ""value"": 80.5, ""contribution"": -0.1163, ""direction"": ""decreases_risk""}, {""feature"": ""participation_score"", ""label"": ""Participation"", ""value"": 81.4, ""contribution"": -0.0717, ""direction"": ""decreases_risk""}, {""feature"": ""engagement_score"", ""label"": ""Engagement"", ""value"": 74.1, ""contribution"": -0.0702, ""direction"": ""decreases_risk""}, {""feature"": ""assignment_completion"", ""label"": ""Assignment Completion"", ""value"": 100.0, ""contribution"": -0.0666, ""direction"": ""decreases_risk""}, {""feature"": ""absences"", ""label"": ""Absences"", ""value"": 2.0, ""contribution"": -0.0307, ""direction"": ""decreases_risk""}]"
ST1204,19,74.4,60.8,83.6,75.1,68.8,13.0,0,7,1,0,0,0.2285,Low,"[{""feature"": ""avg_grade"", ""label"": ""Average Grade"", ""value"": 60.8, ""contribution"": 0.1101, ""direction"": ""increases_risk""}, {""feature"": ""attendance"", ""label"": ""Attendance"", ""value"": 74.4, ""contribution"": -0.0969, ""direction"": ""decreases_risk""}, {""feature"": ""assignment_completion"", ""label"": ""Assignment Completion"", ""value"": 83.6, ""contribution"": -0.0839, ""direction"": ""decreases_risk""}, {""feature"": ""engagement_score"", ""label"": ""Engagement"", ""value"": 75.1, ""contribution"": -0.064, ""direction"": ""decreases_risk""}, {""feature"": ""absences"", ""label"": ""Absences"", ""value"": 7.0, ""contribution"": -0.0563, ""direction"": ""decreases_risk""}]"
ST1205,18,45.9,32.7,51.4,50.5,30.1,3.9,5,25,1,0,1,0.9973,High,"[{""feature"": ""attendance"", ""label"": ""Attendance"", ""value"": 45.9, ""contribution"": 0.1137, ""direction"": ""increases_risk""}, {""feature"": ""avg_grade"", ""label"": ""Average Grade"", ""value"": 32.7, ""contribution"": 0.1124, ""direction"": ""increases_risk""}, {""feature"": ""engagement_score"", ""label"": ""Engagement"", ""value"": 50.5, ""contribution"": 0.0882, ""direction"": ""increases_risk""}, {""feature"": ""assignment_completion"", ""label"": ""Assignment Completion"", ""value"": 51.4, ""contribution"": 0.0724, ""direction"": ""increases_risk""}, {""feature"": ""participation_score"", ""label"": ""Participation"", ""value"": 30.1, ""contribution"": 0.0394, ""direction"": ""increases_risk""}]"
ST1206,22,59.6,59.5,56.0,43.0,72.4,5.4,4,20,3,1,0,0.801,High,"[{""feature"": ""engagement_score"", ""label"": ""Engagement"", ""value"": 43.0, ""contribution"": 0.1042, ""direction"": ""increases_risk""}, {""feature"": ""attendance"", ""label"": ""Attendance"", ""value"": 59.6, ""contribution"": 0.0954, ""direction"": ""increases_risk""}, {""feature"": ""assignment_completion"", ""label"": ""Assignment Completion"", ""value"": 56.0, ""contribution"": 0.0811, ""direction"": ""increases_risk""}, {""feature"": ""participation_score"", ""label"": ""Participation"", ""value"": 72.4, ""contribution"": -0.079, ""direction"": ""decreases_risk""}, {""feature"": ""avg_grade"", ""label"": ""Average Grade"", ""value"": 59.5, ""contribution"": 0.0627, ""direction"": ""increases_risk""}]"
ST1207,23,70.7,76.2,85.6,64.7,63.8,13.0,0,9,2,1,0,0.1172,Low,"[{""feature"": ""avg_grade"", ""label"": ""Average Grade"", ""value"": 76.2, ""contribution"": -0.1143, ""direction"": ""decreases_risk""}, {""feature"": ""assignment_completion"", ""label"": ""Assignment Completion"", ""value"": 85.6, ""contribution"": -0.0818, ""direction"": ""decreases_risk""}, {""feature"": ""previous_failures"", ""label"": ""Previous Failures"", ""value"": 0.0, ""contribution"": -0.0536, ""direction"": ""decreases_risk""}, {""feature"": ""absences"", ""label"": ""Absences"", ""value"": 9.0, ""contribution"": -0.0468, ""direction"": ""decreases_risk""}, {""feature"": ""participation_score"", ""label"": ""Participation"", ""value"": 63.8, ""contribution"": -0.0397, ""direction"": ""decreases_risk""}]"
ST1208,18,70.9,56.0,71.0,65.8,52.4,11.3,0,8,4,1,0,0.297,Low,"[{""feature"": ""previous_failures"", ""label"": ""Previous Failures"", ""value"": 0.0, ""contribution"": -0.1027, ""direction"": ""decreases_risk""}, {""feature"": ""attendance"", ""label"": ""Attendance"", ""value"": 70.9, ""contribution"": -0.0894, ""direction"": ""decreases_risk""}, {""feature"": ""avg_grade"", ""label"": ""Average Grade"", ""value"": 56.0, ""contribution"": 0.0838, ""direction"": ""increases_risk""}, {""feature"": ""absences"", ""label"": ""Absences"", ""value"": 8.0, ""contribution"": -0.0709, ""direction"": ""decreases_risk""}, {""feature"": ""participation_score"", ""label"": ""Participation"", ""value"": 52.4, ""contribution"": 0.0415, ""direction"": ""increases_risk""}]"
ST1209,22,79.0,63.6,76.7,62.8,48.0,11.6,2,2,4,0,0,0.2587,Low,"[{""feature"": ""attendance"", ""label"": ""Attendance"", ""value"": 79.0, ""contribution"": -0.171, ""direction"": ""decreases_risk""}, {""feature"": ""assignment_completion"", ""label"": ""Assignment Completion"", ""value"": 76.7, ""contribution"": -0.0824, ""direction"": ""decreases_risk""}, {""feature"": ""absences"", ""label"": ""Absences"", ""value"": 2.0, ""contribution"": -0.0646, ""direction"": ""decreases_risk""}, {""feature"": ""participation_score"", ""label"": ""Participation"", ""value"": 48.0, ""contribution"": 0.0634, ""direction"": ""increases_risk""}, {""feature"": ""avg_grade"", ""label"": ""Average Grade"", ""value"": 63.6, ""contribution"": 0.0151, ""direction"": ""increases_risk""}]"
ST1210,18,74.7,69.0,88.5,81.0,63.7,12.7,0,9,1,1,0,0.0572,Low,"[{""feature"": ""engagement_score"", ""label"": ""Engagement"", ""value"": 81.0, ""contribution"": -0.1167, ""direction"": ""decreases_risk""}, {""feature"": ""attendance"", ""label"": ""Attendance"", ""value"": 74.7, ""contribution"": -0.0914, ""direction"": ""decreases_risk""}, {""feature"": ""assignment_completion"", ""label"": ""Assignment Completion"", ""value"": 88.5, ""contribution"": -0.0672, ""direction"": ""decreases_risk""}, {""feature"": ""avg_grade"", ""label"": ""Average Grade"", ""value"": 69.0, ""contribution"": -0.0652, ""direction"": ""decreases_risk""}, {""feature"": ""absences"", ""label"": ""Absences"", ""value"": 9.0, ""contribution"": -0.0334, ""direction"": ""decreases_risk""}]"
ST1211,21,90.2,88.3,82.4,88.2,67.2,16.6,0,4,5,1,0,0.0134,Low,"[{""feature"": ""avg_grade"", ""label"": ""Average Grade"", ""value"": 88.3, ""contribution"": -0.115, ""direction"": ""decreases_risk""}, {""feature"": ""attendance"", ""label"": ""Attendance"", ""value"": 90.2, ""contribution"": -0.1082, ""direction"": ""decreases_risk""}, {""feature"": ""engagement_score"", ""label"": ""Engagement"", ""value"": 88.2, ""contribution"": -0.0986, ""direction"": ""decreases_risk""}, {""feature"": ""assignment_completion"", ""label"": ""Assignment Completion"", ""value"": 82.4, ""contribution"": -0.0649, ""direction"": ""decreases_risk""}, {""feature"": ""absences"", ""label"": ""Absences"", ""value"": 4.0, ""contribution"": -0.0278, ""direction"": ""decreases_risk""}]"
ST1212,22,68.5,62.1,96.3,61.7,63.3,11.6,2,13,1,1,1,0.713,High,"[{""feature"": ""attendance"", ""label"": ""Attendance"", ""value"": 68.5, ""contribution"": 0.1223, ""direction"": ""increases_risk""}, {""feature"": ""assignment_completion"", ""label"": ""Assignment Completion"", ""value"": 96.3, ""contribution"": -0.0909, ""direction"": ""decreases_risk""}, {""feature"": ""engagement_score"", ""label"": ""Engagement"", ""value"": 61.7, ""contribution"": 0.0646, ""direction"": ""increases_risk""}, {""feature"": ""avg_grade"", ""label"": ""Average Grade"", ""value"": 62.1, ""contribution"": 0.0569, ""direction"": ""increases_risk""}, {""feature"": ""absences"", ""label"": ""Absences"", ""value"": 13.0, ""contribution"": 0.0465, ""direction"": ""increases_risk""}]"
ST1213,19,94.9,75.1,96.4,83.7,86.6,15.8,0,5,1,1,0,0.0343,Low,"[{""feature"": ""engagement_score"", ""label"": ""Engagement"", ""value"": 83.7, ""contribution"": -0.1142, ""direction"": ""decreases_risk""}, {""feature"": ""attendance"", ""label"": ""Attendance"", ""value"": 94.9, ""contribution"": -0.1099, ""direction"": ""decreases_risk""}, {""feature"": ""avg_grade"", ""label"": ""Average Grade"", ""value"": 75.1, ""contribution"": -0.0629, ""direction"": ""decreases_risk""}, {""feature"": ""assignment_completion"", ""label"": ""Assignment Completion"", ""value"": 96.4, ""contribution"": -0.058, ""direction"": ""decreases_risk""}, {""feature"": ""participation_score"", ""label"": ""Participation"", ""value"": 86.6, ""contribution"": -0.0451, ""direction"": ""decreases_risk""}]"
ST1214,21,100.0,88.7,100.0,94.6,81.4,15.7,0,0,4,0,0,0.0002,Low,"[{""feature"": ""attendance"", ""label"": ""Attendance"", ""value"": 100.0, ""contribution"": -0.1146, ""direction"": ""decreases_risk""}, {""feature"": ""avg_grade"", ""label"": ""Average Grade"", ""value"": 88.7, ""contribution"": -0.1068, ""direction"": ""decreases_risk""}, {""feature"": ""engagement_score"", ""label"": ""Engagement"", ""value"": 94.6, ""contribution"": -0.0942, ""direction"": ""decreases_risk""}, {""feature"": ""assignment_completion"", ""label"": ""Assignment Completion"", ""value"": 100.0, ""contribution"": -0.0736, ""direction"": ""decreases_risk""}, {""feature"": ""participation_score"", ""label"": ""Participation"", ""value"": 81.4, ""contribution"": -0.0403, ""direction"": ""decreases_risk""}]"
ST1215,18,70.9,63.4,60.2,69.8,64.8,17.7,0,12,4,0,0,0.2532,Low,"[{""feature"": ""engagement_score"", ""label"": ""Engagement"", ""value"": 69.8, ""contribution"": -0.1144, ""direction"": ""decreases_risk""}, {""feature"": ""previous_failures"", ""label"": ""Previous Failures"", ""value"": 0.0, ""contribution"": -0.0818, ""direction"": ""decreases_risk""}, {""feature"": ""assignment_completion"", ""label"": ""Assignment Completion"", ""value"": 60.2, ""contribution"": 0.0797, ""direction"": ""increases_risk""}, {""feature"": ""attendance"", ""label"": ""Attendance"", ""value"": 70.9, ""contribution"": -0.0679, ""direction"": ""decreases_risk""}, {""feature"": ""participation_score"", ""label"": ""Participation"", ""value"": 64.8, ""contribution"": -0.0522, ""direction"": ""decreases_risk""}]"
ST1216,16,79.6,56.5,65.2,65.7,54.6,6.0,2,5,5,1,0,0.4605,Medium,"[{""feature"": ""attendance"", ""label"": ""Attendance"", ""value"": 79.6, ""contribution"": -0.14, ""direction"": ""decreases_risk""}, {""feature"": ""avg_grade"", ""label"": ""Average Grade"", ""value"": 56.5, ""contribution"": 0.1016, ""direction"": ""increases_risk""}, {""feature"": ""assignment_completion"", ""label"": ""Assignment Completion"", ""value"": 65.2, ""contribution"": 0.0806, ""direction"": ""increases_risk""}, {""feature"": ""absences"", ""label"": ""Absences"", ""value"": 5.0, ""contribution"": -0.0649, ""direction"": ""decreases_risk""}, {""feature"": ""engagement_score"", ""label"": ""Engagement"", ""value"": 65.7, ""contribution"": -0.027, ""direction"": ""decreases_risk""}]"
ST1217,16,100.0,100.0,99.6,100.0,93.7,18.3,0,2,3,1,0,0.0027,Low,"[{""feature"": ""attendance"", ""label"": ""Attendance"", ""value"": 100.0, ""contribution"": -0.1099, ""direction"": ""decreases_risk""}, {""feature"": ""avg_grade"", ""label"": ""Average Grade"", ""value"": 100.0, ""contribution"": -0.1068, ""direction"": ""decreases_risk""}, {""feature"": ""engagement_score"", ""label"": ""Engagement"", ""value"": 100.0, ""contribution"": -0.0928, ""direction"": ""decreases_risk""}, {""feature"": ""assignment_completion"", ""label"": ""Assignment Completion"", ""value"": 99.6, ""contribution"": -0.0713, ""direction"": ""decreases_risk""}, {""feature"": ""participation_score"", ""label"": ""Participation"", ""value"": 93.7, ""contribution"": -0.0402, ""direction"": ""decreases_risk""}]"
ST1218,19,83.7,83.3,85.5,76.4,90.8,11.0,1,4,3,0,0,0.0242,Low,"[{""feature"": ""attendance"", ""label"": ""Attendance"", ""value"": 83.7, ""contribution"": -0.1124, ""direction"": ""decreases_risk""}, {""feature"": ""avg_grade"", ""label"": ""Average Grade"", ""value"": 83.3, ""contribution"": -0.1113, ""direction"": ""decreases_risk""}, {""feature"": ""assignment_completion"", ""label"": ""Assignment Completion"", ""value"": 85.5, ""contribution"": -0.0789, ""direction"": ""decreases_risk""}, {""feature"": ""engagement_score"", ""label"": ""Engagement"", ""value"": 76.4, ""contribution"": -0.0785, ""direction"": ""decreases_risk""}, {""feature"": ""participation_score"", ""label"": ""Participation"", ""value"": 90.8, ""contribution"": -0.0508, ""direction"": ""decreases_risk""}]"
ST1219,23,62.8,43.4,62.7,48.3,50.2,13.6,1,14,4,0,1,0.9576,High,"[{""feature"": ""attendance"", ""label"": ""Attendance"", ""value"": 62.8, ""contribution"": 0.1194, ""direction"": ""increases_risk""}, {""feature"": ""avg_grade"", ""label"": ""Average Grade"", ""value"": 43.4, ""contribution"": 0.1187, ""direction"": ""increases_risk""}, {""feature"": ""engagement_score"", ""label"": ""Engagement"", ""value"": 48.3, ""contribution"": 0.1046, ""direction"": ""increases_risk""}, {""feature"": ""assignment_completion"", ""label"": ""Assignment Completion"", ""value"": 62.7, ""contribution"": 0.0677, ""direction"": ""increases_risk""}, {""feature"": ""participation_score"", ""label"": ""Participation"", ""value"": 50.2, ""contribution"": 0.047, ""direction"": ""increases_risk""}]"
ST1220,17,58.1,50.4,55.5,42.7,57.4,3.3,4,16,4,1,0,0.9785,High,"[{""feature"": ""avg_grade"", ""label"": ""Average Grade"", ""value"": 50.4, ""contribution"": 0.1129, ""direction"": ""increases_risk""}, {""feature"": ""attendance"", ""label"": ""Attendance"", ""value"": 58.1, ""contribution"": 0.1032, ""direction"": ""increases_risk""}, {""feature"": ""engagement_score"", ""label"": ""Engagement"", ""value"": 42.7, ""contribution"": 0.1032, ""direction"": ""increases_risk""}, {""feature"": ""assignment_completion"", ""label"": ""Assignment Completion"", ""value"": 55.5, ""contribution"": 0.0765, ""direction"": ""increases_risk""}, {""feature"": ""absences"", ""label"": ""Absences"", ""value"": 16.0, ""contribution"": 0.0332, ""direction"": ""increases_risk""}]"
ST1221,19,54.8,60.3,49.8,54.3,36.4,8.7,5,16,4,0,1,0.9426,High,"[{""feature"": ""attendance"", ""label"": ""Attendance"", ""value"": 54.8, ""contribution"": 0.1095, ""direction"": ""increases_risk""}, {""feature"": ""assignment_completion"", ""label"": ""Assignment Completion"", ""value"": 49.8, ""contribution"": 0.0734, ""direction"": ""increases_risk""}, {""feature"": ""engagement_score"", ""label"": ""Engagement"", ""value"": 54.3, ""contribution"": 0.0712, ""direction"": ""increases_risk""}, {""feature"": ""avg_grade"", ""label"": ""Average Grade"", ""value"": 60.3, ""contribution"": 0.0684, ""direction"": ""increases_risk""}, {""feature"": ""participation_score"", ""label"": ""Participation"", ""value"": 36.4, ""contribution"": 0.0526, ""direction"": ""increases_risk""}]"
ST1222,21,97.2,70.9,70.6,65.9,84.2,12.6,0,3,2,0,0,0.1109,Low,"[{""feature"": ""attendance"", ""label"": ""Attendance"", ""value"": 97.2, ""contribution"": -0.1718, ""direction"": ""decreases_risk""}, {""feature"": ""avg_grade"", ""label"": ""Average Grade"", ""value"": 70.9, ""contribution"": -0.0931, ""direction"": ""decreases_risk""}, {""feature"": ""previous_failures"", ""label"": ""Previous Failures"", ""value"": 0.0, ""contribution"": -0.0505, ""direction"": ""decreases_risk""}, {""feature"": ""participation_score"", ""label"": ""Participation"", ""value"": 84.2, ""contribution"": -0.0458, ""direction"": ""decreases_risk""}, {""feature"": ""absences"", ""label"": ""Absences"", ""value"": 3.0, ""contribution"": -0.0404, ""direction"": ""decreases_risk""}]"
ST1223,17,89.1,82.6,94.4,100.0,74.6,16.8,0,0,5,1,0,0.0014,Low,"[{""feature"": ""avg_grade"", ""label"": ""Average Grade"", ""value"": 82.6, ""contribution"": -0.1071, ""direction"": ""decreases_risk""}, {""feature"": ""attendance"", ""label"": ""Attendance"", ""value"": 89.1, ""contribution"": -0.1062, ""direction"": ""decreases_risk""}, {""feature"": ""engagement_score"", ""label"": ""Engagement"", ""value"": 100.0, ""contribution"": -0.0926, ""direction"": ""decreases_risk""}, {""feature"": ""assignment_completion"", ""label"": ""Assignment Completion"", ""value"": 94.4, ""contribution"": -0.0735, ""direction"": ""decreases_risk""}, {""feature"": ""participation_score"", ""label"": ""Participation"", ""value"": 74.6, ""contribution"": -0.0442, ""direction"": ""decreases_risk""}]"
ST1224,21,91.5,100.0,94.3,100.0,94.7,20.6,0,0,2,0,0,0.0031,Low,"[{""feature"": ""attendance"", ""label"": ""Attendance"", ""value"": 91.5, ""contribution"": -0.1163, ""direction"": ""decreases_risk""}, {""feature"": ""avg_grade"", ""label"": ""Average Grade"", ""value"": 100.0, ""contribution"": -0.1124, ""direction"": ""decreases_risk""}, {""feature"": ""engagement_score"", ""label"": ""Engagement"", ""value"": 100.0, ""contribution"": -0.095, ""direction"": ""decreases_risk""}, {""feature"": ""assignment_completion"", ""label"": ""Assignment Completion"", ""value"": 94.3, ""contribution"": -0.0716, ""direction"": ""decreases_risk""}, {""feature"": ""participation_score"", ""label"": ""Participation"", ""value"": 94.7, ""contribution"": -0.0386, ""direction"": ""decreases_risk""}]"
ST1225,18,75.7,63.7,67.5,69.6,61.8,14.1,1,8,2,0,0,0.2782,Low,"[{""feature"": ""attendance"", ""label"": ""Attendance"", ""value"": 75.7, ""contribution"": -0.1282, ""direction"": ""decreases_risk""}, {""feature"": ""assignment_completion"", ""label"": ""Assignment Completion"", ""value"": 67.5, ""contribution"": 0.0893, ""direction"": ""increases_risk""}, {""feature"": ""engagement_score"", ""label"": ""Engagement"", ""value"": 69.6, ""contribution"": -0.0791, ""direction"": ""decreases_risk""}, {""feature"": ""absences"", ""label"": ""Absences"", ""value"": 8.0, ""contribution"": -0.0506, ""direction"": ""decreases_risk""}, {""feature"": ""participation_score"", ""label"": ""Participation"", ""value"": 61.8, ""contribution"": -0.0274, ""direction"": ""decreases_risk""}]"
ST1226,22,73.4,74.1,88.9,67.5,69.4,8.9,4,5,2,1,1,0.4328,Medium,"[{""feature"": ""previous_failures"", ""label"": ""Previous Failures"", ""value"": 4.0, ""contribution"": 0.0654, ""direction"": ""increases_risk""}, {""feature"": ""assignment_completion"", ""label"": ""Assignment Completion"", ""value"": 88.9, ""contribution"": -0.0584, ""direction"": ""decreases_risk""}, {""feature"": ""avg_grade"", ""label"": ""Average Grade"", ""value"": 74.1, ""contribution"": -0.0473, ""direction"": ""decreases_risk""}, {""feature"": ""attendance"", ""label"": ""Attendance"", ""value"": 73.4, ""contribution"": -0.0349, ""direction"": ""decreases_risk""}, {""feature"": ""absences"", ""label"": ""Absences"", ""value"": 5.0, ""contribution"": -0.0216, ""direction"": ""decreases_risk""}]"
ST1227,20,42.2,49.5,52.7,45.0,57.4,6.8,2,19,2,1,1,0.9938,High,"[{""feature"": ""attendance"", ""label"": ""Attendance"", ""value"": 42.2, ""contribution"": 0.1205, ""direction"": ""increases_risk""}, {""feature"": ""avg_grade"", ""label"": ""Average Grade"", ""value"": 49.5, ""contribution"": 0.113, ""direction"": ""increases_risk""}, {""feature"": ""engagement_score"", ""label"": ""Engagement"", ""value"": 45.0, ""contribution"": 0.1015, ""direction"": ""increases_risk""}, {""feature"": ""assignment_completion"", ""label"": ""Assignment Completion"", ""value"": 52.7, ""contribution"": 0.0751, ""direction"": ""increases_risk""}, {""feature"": ""absences"", ""label"": ""Absences"", ""value"": 19.0, ""contribution"": 0.0359, ""direction"": ""increases_risk""}]"
ST1228,20,68.3,50.2,74.3,36.5,47.6,1.5,2,10,2,0,1,0.9518,High,"[{""feature"": ""avg_grade"", ""label"": ""Average Grade"", ""value"": 50.2, ""contribution"": 0.1397, ""direction"": ""increases_risk""}, {""feature"": ""engagement_score"", ""label"": ""Engagement"", ""value"": 36.5, ""contribution"": 0.1109, ""direction"": ""increases_risk""}, {""feature"": ""attendance"", ""label"": ""Attendance"", ""value"": 68.3, ""contribution"": 0.1069, ""direction"": ""increases_risk""}, {""feature"": ""participation_score"", ""label"": ""Participation"", ""value"": 47.6, ""contribution"": 0.0507, ""direction"": ""increases_risk""}, {""feature"": ""previous_failures"", ""label"": ""Previous Failures"", ""value"": 2.0, ""contribution"": 0.0142, ""direction"": ""increases_risk""}]"
ST1229,17,79.5,78.2,77.0,70.7,81.9,12.9,0,11,3,1,0,0.0808,Low,"[{""feature"": ""attendance"", ""label"": ""Attendance"", ""value"": 79.5, ""contribution"": -0.1115, ""direction"": ""decreases_risk""}, {""feature"": ""avg_grade"", ""label"": ""Average Grade"", ""value"": 78.2, ""contribution"": -0.1063, ""direction"": ""decreases_risk""}, {""feature"": ""participation_score"", ""label"": ""Participation"", ""value"": 81.9, ""contribution"": -0.0636, ""direction"": ""decreases_risk""}, {""feature"": ""engagement_score"", ""label"": ""Engagement"", ""value"": 70.7, ""contribution"": -0.0631, ""direction"": ""decreases_risk""}, {""feature"": ""assignment_completion"", ""label"": ""Assignment Completion"", ""value"": 77.0, ""contribution"": -0.0427, ""direction"": ""decreases_risk""}]"
ST1230,19,90.4,96.3,100.0,94.6,77.1,15.2,1,4,4,0,0,0.0003,Low,"[{""feature"": ""attendance"", ""label"": ""Attendance"", ""value"": 90.4, ""contribution"": -0.1179, ""direction"": ""decreases_risk""}, {""feature"": ""avg_grade"", ""label"": ""Average Grade"", ""value"": 96.3, ""contribution"": -0.1095, ""direction"": ""decreases_risk""}, {""feature"": ""engagement_score"", ""label"": ""Engagement"", ""value"": 94.6, ""contribution"": -0.0962, ""direction"": ""decreases_risk""}, {""feature"": ""assignment_completion"", ""label"": ""Assignment Completion"", ""value"": 100.0, ""contribution"": -0.0789, ""direction"": ""decreases_risk""}, {""feature"": ""participation_score"", ""label"": ""Participation"", ""value"": 77.1, ""contribution"": -0.0414, ""direction"": ""decreases_risk""}]"
ST1231,22,94.4,87.7,87.5,79.3,81.0,12.9,0,5,3,0,0,0.0061,Low,"[{""feature"": ""attendance"", ""label"": ""Attendance"", ""value"": 94.4, ""contribution"": -0.1213, ""direction"": ""decreases_risk""}, {""feature"": ""avg_grade"", ""label"": ""Average Grade"", ""value"": 87.7, ""contribution"": -0.1052, ""direction"": ""decreases_risk""}, {""feature"": ""engagement_score"", ""label"": ""Engagement"", ""value"": 79.3, ""contribution"": -0.0872, ""direction"": ""decreases_risk""}, {""feature"": ""assignment_completion"", ""label"": ""Assignment Completion"", ""value"": 87.5, ""contribution"": -0.0701, ""direction"": ""decreases_risk""}, {""feature"": ""participation_score"", ""label"": ""Participation"", ""value"": 81.0, ""contribution"": -0.0437, ""direction"": ""decreases_risk""}]"
ST1232,16,79.7,64.4,60.1,70.2,60.7,6.0,1,8,5,0,0,0.3025,Medium,"[{""feature"": ""attendance"", ""label"": ""Attendance"", ""value"": 79.7, ""contribution"": -0.1218, ""direction"": ""decreases_risk""}, {""feature"": ""assignment_completion"", ""label"": ""Assignment Completion"", ""value"": 60.1, ""contribution"": 0.1099, ""direction"": ""increases_risk""}, {""feature"": ""engagement_score"", ""label"": ""Engagement"", ""value"": 70.2, ""contribution"": -0.0995, ""direction"": ""decreases_risk""}, {""feature"": ""absences"", ""label"": ""Absences"", ""value"": 8.0, ""contribution"": -0.0478, ""direction"": ""decreases_risk""}, {""feature"": ""participation_score"", ""label"": ""Participation"", ""value"": 60.7, ""contribution"": -0.0261, ""direction"": ""decreases_risk""}]"
ST1233,22,70.3,74.4,95.8,82.9,74.7,14.1,1,9,3,1,0,0.0566,Low,"[{""feature"": ""engagement_score"", ""label"": ""Engagement"", ""value"": 82.9, ""contribution"": -0.1426, ""direction"": ""decreases_risk""}, {""feature"": ""avg_grade"", ""label"": ""Average Grade"", ""value"": 74.4, ""contribution"": -0.0966, ""direction"": ""decreases_risk""}, {""feature"": ""assignment_completion"", ""label"": ""Assignment Completion"", ""value"": 95.8, ""contribution"": -0.0807, ""direction"": ""decreases_risk""}, {""feature"": ""participation_score"", ""label"": ""Participation"", ""value"": 74.7, ""contribution"": -0.0576, ""direction"": ""decreases_risk""}, {""feature"": ""absences"", ""label"": ""Absences"", ""value"": 9.0, ""contribution"": -0.0288, ""direction"": ""decreases_risk""}]"
ST1234,19,100.0,84.1,91.7,74.1,71.0,9.5,0,0,3,0,0,0.0477,Low,"[{""feature"": ""attendance"", ""label"": ""Attendance"", ""value"": 100.0, ""contribution"": -0.1193, ""direction"": ""decreases_risk""}, {""feature"": ""avg_grade"", ""label"": ""Average Grade"", ""value"": 84.1, ""contribution"": -0.1128, ""direction"": ""decreases_risk""}, {""feature"": ""assignment_completion"", ""label"": ""Assignment Completion"", ""value"": 91.7, ""contribution"": -0.0755, ""direction"": ""decreases_risk""}, {""feature"": ""engagement_score"", ""label"": ""Engagement"", ""value"": 74.1, ""contribution"": -0.0527, ""direction"": ""decreases_risk""}, {""feature"": ""participation_score"", ""label"": ""Participation"", ""value"": 71.0, ""contribution"": -0.0365, ""direction"": ""decreases_risk""}]"
ST1235,21,79.4,73.8,83.9,59.0,65.0,11.3,2,9,1,0,0,0.124,Low,"[{""feature"": ""attendance"", ""label"": ""Attendance"", ""value"": 79.4, ""contribution"": -0.1764, ""direction"": ""decreases_risk""}, {""feature"": ""avg_grade"", ""label"": ""Average Grade"", ""value"": 73.8, ""contribution"": -0.096, ""direction"": ""decreases_risk""}, {""feature"": ""assignment_completion"", ""label"": ""Assignment Completion"", ""value"": 83.9, ""contribution"": -0.0824, ""direction"": ""decreases_risk""}, {""feature"": ""engagement_score"", ""label"": ""Engagement"", ""value"": 59.0, ""contribution"": 0.0514, ""direction"": ""increases_risk""}, {""feature"": ""absences"", ""label"": ""Absences"", ""value"": 9.0, ""contribution"": -0.0469, ""direction"": ""decreases_risk""}]"
ST1236,21,87.0,73.2,81.8,93.2,63.2,10.6,2,8,5,1,0,0.0735,Low,"[{""feature"": ""attendance"", ""label"": ""Attendance"", ""value"": 87.0, ""contribution"": -0.1174, ""direction"": ""decreases_risk""}, {""feature"": ""engagement_score"", ""label"": ""Engagement"", ""value"": 93.2, ""contribution"": -0.1113, ""direction"": ""decreases_risk""}, {""feature"": ""avg_grade"", ""label"": ""Average Grade"", ""value"": 73.2, ""contribution"": -0.0819, ""direction"": ""decreases_risk""}, {""feature"": ""assignment_completion"", ""label"": ""Assignment Completion"", ""value"": 81.8, ""contribution"": -0.0657, ""direction"": ""decreases_risk""}, {""feature"": ""absences"", ""label"": ""Absences"", ""value"": 8.0, ""contribution"": -0.0359, ""direction"": ""decreases_risk""}]"
ST1237,19,100.0,93.5,92.2,90.5,79.5,12.3,0,0,1,1,0,0.001,Low,"[{""feature"": ""attendance"", ""label"": ""Attendance"", ""value"": 100.0, ""contribution"": -0.1186, ""direction"": ""decreases_risk""}, {""feature"": ""avg_grade"", ""label"": ""Average Grade"", ""value"": 93.5, ""contribution"": -0.106, ""direction"": ""decreases_risk""}, {""feature"": ""engagement_score"", ""label"": ""Engagement"", ""value"": 90.5, ""contribution"": -0.0966, ""direction"": ""decreases_risk""}, {""feature"": ""assignment_completion"", ""label"": ""Assignment Completion"", ""value"": 92.2, ""contribution"": -0.0751, ""direction"": ""decreases_risk""}, {""feature"": ""participation_score"", ""label"": ""Participation"", ""value"": 79.5, ""contribution"": -0.0428, ""direction"": ""decreases_risk""}]"
ST1238,18,73.8,70.1,65.8,60.6,64.1,14.1,4,4,1,1,0,0.4414,Medium,"[{""feature"": ""avg_grade"", ""label"": ""Average Grade"", ""value"": 70.1, ""contribution"": -0.1148, ""direction"": ""decreases_risk""}, {""feature"": ""attendance"", ""label"": ""Attendance"", ""value"": 73.8, ""contribution"": -0.1145, ""direction"": ""decreases_risk""}, {""feature"": ""assignment_completion"", ""label"": ""Assignment Completion"", ""value"": 65.8, ""contribution"": 0.1089, ""direction"": ""increases_risk""}, {""feature"": ""previous_failures"", ""label"": ""Previous Failures"", ""value"": 4.0, ""contribution"": 0.0649, ""direction"": ""increases_risk""}, {""feature"": ""engagement_score"", ""label"": ""Engagement"", ""value"": 60.6, ""contribution"": 0.044, ""direction"": ""increases_risk""}]"
ST1239,21,85.0,68.9,99.8,75.5,67.7,15.6,0,0,5,1,0,0.1626,Low,"[{""feature"": ""attendance"", ""label"": ""Attendance"", ""value"": 85.0, ""contribution"": -0.0882, ""direction"": ""decreases_risk""}, {""feature"": ""engagement_score"", ""label"": ""Engagement"", ""value"": 75.5, ""contribution"": -0.0607, ""direction"": ""decreases_risk""}, {""feature"": ""assignment_completion"", ""label"": ""Assignment Completion"", ""value"": 99.8, ""contribution"": -0.0604, ""direction"": ""decreases_risk""}, {""feature"": ""avg_grade"", ""label"": ""Average Grade"", ""value"": 68.9, ""contribution"": -0.0449, ""direction"": ""decreases_risk""}, {""feature"": ""previous_failures"", ""label"": ""Previous Failures"", ""value"": 0.0, ""contribution"": -0.0278, ""direction"": ""decreases_risk""}]"
ST1240,17,67.7,76.2,77.4,65.2,64.0,14.3,3,10,3,0,0,0.3423,Medium,"[{""feature"": ""avg_grade"", ""label"": ""Average Grade"", ""value"": 76.2, ""contribution"": -0.1691, ""direction"": ""decreases_risk""}, {""feature"": ""attendance"", ""label"": ""Attendance"", ""value"": 67.7, ""contribution"": 0.1041, ""direction"": ""increases_risk""}, {""feature"": ""assignment_completion"", ""label"": ""Assignment Completion"", ""value"": 77.4, ""contribution"": -0.0677, ""direction"": ""decreases_risk""}, {""feature"": ""participation_score"", ""label"": ""Participation"", ""value"": 64.0, ""contribution"": -0.0461, ""direction"": ""decreases_risk""}, {""feature"": ""previous_failures"", ""label"": ""Previous Failures"", ""value"": 3.0, ""contribution"": 0.0443, ""direction"": ""increases_risk""}]"
ST1241,20,78.3,85.5,79.6,67.0,65.6,15.4,2,1,1,1,0,0.0738,Low,"[{""feature"": ""avg_grade"", ""label"": ""Average Grade"", ""value"": 85.5, ""contribution"": -0.1363, ""direction"": ""decreases_risk""}, {""feature"": ""attendance"", ""label"": ""Attendance"", ""value"": 78.3, ""contribution"": -0.1178, ""direction"": ""decreases_risk""}, {""feature"": ""assignment_completion"", ""label"": ""Assignment Completion"", ""value"": 79.6, ""contribution"": -0.0787, ""direction"": ""decreases_risk""}, {""feature"": ""absences"", ""label"": ""Absences"", ""value"": 1.0, ""contribution"": -0.0324, ""direction"": ""decreases_risk""}, {""feature"": ""study_hours"", ""label"": ""Study Hours"", ""value"": 15.4, ""contribution"": -0.0259, ""direction"": ""decreases_risk""}]"
ST1242,16,100.0,100.0,100.0,96.9,77.2,14.8,0,5,3,0,0,0.0019,Low,"[{""feature"": ""attendance"", ""label"": ""Attendance"", ""value"": 100.0, ""contribution"": -0.1178, ""direction"": ""decreases_risk""}, {""feature"": ""avg_grade"", ""label"": ""Average Grade"", ""value"": 100.0, ""contribution"": -0.1054, ""direction"": ""decreases_risk""}, {""feature"": ""engagement_score"", ""label"": ""Engagement"", ""value"": 96.9, ""contribution"": -0.0923, ""direction"": ""decreases_risk""}, {""feature"": ""assignment_completion"", ""label"": ""Assignment Completion"", ""value"": 100.0, ""contribution"": -0.0691, ""direction"": ""decreases_risk""}, {""feature"": ""participation_score"", ""label"": ""Participation"", ""value"": 77.2, ""contribution"": -0.0425, ""direction"": ""decreases_risk""}]"
ST1243,21,86.8,92.4,100.0,100.0,73.3,18.7,0,6,3,1,0,0.0027,Low,"[{""feature"": ""avg_grade"", ""label"": ""Average Grade"", ""value"": 92.4, ""contribution"": -0.1111, ""direction"": ""decreases_risk""}, {""feature"": ""attendance"", ""label"": ""Attendance"", ""value"": 86.8, ""contribution"": -0.1049, ""direction"": ""decreases_risk""}, {""feature"": ""engagement_score"", ""label"": ""Engagement"", ""value"": 100.0, ""contribution"": -0.0917, ""direction"": ""decreases_risk""}, {""feature"": ""assignment_completion"", ""label"": ""Assignment Completion"", ""value"": 100.0, ""contribution"": -0.0706, ""direction"": ""decreases_risk""}, {""feature"": ""participation_score"", ""label"": ""Participation"", ""value"": 73.3, ""contribution"": -0.0409, ""direction"": ""decreases_risk""}]"
ST1244,21,45.0,44.7,59.5,44.7,36.8,1.1,3,17,1,1,1,0.9956,High,"[{""feature"": ""attendance"", ""label"": ""Attendance"", ""value"": 45.0, ""contribution"": 0.1134, ""direction"": ""increases_risk""}, {""feature"": ""avg_grade"", ""label"": ""Average Grade"", ""value"": 44.7, ""contribution"": 0.112, ""direction"": ""increases_risk""}, {""feature"": ""engagement_score"", ""label"": ""Engagement"", ""value"": 44.7, ""contribution"": 0.0932, ""direction"": ""increases_risk""}, {""feature"": ""assignment_completion"", ""label"": ""Assignment Completion"", ""value"": 59.5, ""contribution"": 0.073, ""direction"": ""increases_risk""}, {""feature"": ""participation_score"", ""label"": ""Participation"", ""value"": 36.8, ""contribution"": 0.0414, ""direction"": ""increases_risk""}]"
ST1245,16,100.0,80.6,87.6,97.2,100.0,19.5,0,0,4,0,0,0.0092,Low,"[{""feature"": ""attendance"", ""label"": ""Attendance"", ""value"": 100.0, ""contribution"": -0.1134, ""direction"": ""decreases_risk""}, {""feature"": ""avg_grade"", ""label"": ""Average Grade"", ""value"": 80.6, ""contribution"": -0.1072, ""direction"": ""decreases_risk""}, {""feature"": ""engagement_score"", ""label"": ""Engagement"", ""value"": 97.2, ""contribution"": -0.0948, ""direction"": ""decreases_risk""}, {""feature"": ""assignment_completion"", ""label"": ""Assignment Completion"", ""value"": 87.6, ""contribution"": -0.0737, ""direction"": ""decreases_risk""}, {""feature"": ""participation_score"", ""label"": ""Participation"", ""value"": 100.0, ""contribution"": -0.0335, ""direction"": ""decreases_risk""}]"
ST1246,22,100.0,94.4,100.0,91.4,100.0,20.0,0,3,4,0,0,0.0105,Low,"[{""feature"": ""avg_grade"", ""label"": ""Average Grade"", ""value"": 94.4, ""contribution"": -0.1122, ""direction"": ""decreases_risk""}, {""feature"": ""attendance"", ""label"": ""Attendance"", ""value"": 100.0, ""contribution"": -0.1118, ""direction"": ""decreases_risk""}, {""feature"": ""engagement_score"", ""label"": ""Engagement"", ""value"": 91.4, ""contribution"": -0.0952, ""direction"": ""decreases_risk""}, {""feature"": ""assignment_completion"", ""label"": ""Assignment Completion"", ""value"": 100.0, ""contribution"": -0.0716, ""direction"": ""decreases_risk""}, {""feature"": ""participation_score"", ""label"": ""Participation"", ""value"": 100.0, ""contribution"": -0.0298, ""direction"": ""decreases_risk""}]"
ST1247,19,99.5,100.0,100.0,99.6,97.1,17.6,0,0,1,1,0,0.0213,Low,"[{""feature"": ""attendance"", ""label"": ""Attendance"", ""value"": 99.5, ""contribution"": -0.1131, ""direction"": ""decreases_risk""}, {""feature"": ""avg_grade"", ""label"": ""Average Grade"", ""value"": 100.0, ""contribution"": -0.1022, ""direction"": ""decreases_risk""}, {""feature"": ""engagement_score"", ""label"": ""Engagement"", ""value"": 99.6, ""contribution"": -0.0939, ""direction"": ""decreases_risk""}, {""feature"": ""assignment_completion"", ""label"": ""Assignment Completion"", ""value"": 100.0, ""contribution"": -0.0728, ""direction"": ""decreases_risk""}, {""feature"": ""participation_score"", ""label"": ""Participation"", ""value"": 97.1, ""contribution"": -0.04, ""direction"": ""decreases_risk""}]"
ST1248,22,64.2,64.7,84.1,81.1,80.5,13.7,0,9,4,1,0,0.1586,Low,"[{""feature"": ""engagement_score"", ""label"": ""Engagement"", ""value"": 81.1, ""contribution"": -0.1727, ""direction"": ""decreases_risk""}, {""feature"": ""attendance"", ""label"": ""Attendance"", ""value"": 64.2, ""contribution"": 0.1313, ""direction"": ""increases_risk""}, {""feature"": ""assignment_completion"", ""label"": ""Assignment Completion"", ""value"": 84.1, ""contribution"": -0.1024, ""direction"": ""decreases_risk""}, {""feature"": ""participation_score"", ""label"": ""Participation"", ""value"": 80.5, ""contribution"": -0.0681, ""direction"": ""decreases_risk""}, {""feature"": ""previous_failures"", ""label"": ""Previous Failures"", ""value"": 0.0, ""contribution"": -0.045, ""direction"": ""decreases_risk""}]"
ST1249,16,82.5,64.9,82.1,72.8,45.8,14.7,0,4,2,0,1,0.3911,Medium,"[{""feature"": ""participation_score"", ""label"": ""Participation"", ""value"": 45.8, ""contribution"": 0.1145, ""direction"": ""increases_risk""}, {""feature"": ""attendance"", ""label"": ""Attendance"", ""value"": 82.5, ""contribution"": -0.1108, ""direction"": ""decreases_risk""}, {""feature"": ""assignment_completion"", ""label"": ""Assignment Completion"", ""value"": 82.1, ""contribution"": -0.0537, ""direction"": ""decreases_risk""}, {""feature"": ""avg_grade"", ""label"": ""Average Grade"", ""value"": 64.9, ""contribution"": 0.0464, ""direction"": ""increases_risk""}, {""feature"": ""engagement_score"", ""label"": ""Engagement"", ""value"": 72.8, ""contribution"": -0.0382, ""direction"": ""decreases_risk""}]"
ST1250,17,56.7,70.2,63.6,27.9,41.5,15.3,0,15,4,0,1,0.814,High,"[{""feature"": ""attendance"", ""label"": ""Attendance"", ""value"": 56.7, ""contribution"": 0.1679, ""direction"": ""increases_risk""}, {""feature"": ""engagement_score"", ""label"": ""Engagement"", ""value"": 27.9, ""contribution"": 0.1375, ""direction"": ""increases_risk""}, {""feature"": ""avg_grade"", ""label"": ""Average Grade"", ""value"": 70.2, ""contribution"": -0.0821, ""direction"": ""decreases_risk""}, {""feature"": ""assignment_completion"", ""label"": ""Assignment Completion"", ""value"": 63.6, ""contribution"": 0.0696, ""direction"": ""increases_risk""}, {""feature"": ""participation_score"", ""label"": ""Participation"", ""value"": 41.5, ""contribution"": 0.0626, ""direction"": ""increases_risk""}]"
ST1251,19,58.0,54.5,55.9,54.3,46.6,7.2,1,17,2,1,1,0.9274,High,"[{""feature"": ""attendance"", ""label"": ""Attendance"", ""value"": 58.0, ""contribution"": 0.1147, ""direction"": ""increases_risk""}, {""feature"": ""assignment_completion"", ""label"": ""Assignment Completion"", ""value"": 55.9, ""contribution"": 0.0856, ""direction"": ""increases_risk""}, {""feature"": ""avg_grade"", ""label"": ""Average Grade"", ""value"": 54.5, ""contribution"": 0.0757, ""direction"": ""increases_risk""}, {""feature"": ""engagement_score"", ""label"": ""Engagement"", ""value"": 54.3, ""contribution"": 0.068, ""direction"": ""increases_risk""}, {""feature"": ""participation_score"", ""label"": ""Participation"", ""value"": 46.6, ""contribution"": 0.0526, ""direction"": ""increases_risk""}]"
ST1252,17,100.0,100.0,100.0,100.0,90.3,24.4,0,4,2,1,0,0.0013,Low,"[{""feature"": ""attendance"", ""label"": ""Attendance"", ""value"": 100.0, ""contribution"": -0.1108, ""direction"": ""decreases_risk""}, {""feature"": ""avg_grade"", ""label"": ""Average Grade"", ""value"": 100.0, ""contribution"": -0.1082, ""direction"": ""decreases_risk""}, {""feature"": ""engagement_score"", ""label"": ""Engagement"", ""value"": 100.0, ""contribution"": -0.0948, ""direction"": ""decreases_risk""}, {""feature"": ""assignment_completion"", ""label"": ""Assignment Completion"", ""value"": 100.0, ""contribution"": -0.0713, ""direction"": ""decreases_risk""}, {""feature"": ""participation_score"", ""label"": ""Participation"", ""value"": 90.3, ""contribution"": -0.0413, ""direction"": ""decreases_risk""}]"
ST1253,18,82.6,62.8,74.5,42.4,59.9,11.8,2,9,3,0,0,0.2445,Low,"[{""feature"": ""attendance"", ""label"": ""Attendance"", ""value"": 82.6, ""contribution"": -0.2417, ""direction"": ""decreases_risk""}, {""feature"": ""engagement_score"", ""label"": ""Engagement"", ""value"": 42.4, ""contribution"": 0.1138, ""direction"": ""increases_risk""}, {""feature"": ""absences"", ""label"": ""Absences"", ""value"": 9.0, ""contribution"": -0.0497, ""direction"": ""decreases_risk""}, {""feature"": ""assignment_completion"", ""label"": ""Assignment Completion"", ""value"": 74.5, ""contribution"": -0.0422, ""direction"": ""decreases_risk""}, {""feature"": ""study_hours"", ""label"": ""Study Hours"", ""value"": 11.8, ""contribution"": -0.0159, ""direction"": ""decreases_risk""}]"
ST1254,21,45.5,54.2,33.5,56.9,48.4,5.9,3,19,3,1,1,0.9505,High,"[{""feature"": ""attendance"", ""label"": ""Attendance"", ""value"": 45.5, ""contribution"": 0.1228, ""direction"": ""increases_risk""}, {""feature"": ""avg_grade"", ""label"": ""Average Grade"", ""value"": 54.2, ""contribution"": 0.0819, ""direction"": ""increases_risk""}, {""feature"": ""assignment_completion"", ""label"": ""Assignment Completion"", ""value"": 33.5, ""contribution"": 0.0786, ""direction"": ""increases_risk""}, {""feature"": ""engagement_score"", ""label"": ""Engagement"", ""value"": 56.9, ""contribution"": 0.0543, ""direction"": ""increases_risk""}, {""feature"": ""participation_score"", ""label"": ""Participation"", ""value"": 48.4, ""contribution"": 0.0438, ""direction"": ""increases_risk""}]"
ST1255,17,100.0,84.7,100.0,62.7,93.9,18.7,2,3,2,0,0,0.0719,Low,"[{""feature"": ""attendance"", ""label"": ""Attendance"", ""value"": 100.0, ""contribution"": -0.1566, ""direction"": ""decreases_risk""}, {""feature"": ""avg_grade"", ""label"": ""Average Grade"", ""value"": 84.7, ""contribution"": -0.1318, ""direction"": ""decreases_risk""}, {""feature"": ""assignment_completion"", ""label"": ""Assignment Completion"", ""value"": 100.0, ""contribution"": -0.0833, ""direction"": ""decreases_risk""}, {""feature"": ""participation_score"", ""label"": ""Participation"", ""value"": 93.9, ""contribution"": -0.0389, ""direction"": ""decreases_risk""}, {""feature"": ""absences"", ""label"": ""Absences"", ""value"": 3.0, ""contribution"": -0.0383, ""direction"": ""decreases_risk""}]"
ST1256,21,81.3,85.5,90.1,87.2,60.8,14.3,0,5,5,0,0,0.026,Low,"[{""feature"": ""avg_grade"", ""label"": ""Average Grade"", ""value"": 85.5, ""contribution"": -0.1139, ""direction"": ""decreases_risk""}, {""feature"": ""engagement_score"", ""label"": ""Engagement"", ""value"": 87.2, ""contribution"": -0.0997, ""direction"": ""decreases_risk""}, {""feature"": ""attendance"", ""label"": ""Attendance"", ""value"": 81.3, ""contribution"": -0.098, ""direction"": ""decreases_risk""}, {""feature"": ""assignment_completion"", ""label"": ""Assignment Completion"", ""value"": 90.1, ""contribution"": -0.0737, ""direction"": ""decreases_risk""}, {""feature"": ""absences"", ""label"": ""Absences"", ""value"": 5.0, ""contribution"": -0.0354, ""direction"": ""decreases_risk""}]"
ST1257,16,92.6,82.4,100.0,83.7,82.9,17.9,0,0,4,0,0,0.0002,Low,"[{""feature"": ""attendance"", ""label"": ""Attendance"", ""value"": 92.6, ""contribution"": -0.1144, ""direction"": ""decreases_risk""}, {""feature"": ""avg_grade"", ""label"": ""Average Grade"", ""value"": 82.4, ""contribution"": -0.1055, ""direction"": ""decreases_risk""}, {""feature"": ""engagement_score"", ""label"": ""Engagement"", ""value"": 83.7, ""contribution"": -0.0966, ""direction"": ""decreases_risk""}, {""feature"": ""assignment_completion"", ""label"": ""Assignment Completion"", ""value"": 100.0, ""contribution"": -0.074, ""direction"": ""decreases_risk""}, {""feature"": ""participation_score"", ""label"": ""Participation"", ""value"": 82.9, ""contribution"": -0.0427, ""direction"": ""decreases_risk""}]"
ST1258,17,100.0,94.0,100.0,63.9,80.7,11.1,0,0,3,1,0,0.0437,Low,"[{""feature"": ""attendance"", ""label"": ""Attendance"", ""value"": 100.0, ""contribution"": -0.1489, ""direction"": ""decreases_risk""}, {""feature"": ""avg_grade"", ""label"": ""Average Grade"", ""value"": 94.0, ""contribution"": -0.1242, ""direction"": ""decreases_risk""}, {""feature"": ""assignment_completion"", ""label"": ""Assignment Completion"", ""value"": 100.0, ""contribution"": -0.0728, ""direction"": ""decreases_risk""}, {""feature"": ""participation_score"", ""label"": ""Participation"", ""value"": 80.7, ""contribution"": -0.045, ""direction"": ""decreases_risk""}, {""feature"": ""absences"", ""label"": ""Absences"", ""value"": 0.0, ""contribution"": -0.0374, ""direction"": ""decreases_risk""}]"
ST1259,20,79.7,86.3,81.0,81.4,76.4,13.1,1,5,2,0,0,0.0095,Low,"[{""feature"": ""attendance"", ""label"": ""Attendance"", ""value"": 79.7, ""contribution"": -0.1161, ""direction"": ""decreases_risk""}, {""feature"": ""avg_grade"", ""label"": ""Average Grade"", ""value"": 86.3, ""contribution"": -0.1098, ""direction"": ""decreases_risk""}, {""feature"": ""engagement_score"", ""label"": ""Engagement"", ""value"": 81.4, ""contribution"": -0.0987, ""direction"": ""decreases_risk""}, {""feature"": ""assignment_completion"", ""label"": ""Assignment Completion"", ""value"": 81.0, ""contribution"": -0.068, ""direction"": ""decreases_risk""}, {""feature"": ""participation_score"", ""label"": ""Participation"", ""value"": 76.4, ""contribution"": -0.0464, ""direction"": ""decreases_risk""}]"
ST1260,22,61.3,52.6,63.4,55.3,42.3,1.4,4,12,3,0,1,0.9771,High,"[{""feature"": ""avg_grade"", ""label"": ""Average Grade"", ""value"": 52.6, ""contribution"": 0.1156, ""direction"": ""increases_risk""}, {""feature"": ""attendance"", ""label"": ""Attendance"", ""value"": 61.3, ""contribution"": 0.113, ""direction"": ""increases_risk""}, {""feature"": ""engagement_score"", ""label"": ""Engagement"", ""value"": 55.3, ""contribution"": 0.08, ""direction"": ""increases_risk""}, {""feature"": ""assignment_completion"", ""label"": ""Assignment Completion"", ""value"": 63.4, ""contribution"": 0.0577, ""direction"": ""increases_risk""}, {""feature"": ""participation_score"", ""label"": ""Participation"", ""value"": 42.3, ""contribution"": 0.0456, ""direction"": ""increases_risk""}]"
ST1261,17,36.0,43.6,30.1,39.6,57.5,4.6,3,20,1,0,1,0.9979,High,"[{""feature"": ""attendance"", ""label"": ""Attendance"", ""value"": 36.0, ""contribution"": 0.1167, ""direction"": ""increases_risk""}, {""feature"": ""avg_grade"", ""label"": ""Average Grade"", ""value"": 43.6, ""contribution"": 0.1126, ""direction"": ""increases_risk""}, {""feature"": ""engagement_score"", ""label"": ""Engagement"", ""value"": 39.6, ""contribution"": 0.0976, ""direction"": ""increases_risk""}, {""feature"": ""assignment_completion"", ""label"": ""Assignment Completion"", ""value"": 30.1, ""contribution"": 0.0724, ""direction"": ""increases_risk""}, {""feature"": ""absences"", ""label"": ""Absences"", ""value"": 20.0, ""contribution"": 0.0351, ""direction"": ""increases_risk""}]"
ST1262,18,86.7,69.5,77.2,81.3,71.6,18.4,1,3,5,0,1,0.3384,Medium,"[{""feature"": ""attendance"", ""label"": ""Attendance"", ""value"": 86.7, ""contribution"": -0.0749, ""direction"": ""decreases_risk""}, {""feature"": ""engagement_score"", ""label"": ""Engagement"", ""value"": 81.3, ""contribution"": -0.0679, ""direction"": ""decreases_risk""}, {""feature"": ""avg_grade"", ""label"": ""Average Grade"", ""value"": 69.5, ""contribution"": -0.029, ""direction"": ""decreases_risk""}, {""feature"": ""study_hours"", ""label"": ""Study Hours"", ""value"": 18.4, ""contribution"": 0.0223, ""direction"": ""increases_risk""}, {""feature"": ""absences"", ""label"": ""Absences"", ""value"": 3.0, ""contribution"": -0.007, ""direction"": ""decreases_risk""}]"
ST1263,23,52.0,46.5,49.6,31.0,60.8,2.0,3,19,1,0,1,0.9868,High,"[{""feature"": ""avg_grade"", ""label"": ""Average Grade"", ""value"": 46.5, ""contribution"": 0.124, ""direction"": ""increases_risk""}, {""feature"": ""attendance"", ""label"": ""Attendance"", ""value"": 52.0, ""contribution"": 0.1188, ""direction"": ""increases_risk""}, {""feature"": ""engagement_score"", ""label"": ""Engagement"", ""value"": 31.0, ""contribution"": 0.1014, ""direction"": ""increases_risk""}, {""feature"": ""assignment_completion"", ""label"": ""Assignment Completion"", ""value"": 49.6, ""contribution"": 0.0808, ""direction"": ""increases_risk""}, {""feature"": ""absences"", ""label"": ""Absences"", ""value"": 19.0, ""contribution"": 0.0344, ""direction"": ""increases_risk""}]"
ST1264,23,83.3,65.4,58.9,50.1,58.8,12.2,2,11,4,1,0,0.4708,Medium,"[{""feature"": ""attendance"", ""label"": ""Attendance"", ""value"": 83.3, ""contribution"": -0.2043, ""direction"": ""decreases_risk""}, {""feature"": ""engagement_score"", ""label"": ""Engagement"", ""value"": 50.1, ""contribution"": 0.114, ""direction"": ""increases_risk""}, {""feature"": ""assignment_completion"", ""label"": ""Assignment Completion"", ""value"": 58.9, ""contribution"": 0.1014, ""direction"": ""increases_risk""}, {""feature"": ""avg_grade"", ""label"": ""Average Grade"", ""value"": 65.4, ""contribution"": -0.0683, ""direction"": ""decreases_risk""}, {""feature"": ""participation_score"", ""label"": ""Participation"", ""value"": 58.8, ""contribution"": 0.0314, ""direction"": ""increases_risk""}]"
ST1265,20,63.7,43.9,50.5,44.3,51.6,6.4,1,8,2,1,1,0.9623,High,"[{""feature"": ""avg_grade"", ""label"": ""Average Grade"", ""value"": 43.9, ""contribution"": 0.1284, ""direction"": ""increases_risk""}, {""feature"": ""attendance"", ""label"": ""Attendance"", ""value"": 63.7, ""contribution"": 0.1231, ""direction"": ""increases_risk""}, {""feature"": ""engagement_score"", ""label"": ""Engagement"", ""value"": 44.3, ""contribution"": 0.1138, ""direction"": ""increases_risk""}, {""feature"": ""assignment_completion"", ""label"": ""Assignment Completion"", ""value"": 50.5, ""contribution"": 0.0934, ""direction"": ""increases_risk""}, {""feature"": ""absences"", ""label"": ""Absences"", ""value"": 8.0, ""contribution"": -0.0428, ""direction"": ""decreases_risk""}]"
ST1266,19,72.8,74.8,70.2,89.4,68.6,6.2,2,6,4,0,1,0.4062,Medium,"[{""feature"": ""engagement_score"", ""label"": ""Engagement"", ""value"": 89.4, ""contribution"": -0.1095, ""direction"": ""decreases_risk""}, {""feature"": ""avg_grade"", ""label"": ""Average Grade"", ""value"": 74.8, ""contribution"": -0.0842, ""direction"": ""decreases_risk""}, {""feature"": ""assignment_completion"", ""label"": ""Assignment Completion"", ""value"": 70.2, ""contribution"": 0.0787, ""direction"": ""increases_risk""}, {""feature"": ""study_hours"", ""label"": ""Study Hours"", ""value"": 6.2, ""contribution"": 0.0286, ""direction"": ""increases_risk""}, {""feature"": ""previous_failures"", ""label"": ""Previous Failures"", ""value"": 2.0, ""contribution"": 0.0285, ""direction"": ""increases_risk""}]"
ST1267,18,63.2,71.6,76.1,79.0,62.6,9.8,1,10,2,1,0,0.2047,Low,"[{""feature"": ""engagement_score"", ""label"": ""Engagement"", ""value"": 79.0, ""contribution"": -0.1948, ""direction"": ""decreases_risk""}, {""feature"": ""attendance"", ""label"": ""Attendance"", ""value"": 63.2, ""contribution"": 0.1363, ""direction"": ""increases_risk""}, {""feature"": ""avg_grade"", ""label"": ""Average Grade"", ""value"": 71.6, ""contribution"": -0.107, ""direction"": ""decreases_risk""}, {""feature"": ""assignment_completion"", ""label"": ""Assignment Completion"", ""value"": 76.1, ""contribution"": -0.066, ""direction"": ""decreases_risk""}, {""feature"": ""participation_score"", ""label"": ""Participation"", ""value"": 62.6, ""contribution"": -0.0373, ""direction"": ""decreases_risk""}]"
ST1268,20,62.5,66.5,60.6,43.4,69.8,11.4,1,15,1,1,1,0.8725,High,"[{""feature"": ""attendance"", ""label"": ""Attendance"", ""value"": 62.5, ""contribution"": 0.1686, ""direction"": ""increases_risk""}, {""feature"": ""engagement_score"", ""label"": ""Engagement"", ""value"": 43.4, ""contribution"": 0.1488, ""direction"": ""increases_risk""}, {""feature"": ""assignment_completion"", ""label"": ""Assignment Completion"", ""value"": 60.6, ""contribution"": 0.0918, ""direction"": ""increases_risk""}, {""feature"": ""absences"", ""label"": ""Absences"", ""value"": 15.0, ""contribution"": 0.0426, ""direction"": ""increases_risk""}, {""feature"": ""participation_score"", ""label"": ""Participation"", ""value"": 69.8, ""contribution"": -0.0418, ""direction"": ""decreases_risk""}]"
ST1269,20,30.0,20.0,27.0,5.0,20.2,0.0,5,24,5,0,1,0.9994,High,"[{""feature"": ""avg_grade"", ""label"": ""Average Grade"", ""value"": 20.0, ""contribution"": 0.1153, ""direction"": ""increases_risk""}, {""feature"": ""attendance"", ""label"": ""Attendance"", ""value"": 30.0, ""contribution"": 0.1117, ""direction"": ""increases_risk""}, {""feature"": ""engagement_score"", ""label"": ""Engagement"", ""value"": 5.0, ""contribution"": 0.0972, ""direction"": ""increases_risk""}, {""feature"": ""assignment_completion"", ""label"": ""Assignment Completion"", ""value"": 27.0, ""contribution"": 0.0742, ""direction"": ""increases_risk""}, {""feature"": ""participation_score"", ""label"": ""Participation"", ""value"": 20.2, ""contribution"": 0.0449, ""direction"": ""increases_risk""}]"
ST1270,18,67.2,46.0,65.3,44.5,26.8,5.2,2,9,4,0,0,0.9422,High,"[{""feature"": ""avg_grade"", ""label"": ""Average Grade"", ""value"": 46.0, ""contribution"": 0.1417, ""direction"": ""increases_risk""}, {""feature"": ""engagement_score"", ""label"": ""Engagement"", ""value"": 44.5, ""contribution"": 0.1105, ""direction"": ""increases_risk""}, {""feature"": ""attendance"", ""label"": ""Attendance"", ""value"": 67.2, ""contribution"": 0.0869, ""direction"": ""increases_risk""}, {""feature"": ""assignment_completion"", ""label"": ""Assignment Completion"", ""value"": 65.3, ""contribution"": 0.061, ""direction"": ""increases_risk""}, {""feature"": ""participation_score"", ""label"": ""Participation"", ""value"": 26.8, ""contribution"": 0.0506, ""direction"": ""increases_risk""}]"
ST1271,16,91.7,92.3,100.0,68.1,44.2,18.5,1,5,1,1,0,0.0948,Low,"[{""feature"": ""avg_grade"", ""label"": ""Average Grade"", ""value"": 92.3, ""contribution"": -0.1443, ""direction"": ""decreases_risk""}, {""feature"": ""attendance"", ""label"": ""Attendance"", ""value"": 91.7, ""contribution"": -0.1246, ""direction"": ""decreases_risk""}, {""feature"": ""assignment_completion"", ""label"": ""Assignment Completion"", ""value"": 100.0, ""contribution"": -0.0782, ""direction"": ""decreases_risk""}, {""feature"": ""participation_score"", ""label"": ""Participation"", ""value"": 44.2, ""contribution"": 0.0616, ""direction"": ""increases_risk""}, {""feature"": ""engagement_score"", ""label"": ""Engagement"", ""value"": 68.1, ""contribution"": -0.0501, ""direction"": ""decreases_risk""}]"
ST1272,17,50.5,53.9,60.0,52.2,68.4,10.6,6,20,1,0,1,0.9232,High,"[{""feature"": ""attendance"", ""label"": ""Attendance"", ""value"": 50.5, ""contribution"": 0.1221, ""direction"": ""increases_risk""}, {""feature"": ""engagement_score"", ""label"": ""Engagement"", ""value"": 52.2, ""contribution"": 0.0942, ""direction"": ""increases_risk""}, {""feature"": ""avg_grade"", ""label"": ""Average Grade"", ""value"": 53.9, ""contribution"": 0.0852, ""direction"": ""increases_risk""}, {""feature"": ""assignment_completion"", ""label"": ""Assignment Completion"", ""value"": 60.0, ""contribution"": 0.0789, ""direction"": ""increases_risk""}, {""feature"": ""previous_failures"", ""label"": ""Previous Failures"", ""value"": 6.0, ""contribution"": 0.0334, ""direction"": ""increases_risk""}]"
ST1273,23,91.4,89.0,80.4,81.8,86.6,14.8,2,3,3,0,0,0.0283,Low,"[{""feature"": ""attendance"", ""label"": ""Attendance"", ""value"": 91.4, ""contribution"": -0.1272, ""direction"": ""decreases_risk""}, {""feature"": ""avg_grade"", ""label"": ""Average Grade"", ""value"": 89.0, ""contribution"": -0.1154, ""direction"": ""decreases_risk""}, {""feature"": ""engagement_score"", ""label"": ""Engagement"", ""value"": 81.8, ""contribution"": -0.0949, ""direction"": ""decreases_risk""}, {""feature"": ""assignment_completion"", ""label"": ""Assignment Completion"", ""value"": 80.4, ""contribution"": -0.0566, ""direction"": ""decreases_risk""}, {""feature"": ""participation_score"", ""label"": ""Participation"", ""value"": 86.6, ""contribution"": -0.0422, ""direction"": ""decreases_risk""}]"
ST1274,19,75.8,79.1,84.4,64.7,95.6,16.9,0,6,5,0,0,0.0841,Low,"[{""feature"": ""attendance"", ""label"": ""Attendance"", ""value"": 75.8, ""contribution"": -0.1146, ""direction"": ""decreases_risk""}, {""feature"": ""avg_grade"", ""label"": ""Average Grade"", ""value"": 79.1, ""contribution"": -0.1088, ""direction"": ""decreases_risk""}, {""feature"": ""assignment_completion"", ""label"": ""Assignment Completion"", ""value"": 84.4, ""contribution"": -0.0672, ""direction"": ""decreases_risk""}, {""feature"": ""absences"", ""label"": ""Absences"", ""value"": 6.0, ""contribution"": -0.0451, ""direction"": ""decreases_risk""}, {""feature"": ""participation_score"", ""label"": ""Participation"", ""value"": 95.6, ""contribution"": -0.0445, ""direction"": ""decreases_risk""}]"
ST1275,19,72.1,45.3,51.7,59.7,55.1,8.6,3,11,3,1,1,0.8402,High,"[{""feature"": ""avg_grade"", ""label"": ""Average Grade"", ""value"": 45.3, ""contribution"": 0.1703, ""direction"": ""increases_risk""}, {""feature"": ""assignment_completion"", ""label"": ""Assignment Completion"", ""value"": 51.7, ""contribution"": 0.1079, ""direction"": ""increases_risk""}, {""feature"": ""attendance"", ""label"": ""Attendance"", ""value"": 72.1, ""contribution"": -0.0681, ""direction"": ""decreases_risk""}, {""feature"": ""engagement_score"", ""label"": ""Engagement"", ""value"": 59.7, ""contribution"": 0.0427, ""direction"": ""increases_risk""}, {""feature"": ""previous_failures"", ""label"": ""Previous Failures"", ""value"": 3.0, ""contribution"": 0.0369, ""direction"": ""increases_risk""}]"
ST1276,19,100.0,82.5,88.0,76.5,53.3,13.5,2,0,1,1,0,0.0718,Low,"[{""feature"": ""attendance"", ""label"": ""Attendance"", ""value"": 100.0, ""contribution"": -0.137, ""direction"": ""decreases_risk""}, {""feature"": ""avg_grade"", ""label"": ""Average Grade"", ""value"": 82.5, ""contribution"": -0.1254, ""direction"": ""decreases_risk""}, {""feature"": ""assignment_completion"", ""label"": ""Assignment Completion"", ""value"": 88.0, ""contribution"": -0.0871, ""direction"": ""decreases_risk""}, {""feature"": ""engagement_score"", ""label"": ""Engagement"", ""value"": 76.5, ""contribution"": -0.0838, ""direction"": ""decreases_risk""}, {""feature"": ""participation_score"", ""label"": ""Participation"", ""value"": 53.3, ""contribution"": 0.0507, ""direction"": ""increases_risk""}]"
ST1277,22,76.3,64.3,81.4,59.0,59.5,9.8,0,8,4,0,0,0.1631,Low,"[{""feature"": ""attendance"", ""label"": ""Attendance"", ""value"": 76.3, ""contribution"": -0.171, ""direction"": ""decreases_risk""}, {""feature"": ""assignment_completion"", ""label"": ""Assignment Completion"", ""value"": 81.4, ""contribution"": -0.0817, ""direction"": ""decreases_risk""}, {""feature"": ""absences"", ""label"": ""Absences"", ""value"": 8.0, ""contribution"": -0.0679, ""direction"": ""decreases_risk""}, {""feature"": ""previous_failures"", ""label"": ""Previous Failures"", ""value"": 0.0, ""contribution"": -0.0545, ""direction"": ""decreases_risk""}, {""feature"": ""engagement_score"", ""label"": ""Engagement"", ""value"": 59.0, ""contribution"": 0.0297, ""direction"": ""increases_risk""}]"
ST1278,16,83.0,75.3,100.0,68.4,67.9,12.3,0,4,3,0,0,0.1487,Low,"[{""feature"": ""attendance"", ""label"": ""Attendance"", ""value"": 83.0, ""contribution"": -0.1008, ""direction"": ""decreases_risk""}, {""feature"": ""avg_grade"", ""label"": ""Average Grade"", ""value"": 75.3, ""contribution"": -0.0589, ""direction"": ""decreases_risk""}, {""feature"": ""assignment_completion"", ""label"": ""Assignment Completion"", ""value"": 100.0, ""contribution"": -0.0587, ""direction"": ""decreases_risk""}, {""feature"": ""engagement_score"", ""label"": ""Engagement"", ""value"": 68.4, ""contribution"": -0.0484, ""direction"": ""decreases_risk""}, {""feature"": ""previous_failures"", ""label"": ""Previous Failures"", ""value"": 0.0, ""contribution"": -0.0297, ""direction"": ""decreases_risk""}]"
ST1279,16,67.5,59.9,66.6,43.6,52.2,8.6,1,14,4,1,1,0.911,High,"[{""feature"": ""engagement_score"", ""label"": ""Engagement"", ""value"": 43.6, ""contribution"": 0.12, ""direction"": ""increases_risk""}, {""feature"": ""avg_grade"", ""label"": ""Average Grade"", ""value"": 59.9, ""contribution"": 0.086, ""direction"": ""increases_risk""}, {""feature"": ""attendance"", ""label"": ""Attendance"", ""value"": 67.5, ""contribution"": 0.08, ""direction"": ""increases_risk""}, {""feature"": ""participation_score"", ""label"": ""Participation"", ""value"": 52.2, ""contribution"": 0.0548, ""direction"": ""increases_risk""}, {""feature"": ""assignment_completion"", ""label"": ""Assignment Completion"", ""value"": 66.6, ""contribution"": 0.047, ""direction"": ""increases_risk""}]"
ST1280,18,54.1,74.8,66.2,59.7,80.2,13.9,2,17,2,1,1,0.7282,High,"[{""feature"": ""attendance"", ""label"": ""Attendance"", ""value"": 54.1, ""contribution"": 0.1881, ""direction"": ""increases_risk""}, {""feature"": ""avg_grade"", ""label"": ""Average Grade"", ""value"": 74.8, ""contribution"": -0.1028, ""direction"": ""decreases_risk""}, {""feature"": ""assignment_completion"", ""label"": ""Assignment Completion"", ""value"": 66.2, ""contribution"": 0.0717, ""direction"": ""increases_risk""}, {""feature"": ""engagement_score"", ""label"": ""Engagement"", ""value"": 59.7, ""contribution"": 0.0678, ""direction"": ""increases_risk""}, {""feature"": ""absences"", ""label"": ""Absences"", ""value"": 17.0, ""contribution"": 0.0495, ""direction"": ""increases_risk""}]"
ST1281,19,100.0,99.3,100.0,100.0,100.0,25.3,0,3,1,0,0,0.0796,Low,"[{""feature"": ""attendance"", ""label"": ""Attendance"", ""value"": 100.0, ""contribution"": -0.1116, ""direction"": ""decreases_risk""}, {""feature"": ""avg_grade"", ""label"": ""Average Grade"", ""value"": 99.3, ""contribution"": -0.1091, ""direction"": ""decreases_risk""}, {""feature"": ""engagement_score"", ""label"": ""Engagement"", ""value"": 100.0, ""contribution"": -0.0856, ""direction"": ""decreases_risk""}, {""feature"": ""assignment_completion"", ""label"": ""Assignment Completion"", ""value"": 100.0, ""contribution"": -0.0676, ""direction"": ""decreases_risk""}, {""feature"": ""family_support"", ""label"": ""Family Support"", ""value"": 1.0, ""contribution"": 0.024, ""direction"": ""increases_risk""}]"
ST1282,21,56.2,55.4,67.8,58.7,63.9,13.1,1,19,1,0,0,0.6035,High,"[{""feature"": ""attendance"", ""label"": ""Attendance"", ""value"": 56.2, ""contribution"": 0.1052, ""direction"": ""increases_risk""}, {""feature"": ""participation_score"", ""label"": ""Participation"", ""value"": 63.9, ""contribution"": -0.0676, ""direction"": ""decreases_risk""}, {""feature"": ""avg_grade"", ""label"": ""Average Grade"", ""value"": 55.4, ""contribution"": 0.0492, ""direction"": ""increases_risk""}, {""feature"": ""previous_failures"", ""label"": ""Previous Failures"", ""value"": 1.0, ""contribution"": -0.0412, ""direction"": ""decreases_risk""}, {""feature"": ""absences"", ""label"": ""Absences"", ""value"": 19.0, ""contribution"": 0.0351, ""direction"": ""increases_risk""}]"
ST1283,19,82.7,89.3,99.5,92.2,81.6,15.2,0,7,4,0,0,0.001,Low,"[{""feature"": ""avg_grade"", ""label"": ""Average Grade"", ""value"": 89.3, ""contribution"": -0.1083, ""direction"": ""decreases_risk""}, {""feature"": ""attendance"", ""label"": ""Attendance"", ""value"": 82.7, ""contribution"": -0.1071, ""direction"": ""decreases_risk""}, {""feature"": ""engagement_score"", ""label"": ""Engagement"", ""value"": 92.2, ""contribution"": -0.0958, ""direction"": ""decreases_risk""}, {""feature"": ""assignment_completion"", ""label"": ""Assignment Completion"", ""value"": 99.5, ""contribution"": -0.0686, ""direction"": ""decreases_risk""}, {""feature"": ""participation_score"", ""label"": ""Participation"", ""value"": 81.6, ""contribution"": -0.0434, ""direction"": ""decreases_risk""}]"
ST1284,19,100.0,89.6,100.0,98.7,73.9,15.6,0,0,4,0,0,0.0002,Low,"[{""feature"": ""attendance"", ""label"": ""Attendance"", ""value"": 100.0, ""contribution"": -0.1134, ""direction"": ""decreases_risk""}, {""feature"": ""avg_grade"", ""label"": ""Average Grade"", ""value"": 89.6, ""contribution"": -0.1076, ""direction"": ""decreases_risk""}, {""feature"": ""engagement_score"", ""label"": ""Engagement"", ""value"": 98.7, ""contribution"": -0.0931, ""direction"": ""decreases_risk""}, {""feature"": ""assignment_completion"", ""label"": ""Assignment Completion"", ""value"": 100.0, ""contribution"": -0.0745, ""direction"": ""decreases_risk""}, {""feature"": ""participation_score"", ""label"": ""Participation"", ""value"": 73.9, ""contribution"": -0.0402, ""direction"": ""decreases_risk""}]"
ST1285,23,81.5,76.1,92.4,68.8,85.8,16.1,2,10,2,1,0,0.113,Low,"[{""feature"": ""attendance"", ""label"": ""Attendance"", ""value"": 81.5, ""contribution"": -0.1141, ""direction"": ""decreases_risk""}, {""feature"": ""assignment_completion"", ""label"": ""Assignment Completion"", ""value"": 92.4, ""contribution"": -0.0711, ""direction"": ""decreases_risk""}, {""feature"": ""avg_grade"", ""label"": ""Average Grade"", ""value"": 76.1, ""contribution"": -0.0711, ""direction"": ""decreases_risk""}, {""feature"": ""engagement_score"", ""label"": ""Engagement"", ""value"": 68.8, ""contribution"": -0.0597, ""direction"": ""decreases_risk""}, {""feature"": ""participation_score"", ""label"": ""Participation"", ""value"": 85.8, ""contribution"": -0.0583, ""direction"": ""decreases_risk""}]"
ST1286,17,79.9,83.8,73.0,72.6,67.7,13.3,0,8,1,1,0,0.1005,Low,"[{""feature"": ""attendance"", ""label"": ""Attendance"", ""value"": 79.9, ""contribution"": -0.1204, ""direction"": ""decreases_risk""}, {""feature"": ""avg_grade"", ""label"": ""Average Grade"", ""value"": 83.8, ""contribution"": -0.1154, ""direction"": ""decreases_risk""}, {""feature"": ""engagement_score"", ""label"": ""Engagement"", ""value"": 72.6, ""contribution"": -0.0672, ""direction"": ""decreases_risk""}, {""feature"": ""absences"", ""label"": ""Absences"", ""value"": 8.0, ""contribution"": -0.0464, ""direction"": ""decreases_risk""}, {""feature"": ""previous_failures"", ""label"": ""Previous Failures"", ""value"": 0.0, ""contribution"": -0.0411, ""direction"": ""decreases_risk""}]"
ST1287,20,87.7,80.6,100.0,92.7,74.5,16.1,3,12,4,1,0,0.0284,Low,"[{""feature"": ""avg_grade"", ""label"": ""Average Grade"", ""value"": 80.6, ""contribution"": -0.1238, ""direction"": ""decreases_risk""}, {""feature"": ""attendance"", ""label"": ""Attendance"", ""value"": 87.7, ""contribution"": -0.1188, ""direction"": ""decreases_risk""}, {""feature"": ""engagement_score"", ""label"": ""Engagement"", ""value"": 92.7, ""contribution"": -0.11, ""direction"": ""decreases_risk""}, {""feature"": ""assignment_completion"", ""label"": ""Assignment Completion"", ""value"": 100.0, ""contribution"": -0.0846, ""direction"": ""decreases_risk""}, {""feature"": ""participation_score"", ""label"": ""Participation"", ""value"": 74.5, ""contribution"": -0.0537, ""direction"": ""decreases_risk""}]"
ST1288,20,61.5,59.4,69.6,53.7,61.7,6.4,0,14,1,1,0,0.6089,High,"[{""feature"": ""attendance"", ""label"": ""Attendance"", ""value"": 61.5, ""contribution"": 0.1128, ""direction"": ""increases_risk""}, {""feature"": ""previous_failures"", ""label"": ""Previous Failures"", ""value"": 0.0, ""contribution"": -0.0957, ""direction"": ""decreases_risk""}, {""feature"": ""participation_score"", ""label"": ""Participation"", ""value"": 61.7, ""contribution"": -0.0642, ""direction"": ""decreases_risk""}, {""feature"": ""engagement_score"", ""label"": ""Engagement"", ""value"": 53.7, ""contribution"": 0.0633, ""direction"": ""increases_risk""}, {""feature"": ""avg_grade"", ""label"": ""Average Grade"", ""value"": 59.4, ""contribution"": 0.0515, ""direction"": ""increases_risk""}]"
ST1289,19,100.0,74.8,100.0,96.3,80.3,19.3,0,2,1,1,0,0.0707,Low,"[{""feature"": ""attendance"", ""label"": ""Attendance"", ""value"": 100.0, ""contribution"": -0.1097, ""direction"": ""decreases_risk""}, {""feature"": ""engagement_score"", ""label"": ""Engagement"", ""value"": 96.3, ""contribution"": -0.106, ""direction"": ""decreases_risk""}, {""feature"": ""assignment_completion"", ""label"": ""Assignment Completion"", ""value"": 100.0, ""contribution"": -0.0655, ""direction"": ""decreases_risk""}, {""feature"": ""avg_grade"", ""label"": ""Average Grade"", ""value"": 74.8, ""contribution"": -0.0532, ""direction"": ""decreases_risk""}, {""feature"": ""participation_score"", ""label"": ""Participation"", ""value"": 80.3, ""contribution"": -0.0472, ""direction"": ""decreases_risk""}]"
ST1290,22,85.0,79.3,84.4,75.8,75.3,10.6,0,6,3,1,0,0.0251,Low,"[{""feature"": ""attendance"", ""label"": ""Attendance"", ""value"": 85.0, ""contribution"": -0.1136, ""direction"": ""decreases_risk""}, {""feature"": ""avg_grade"", ""label"": ""Average Grade"", ""value"": 79.3, ""contribution"": -0.0984, ""direction"": ""decreases_risk""}, {""feature"": ""engagement_score"", ""label"": ""Engagement"", ""value"": 75.8, ""contribution"": -0.0699, ""direction"": ""decreases_risk""}, {""feature"": ""assignment_completion"", ""label"": ""Assignment Completion"", ""value"": 84.4, ""contribution"": -0.0692, ""direction"": ""decreases_risk""}, {""feature"": ""participation_score"", ""label"": ""Participation"", ""value"": 75.3, ""contribution"": -0.0527, ""direction"": ""decreases_risk""}]"
ST1291,18,93.3,81.1,100.0,74.4,60.3,16.5,0,2,4,0,0,0.0915,Low,"[{""feature"": ""attendance"", ""label"": ""Attendance"", ""value"": 93.3, ""contribution"": -0.1178, ""direction"": ""decreases_risk""}, {""feature"": ""avg_grade"", ""label"": ""Average Grade"", ""value"": 81.1, ""contribution"": -0.1173, ""direction"": ""decreases_risk""}, {""feature"": ""assignment_completion"", ""label"": ""Assignment Completion"", ""value"": 100.0, ""contribution"": -0.0695, ""direction"": ""decreases_risk""}, {""feature"": ""engagement_score"", ""label"": ""Engagement"", ""value"": 74.4, ""contribution"": -0.0415, ""direction"": ""decreases_risk""}, {""feature"": ""absences"", ""label"": ""Absences"", ""value"": 2.0, ""contribution"": -0.0324, ""direction"": ""decreases_risk""}]"
ST1292,23,77.1,66.1,72.3,75.4,80.6,16.3,1,7,5,0,0,0.077,Low,"[{""feature"": ""attendance"", ""label"": ""Attendance"", ""value"": 77.1, ""contribution"": -0.1303, ""direction"": ""decreases_risk""}, {""feature"": ""engagement_score"", ""label"": ""Engagement"", ""value"": 75.4, ""contribution"": -0.0975, ""direction"": ""decreases_risk""}, {""feature"": ""avg_grade"", ""label"": ""Average Grade"", ""value"": 66.1, ""contribution"": -0.0669, ""direction"": ""decreases_risk""}, {""feature"": ""participation_score"", ""label"": ""Participation"", ""value"": 80.6, ""contribution"": -0.0634, ""direction"": ""decreases_risk""}, {""feature"": ""absences"", ""label"": ""Absences"", ""value"": 7.0, ""contribution"": -0.0445, ""direction"": ""decreases_risk""}]"
ST1293,18,69.9,75.0,77.2,60.0,62.9,15.6,1,11,4,1,0,0.2112,Low,"[{""feature"": ""avg_grade"", ""label"": ""Average Grade"", ""value"": 75.0, ""contribution"": -0.1389, ""direction"": ""decreases_risk""}, {""feature"": ""assignment_completion"", ""label"": ""Assignment Completion"", ""value"": 77.2, ""contribution"": -0.0728, ""direction"": ""decreases_risk""}, {""feature"": ""participation_score"", ""label"": ""Participation"", ""value"": 62.9, ""contribution"": -0.0476, ""direction"": ""decreases_risk""}, {""feature"": ""engagement_score"", ""label"": ""Engagement"", ""value"": 60.0, ""contribution"": 0.0411, ""direction"": ""increases_risk""}, {""feature"": ""study_hours"", ""label"": ""Study Hours"", ""value"": 15.6, ""contribution"": -0.0388, ""direction"": ""decreases_risk""}]"
ST1294,20,83.5,86.3,88.7,92.4,94.9,18.7,0,7,5,0,0,0.0107,Low,"[{""feature"": ""avg_grade"", ""label"": ""Average Grade"", ""value"": 86.3, ""contribution"": -0.1142, ""direction"": ""decreases_risk""}, {""feature"": ""attendance"", ""label"": ""Attendance"", ""value"": 83.5, ""contribution"": -0.101, ""direction"": ""decreases_risk""}, {""feature"": ""engagement_score"", ""label"": ""Engagement"", ""value"": 92.4, ""contribution"": -0.0977, ""direction"": ""decreases_risk""}, {""feature"": ""assignment_completion"", ""label"": ""Assignment Completion"", ""value"": 88.7, ""contribution"": -0.0674, ""direction"": ""decreases_risk""}, {""feature"": ""participation_score"", ""label"": ""Participation"", ""value"": 94.9, ""contribution"": -0.0416, ""direction"": ""decreases_risk""}]"
ST1295,20,47.2,54.4,80.8,56.2,55.6,4.6,1,22,4,1,1,0.768,High,"[{""feature"": ""attendance"", ""label"": ""Attendance"", ""value"": 47.2, ""contribution"": 0.1282, ""direction"": ""increases_risk""}, {""feature"": ""avg_grade"", ""label"": ""Average Grade"", ""value"": 54.4, ""contribution"": 0.0831, ""direction"": ""increases_risk""}, {""feature"": ""assignment_completion"", ""label"": ""Assignment Completion"", ""value"": 80.8, ""contribution"": -0.0787, ""direction"": ""decreases_risk""}, {""feature"": ""engagement_score"", ""label"": ""Engagement"", ""value"": 56.2, ""contribution"": 0.073, ""direction"": ""increases_risk""}, {""feature"": ""absences"", ""label"": ""Absences"", ""value"": 22.0, ""contribution"": 0.0555, ""direction"": ""increases_risk""}]"
ST1296,22,74.5,67.5,87.2,65.4,65.6,12.3,2,10,5,0,0,0.1716,Low,"[{""feature"": ""attendance"", ""label"": ""Attendance"", ""value"": 74.5, ""contribution"": -0.1263, ""direction"": ""decreases_risk""}, {""feature"": ""assignment_completion"", ""label"": ""Assignment Completion"", ""value"": 87.2, ""contribution"": -0.0874, ""direction"": ""decreases_risk""}, {""feature"": ""avg_grade"", ""label"": ""Average Grade"", ""value"": 67.5, ""contribution"": -0.0703, ""direction"": ""decreases_risk""}, {""feature"": ""participation_score"", ""label"": ""Participation"", ""value"": 65.6, ""contribution"": -0.0365, ""direction"": ""decreases_risk""}, {""feature"": ""study_hours"", ""label"": ""Study Hours"", ""value"": 12.3, ""contribution"": -0.0152, ""direction"": ""decreases_risk""}]"
ST1297,19,100.0,90.2,100.0,100.0,81.2,26.9,0,0,1,0,0,0.0035,Low,"[{""feature"": ""attendance"", ""label"": ""Attendance"", ""value"": 100.0, ""contribution"": -0.1185, ""direction"": ""decreases_risk""}, {""feature"": ""avg_grade"", ""label"": ""Average Grade"", ""value"": 90.2, ""contribution"": -0.1117, ""direction"": ""decreases_risk""}, {""feature"": ""engagement_score"", ""label"": ""Engagement"", ""value"": 100.0, ""contribution"": -0.0929, ""direction"": ""decreases_risk""}, {""feature"": ""assignment_completion"", ""label"": ""Assignment Completion"", ""value"": 100.0, ""contribution"": -0.074, ""direction"": ""decreases_risk""}, {""feature"": ""participation_score"", ""label"": ""Participation"", ""value"": 81.2, ""contribution"": -0.0421, ""direction"": ""decreases_risk""}]"
ST1298,18,100.0,97.6,100.0,100.0,100.0,18.2,0,0,1,0,0,0.0574,Low,"[{""feature"": ""attendance"", ""label"": ""Attendance"", ""value"": 100.0, ""contribution"": -0.1153, ""direction"": ""decreases_risk""}, {""feature"": ""avg_grade"", ""label"": ""Average Grade"", ""value"": 97.6, ""contribution"": -0.1082, ""direction"": ""decreases_risk""}, {""feature"": ""engagement_score"", ""label"": ""Engagement"", ""value"": 100.0, ""contribution"": -0.0869, ""direction"": ""decreases_risk""}, {""feature"": ""assignment_completion"", ""label"": ""Assignment Completion"", ""value"": 100.0, ""contribution"": -0.0709, ""direction"": ""decreases_risk""}, {""feature"": ""absences"", ""label"": ""Absences"", ""value"": 0.0, ""contribution"": -0.0329, ""direction"": ""decreases_risk""}]"
ST1299,16,77.9,79.9,82.7,54.5,58.5,11.9,1,4,4,0,1,0.451,Medium,"[{""feature"": ""engagement_score"", ""label"": ""Engagement"", ""value"": 54.5, ""contribution"": 0.1554, ""direction"": ""increases_risk""}, {""feature"": ""attendance"", ""label"": ""Attendance"", ""value"": 77.9, ""contribution"": -0.1007, ""direction"": ""decreases_risk""}, {""feature"": ""avg_grade"", ""label"": ""Average Grade"", ""value"": 79.9, ""contribution"": -0.095, ""direction"": ""decreases_risk""}, {""feature"": ""participation_score"", ""label"": ""Participation"", ""value"": 58.5, ""contribution"": 0.0652, ""direction"": ""increases_risk""}, {""feature"": ""assignment_completion"", ""label"": ""Assignment Completion"", ""value"": 82.7, ""contribution"": -0.0526, ""direction"": ""decreases_risk""}]"
ST1300,18,82.5,59.3,79.0,76.3,65.7,17.2,0,11,5,0,1,0.5263,Medium,"[{""feature"": ""avg_grade"", ""label"": ""Average Grade"", ""value"": 59.3, ""contribution"": 0.1898, ""direction"": ""increases_risk""}, {""feature"": ""attendance"", ""label"": ""Attendance"", ""value"": 82.5, ""contribution"": -0.0804, ""direction"": ""decreases_risk""}, {""feature"": ""engagement_score"", ""label"": ""Engagement"", ""value"": 76.3, ""contribution"": -0.0539, ""direction"": ""decreases_risk""}, {""feature"": ""previous_failures"", ""label"": ""Previous Failures"", ""value"": 0.0, ""contribution"": -0.04, ""direction"": ""decreases_risk""}, {""feature"": ""absences"", ""label"": ""Absences"", ""value"": 11.0, ""contribution"": 0.0388, ""direction"": ""increases_risk""}]"
ST1301,22,60.5,64.9,85.6,73.4,69.5,14.3,0,12,4,0,0,0.2551,Low,"[{""feature"": ""engagement_score"", ""label"": ""Engagement"", ""value"": 73.4, ""contribution"": -0.1483, ""direction"": ""decreases_risk""}, {""feature"": ""attendance"", ""label"": ""Attendance"", ""value"": 60.5, ""contribution"": 0.1229, ""direction"": ""increases_risk""}, {""feature"": ""assignment_completion"", ""label"": ""Assignment Completion"", ""value"": 85.6, ""contribution"": -0.1071, ""direction"": ""decreases_risk""}, {""feature"": ""participation_score"", ""label"": ""Participation"", ""value"": 69.5, ""contribution"": -0.0637, ""direction"": ""decreases_risk""}, {""feature"": ""previous_failures"", ""label"": ""Previous Failures"", ""value"": 0.0, ""contribution"": -0.0426, ""direction"": ""decreases_risk""}]"
ST1302,16,70.3,68.1,82.8,78.6,69.7,19.6,1,13,2,0,0,0.1827,Low,"[{""feature"": ""engagement_score"", ""label"": ""Engagement"", ""value"": 78.6, ""contribution"": -0.1412, ""direction"": ""decreases_risk""}, {""feature"": ""avg_grade"", ""label"": ""Average Grade"", ""value"": 68.1, ""contribution"": -0.0879, ""direction"": ""decreases_risk""}, {""feature"": ""assignment_completion"", ""label"": ""Assignment Completion"", ""value"": 82.8, ""contribution"": -0.0706, ""direction"": ""decreases_risk""}, {""feature"": ""participation_score"", ""label"": ""Participation"", ""value"": 69.7, ""contribution"": -0.0453, ""direction"": ""decreases_risk""}, {""feature"": ""absences"", ""label"": ""Absences"", ""value"": 13.0, ""contribution"": 0.0277, ""direction"": ""increases_risk""}]"
ST1303,23,77.6,82.3,78.7,61.9,46.1,8.8,0,9,3,0,0,0.1449,Low,"[{""feature"": ""avg_grade"", ""label"": ""Average Grade"", ""value"": 82.3, ""contribution"": -0.1395, ""direction"": ""decreases_risk""}, {""feature"": ""attendance"", ""label"": ""Attendance"", ""value"": 77.6, ""contribution"": -0.1332, ""direction"": ""decreases_risk""}, {""feature"": ""participation_score"", ""label"": ""Participation"", ""value"": 46.1, ""contribution"": 0.0707, ""direction"": ""increases_risk""}, {""feature"": ""assignment_completion"", ""label"": ""Assignment Completion"", ""value"": 78.7, ""contribution"": -0.0619, ""direction"": ""decreases_risk""}, {""feature"": ""absences"", ""label"": ""Absences"", ""value"": 9.0, ""contribution"": -0.0497, ""direction"": ""decreases_risk""}]"
ST1304,20,64.4,61.0,62.7,71.7,52.2,4.8,1,13,1,1,1,0.7056,High,"[{""feature"": ""engagement_score"", ""label"": ""Engagement"", ""value"": 71.7, ""contribution"": -0.1571, ""direction"": ""decreases_risk""}, {""feature"": ""attendance"", ""label"": ""Attendance"", ""value"": 64.4, ""contribution"": 0.1038, ""direction"": ""increases_risk""}, {""feature"": ""avg_grade"", ""label"": ""Average Grade"", ""value"": 61.0, ""contribution"": 0.0795, ""direction"": ""increases_risk""}, {""feature"": ""participation_score"", ""label"": ""Participation"", ""value"": 52.2, ""contribution"": 0.0779, ""direction"": ""increases_risk""}, {""feature"": ""assignment_completion"", ""label"": ""Assignment Completion"", ""value"": 62.7, ""contribution"": 0.0689, ""direction"": ""increases_risk""}]"
ST1305,17,87.6,86.8,100.0,86.6,92.3,20.7,0,4,2,0,0,0.0056,Low,"[{""feature"": ""avg_grade"", ""label"": ""Average Grade"", ""value"": 86.8, ""contribution"": -0.1124, ""direction"": ""decreases_risk""}, {""feature"": ""attendance"", ""label"": ""Attendance"", ""value"": 87.6, ""contribution"": -0.1103, ""direction"": ""decreases_risk""}, {""feature"": ""engagement_score"", ""label"": ""Engagement"", ""value"": 86.6, ""contribution"": -0.0965, ""direction"": ""decreases_risk""}, {""feature"": ""assignment_completion"", ""label"": ""Assignment Completion"", ""value"": 100.0, ""contribution"": -0.0712, ""direction"": ""decreases_risk""}, {""feature"": ""participation_score"", ""label"": ""Participation"", ""value"": 92.3, ""contribution"": -0.042, ""direction"": ""decreases_risk""}]"
ST1306,18,100.0,100.0,100.0,84.0,80.2,13.7,0,0,4,1,0,0.0004,Low,"[{""feature"": ""attendance"", ""label"": ""Attendance"", ""value"": 100.0, ""contribution"": -0.1109, ""direction"": ""decreases_risk""}, {""feature"": ""avg_grade"", ""label"": ""Average Grade"", ""value"": 100.0, ""contribution"": -0.1027, ""direction"": ""decreases_risk""}, {""feature"": ""engagement_score"", ""label"": ""Engagement"", ""value"": 84.0, ""contribution"": -0.0959, ""direction"": ""decreases_risk""}, {""feature"": ""assignment_completion"", ""label"": ""Assignment Completion"", ""value"": 100.0, ""contribution"": -0.0748, ""direction"": ""decreases_risk""}, {""feature"": ""participation_score"", ""label"": ""Participation"", ""value"": 80.2, ""contribution"": -0.0421, ""direction"": ""decreases_risk""}]"
ST1307,20,100.0,86.9,100.0,80.1,80.8,16.3,1,0,1,0,0,0.0039,Low,"[{""feature"": ""attendance"", ""label"": ""Attendance"", ""value"": 100.0, ""contribution"": -0.1205, ""direction"": ""decreases_risk""}, {""feature"": ""avg_grade"", ""label"": ""Average Grade"", ""value"": 86.9, ""contribution"": -0.1112, ""direction"": ""decreases_risk""}, {""feature"": ""engagement_score"", ""label"": ""Engagement"", ""value"": 80.1, ""contribution"": -0.0954, ""direction"": ""decreases_risk""}, {""feature"": ""assignment_completion"", ""label"": ""Assignment Completion"", ""value"": 100.0, ""contribution"": -0.0828, ""direction"": ""decreases_risk""}, {""feature"": ""participation_score"", ""label"": ""Participation"", ""value"": 80.8, ""contribution"": -0.0429, ""direction"": ""decreases_risk""}]"
ST1308,18,79.8,75.7,69.6,48.1,65.7,10.5,2,12,3,1,0,0.2536,Low,"[{""feature"": ""attendance"", ""label"": ""Attendance"", ""value"": 79.8, ""contribution"": -0.1901, ""direction"": ""decreases_risk""}, {""feature"": ""avg_grade"", ""label"": ""Average Grade"", ""value"": 75.7, ""contribution"": -0.15, ""direction"": ""decreases_risk""}, {""feature"": ""engagement_score"", ""label"": ""Engagement"", ""value"": 48.1, ""contribution"": 0.1088, ""direction"": ""increases_risk""}, {""feature"": ""participation_score"", ""label"": ""Participation"", ""value"": 65.7, ""contribution"": -0.0454, ""direction"": ""decreases_risk""}, {""feature"": ""absences"", ""label"": ""Absences"", ""value"": 12.0, ""contribution"": 0.0257, ""direction"": ""increases_risk""}]"
ST1309,16,54.7,37.7,73.6,60.7,49.2,9.5,3,16,2,1,1,0.9362,High,"[{""feature"": ""attendance"", ""label"": ""Attendance"", ""value"": 54.7, ""contribution"": 0.1385, ""direction"": ""increases_risk""}, {""feature"": ""avg_grade"", ""label"": ""Average Grade"", ""value"": 37.7, ""contribution"": 0.1362, ""direction"": ""increases_risk""}, {""feature"": ""participation_score"", ""label"": ""Participation"", ""value"": 49.2, ""contribution"": 0.0442, ""direction"": ""increases_risk""}, {""feature"": ""absences"", ""label"": ""Absences"", ""value"": 16.0, ""contribution"": 0.0418, ""direction"": ""increases_risk""}, {""feature"": ""previous_failures"", ""label"": ""Previous Failures"", ""value"": 3.0, ""contribution"": 0.0324, ""direction"": ""increases_risk""}]"
ST1310,21,81.6,88.0,76.7,92.6,62.7,15.8,0,10,3,1,0,0.0469,Low,"[{""feature"": ""avg_grade"", ""label"": ""Average Grade"", ""value"": 88.0, ""contribution"": -0.1299, ""direction"": ""decreases_risk""}, {""feature"": ""attendance"", ""label"": ""Attendance"", ""value"": 81.6, ""contribution"": -0.1074, ""direction"": ""decreases_risk""}, {""feature"": ""engagement_score"", ""label"": ""Engagement"", ""value"": 92.6, ""contribution"": -0.0971, ""direction"": ""decreases_risk""}, {""feature"": ""assignment_completion"", ""label"": ""Assignment Completion"", ""value"": 76.7, ""contribution"": -0.0466, ""direction"": ""decreases_risk""}, {""feature"": ""previous_failures"", ""label"": ""Previous Failures"", ""value"": 0.0, ""contribution"": -0.0296, ""direction"": ""decreases_risk""}]"
ST1311,21,100.0,100.0,100.0,100.0,100.0,24.6,0,4,4,1,0,0.0128,Low,"[{""feature"": ""attendance"", ""label"": ""Attendance"", ""value"": 100.0, ""contribution"": -0.1054, ""direction"": ""decreases_risk""}, {""feature"": ""avg_grade"", ""label"": ""Average Grade"", ""value"": 100.0, ""contribution"": -0.1052, ""direction"": ""decreases_risk""}, {""feature"": ""engagement_score"", ""label"": ""Engagement"", ""value"": 100.0, ""contribution"": -0.0931, ""direction"": ""decreases_risk""}, {""feature"": ""assignment_completion"", ""label"": ""Assignment Completion"", ""value"": 100.0, ""contribution"": -0.0705, ""direction"": ""decreases_risk""}, {""feature"": ""participation_score"", ""label"": ""Participation"", ""value"": 100.0, ""contribution"": -0.0304, ""direction"": ""decreases_risk""}]"
ST1312,16,100.0,94.3,100.0,92.2,100.0,18.5,0,0,5,0,0,0.0029,Low,"[{""feature"": ""avg_grade"", ""label"": ""Average Grade"", ""value"": 94.3, ""contribution"": -0.1139, ""direction"": ""decreases_risk""}, {""feature"": ""attendance"", ""label"": ""Attendance"", ""value"": 100.0, ""contribution"": -0.1122, ""direction"": ""decreases_risk""}, {""feature"": ""engagement_score"", ""label"": ""Engagement"", ""value"": 92.2, ""contribution"": -0.0946, ""direction"": ""decreases_risk""}, {""feature"": ""assignment_completion"", ""label"": ""Assignment Completion"", ""value"": 100.0, ""contribution"": -0.0725, ""direction"": ""decreases_risk""}, {""feature"": ""participation_score"", ""label"": ""Participation"", ""value"": 100.0, ""contribution"": -0.033, ""direction"": ""decreases_risk""}]"
ST1313,18,94.8,86.1,100.0,100.0,68.1,19.4,0,3,3,1,0,0.0129,Low,"[{""feature"": ""attendance"", ""label"": ""Attendance"", ""value"": 94.8, ""contribution"": -0.1121, ""direction"": ""decreases_risk""}, {""feature"": ""avg_grade"", ""label"": ""Average Grade"", ""value"": 86.1, ""contribution"": -0.1117, ""direction"": ""decreases_risk""}, {""feature"": ""engagement_score"", ""label"": ""Engagement"", ""value"": 100.0, ""contribution"": -0.0966, ""direction"": ""decreases_risk""}, {""feature"": ""assignment_completion"", ""label"": ""Assignment Completion"", ""value"": 100.0, ""contribution"": -0.0738, ""direction"": ""decreases_risk""}, {""feature"": ""absences"", ""label"": ""Absences"", ""value"": 3.0, ""contribution"": -0.0272, ""direction"": ""decreases_risk""}]"
ST1314,17,93.7,85.5,82.5,77.3,71.7,26.6,0,2,5,0,0,0.0238,Low,"[{""feature"": ""avg_grade"", ""label"": ""Average Grade"", ""value"": 85.5, ""contribution"": -0.1167, ""direction"": ""decreases_risk""}, {""feature"": ""attendance"", ""label"": ""Attendance"", ""value"": 93.7, ""contribution"": -0.1135, ""direction"": ""decreases_risk""}, {""feature"": ""engagement_score"", ""label"": ""Engagement"", ""value"": 77.3, ""contribution"": -0.0854, ""direction"": ""decreases_risk""}, {""feature"": ""assignment_completion"", ""label"": ""Assignment Completion"", ""value"": 82.5, ""contribution"": -0.0616, ""direction"": ""decreases_risk""}, {""feature"": ""participation_score"", ""label"": ""Participation"", ""value"": 71.7, ""contribution"": -0.0344, ""direction"": ""decreases_risk""}]"
ST1315,21,86.5,75.9,80.5,74.6,58.5,15.9,0,1,4,1,0,0.1817,Low,"[{""feature"": ""attendance"", ""label"": ""Attendance"", ""value"": 86.5, ""contribution"": -0.1035, ""direction"": ""decreases_risk""}, {""feature"": ""assignment_completion"", ""label"": ""Assignment Completion"", ""value"": 80.5, ""contribution"": -0.0577, ""direction"": ""decreases_risk""}, {""feature"": ""avg_grade"", ""label"": ""Average Grade"", ""value"": 75.9, ""contribution"": -0.056, ""direction"": ""decreases_risk""}, {""feature"": ""engagement_score"", ""label"": ""Engagement"", ""value"": 74.6, ""contribution"": -0.046, ""direction"": ""decreases_risk""}, {""feature"": ""participation_score"", ""label"": ""Participation"", ""value"": 58.5, ""contribution"": 0.0446, ""direction"": ""increases_risk""}]"
ST1316,21,84.7,76.8,71.1,84.2,77.8,12.1,0,5,5,0,0,0.0827,Low,"[{""feature"": ""attendance"", ""label"": ""Attendance"", ""value"": 84.7, ""contribution"": -0.1286, ""direction"": ""decreases_risk""}, {""feature"": ""avg_grade"", ""label"": ""Average Grade"", ""value"": 76.8, ""contribution"": -0.1032, ""direction"": ""decreases_risk""}, {""feature"": ""engagement_score"", ""label"": ""Engagement"", ""value"": 84.2, ""contribution"": -0.0943, ""direction"": ""decreases_risk""}, {""feature"": ""participation_score"", ""label"": ""Participation"", ""value"": 77.8, ""contribution"": -0.0557, ""direction"": ""decreases_risk""}, {""feature"": ""assignment_completion"", ""label"": ""Assignment Completion"", ""value"": 71.1, ""contribution"": 0.0481, ""direction"": ""increases_risk""}]"
ST1317,21,84.5,73.3,89.2,82.0,71.3,9.5,0,7,4,0,0,0.0309,Low,"[{""feature"": ""engagement_score"", ""label"": ""Engagement"", ""value"": 82.0, ""contribution"": -0.1132, ""direction"": ""decreases_risk""}, {""feature"": ""attendance"", ""label"": ""Attendance"", ""value"": 84.5, ""contribution"": -0.111, ""direction"": ""decreases_risk""}, {""feature"": ""avg_grade"", ""label"": ""Average Grade"", ""value"": 73.3, ""contribution"": -0.076, ""direction"": ""decreases_risk""}, {""feature"": ""assignment_completion"", ""label"": ""Assignment Completion"", ""value"": 89.2, ""contribution"": -0.0637, ""direction"": ""decreases_risk""}, {""feature"": ""participation_score"", ""label"": ""Participation"", ""value"": 71.3, ""contribution"": -0.0337, ""direction"": ""decreases_risk""}]"
ST1318,23,66.2,58.4,48.2,72.8,44.0,5.4,3,10,3,1,0,0.6429,High,"[{""feature"": ""engagement_score"", ""label"": ""Engagement"", ""value"": 72.8, ""contribution"": -0.1758, ""direction"": ""decreases_risk""}, {""feature"": ""avg_grade"", ""label"": ""Average Grade"", ""value"": 58.4, ""contribution"": 0.0951, ""direction"": ""increases_risk""}, {""feature"": ""assignment_completion"", ""label"": ""Assignment Completion"", ""value"": 48.2, ""contribution"": 0.0904, ""direction"": ""increases_risk""}, {""feature"": ""participation_score"", ""label"": ""Participation"", ""value"": 44.0, ""contribution"": 0.0721, ""direction"": ""increases_risk""}, {""feature"": ""attendance"", ""label"": ""Attendance"", ""value"": 66.2, ""contribution"": 0.0637, ""direction"": ""increases_risk""}]"
ST1319,22,98.0,89.4,89.4,85.7,78.5,14.4,0,0,4,1,0,0.0002,Low,"[{""feature"": ""attendance"", ""label"": ""Attendance"", ""value"": 98.0, ""contribution"": -0.1113, ""direction"": ""decreases_risk""}, {""feature"": ""avg_grade"", ""label"": ""Average Grade"", ""value"": 89.4, ""contribution"": -0.1041, ""direction"": ""decreases_risk""}, {""feature"": ""engagement_score"", ""label"": ""Engagement"", ""value"": 85.7, ""contribution"": -0.0942, ""direction"": ""decreases_risk""}, {""feature"": ""assignment_completion"", ""label"": ""Assignment Completion"", ""value"": 89.4, ""contribution"": -0.0748, ""direction"": ""decreases_risk""}, {""feature"": ""participation_score"", ""label"": ""Participation"", ""value"": 78.5, ""contribution"": -0.0416, ""direction"": ""decreases_risk""}]"
ST1320,18,86.3,86.6,73.1,82.1,66.8,14.3,1,4,2,1,0,0.1478,Low,"[{""feature"": ""attendance"", ""label"": ""Attendance"", ""value"": 86.3, ""contribution"": -0.1218, ""direction"": ""decreases_risk""}, {""feature"": ""avg_grade"", ""label"": ""Average Grade"", ""value"": 86.6, ""contribution"": -0.1132, ""direction"": ""decreases_risk""}, {""feature"": ""engagement_score"", ""label"": ""Engagement"", ""value"": 82.1, ""contribution"": -0.0889, ""direction"": ""decreases_risk""}, {""feature"": ""assignment_completion"", ""label"": ""Assignment Completion"", ""value"": 73.1, ""contribution"": 0.0382, ""direction"": ""increases_risk""}, {""feature"": ""absences"", ""label"": ""Absences"", ""value"": 4.0, ""contribution"": -0.024, ""direction"": ""decreases_risk""}]"
ST1321,16,53.1,57.1,70.2,54.2,49.9,9.8,1,23,4,1,0,0.718,High,"[{""feature"": ""attendance"", ""label"": ""Attendance"", ""value"": 53.1, ""contribution"": 0.1003, ""direction"": ""increases_risk""}, {""feature"": ""avg_grade"", ""label"": ""Average Grade"", ""value"": 57.1, ""contribution"": 0.059, ""direction"": ""increases_risk""}, {""feature"": ""engagement_score"", ""label"": ""Engagement"", ""value"": 54.2, ""contribution"": 0.0471, ""direction"": ""increases_risk""}, {""feature"": ""participation_score"", ""label"": ""Participation"", ""value"": 49.9, ""contribution"": 0.0459, ""direction"": ""increases_risk""}, {""feature"": ""absences"", ""label"": ""Absences"", ""value"": 23.0, ""contribution"": 0.0361, ""direction"": ""increases_risk""}]"
ST1322,20,100.0,100.0,100.0,80.4,73.4,24.2,0,0,4,1,0,0.0017,Low,"[{""feature"": ""avg_grade"", ""label"": ""Average Grade"", ""value"": 100.0, ""contribution"": -0.11, ""direction"": ""decreases_risk""}, {""feature"": ""attendance"", ""label"": ""Attendance"", ""value"": 100.0, ""contribution"": -0.1078, ""direction"": ""decreases_risk""}, {""feature"": ""engagement_score"", ""label"": ""Engagement"", ""value"": 80.4, ""contribution"": -0.0924, ""direction"": ""decreases_risk""}, {""feature"": ""assignment_completion"", ""label"": ""Assignment Completion"", ""value"": 100.0, ""contribution"": -0.0757, ""direction"": ""decreases_risk""}, {""feature"": ""participation_score"", ""label"": ""Participation"", ""value"": 73.4, ""contribution"": -0.0405, ""direction"": ""decreases_risk""}]"
ST1323,23,73.3,69.5,58.3,60.3,50.8,14.0,1,11,4,1,0,0.3565,Medium,"[{""feature"": ""attendance"", ""label"": ""Attendance"", ""value"": 73.3, ""contribution"": -0.1325, ""direction"": ""decreases_risk""}, {""feature"": ""avg_grade"", ""label"": ""Average Grade"", ""value"": 69.5, ""contribution"": -0.1306, ""direction"": ""decreases_risk""}, {""feature"": ""assignment_completion"", ""label"": ""Assignment Completion"", ""value"": 58.3, ""contribution"": 0.104, ""direction"": ""increases_risk""}, {""feature"": ""participation_score"", ""label"": ""Participation"", ""value"": 50.8, ""contribution"": 0.0541, ""direction"": ""increases_risk""}, {""feature"": ""study_hours"", ""label"": ""Study Hours"", ""value"": 14.0, ""contribution"": -0.0325, ""direction"": ""decreases_risk""}]"
ST1324,23,60.7,84.3,85.9,80.9,81.5,11.1,0,13,1,1,0,0.1614,Low,"[{""feature"": ""engagement_score"", ""label"": ""Engagement"", ""value"": 80.9, ""contribution"": -0.178, ""direction"": ""decreases_risk""}, {""feature"": ""attendance"", ""label"": ""Attendance"", ""value"": 60.7, ""contribution"": 0.143, ""direction"": ""increases_risk""}, {""feature"": ""avg_grade"", ""label"": ""Average Grade"", ""value"": 84.3, ""contribution"": -0.1282, ""direction"": ""decreases_risk""}, {""feature"": ""assignment_completion"", ""label"": ""Assignment Completion"", ""value"": 85.9, ""contribution"": -0.0985, ""direction"": ""decreases_risk""}, {""feature"": ""participation_score"", ""label"": ""Participation"", ""value"": 81.5, ""contribution"": -0.0646, ""direction"": ""decreases_risk""}]"
ST1325,17,74.2,81.3,68.4,79.4,62.0,9.0,1,7,3,0,0,0.2129,Low,"[{""feature"": ""avg_grade"", ""label"": ""Average Grade"", ""value"": 81.3, ""contribution"": -0.1131, ""direction"": ""decreases_risk""}, {""feature"": ""engagement_score"", ""label"": ""Engagement"", ""value"": 79.4, ""contribution"": -0.1063, ""direction"": ""decreases_risk""}, {""feature"": ""assignment_completion"", ""label"": ""Assignment Completion"", ""value"": 68.4, ""contribution"": 0.0926, ""direction"": ""increases_risk""}, {""feature"": ""attendance"", ""label"": ""Attendance"", ""value"": 74.2, ""contribution"": -0.0832, ""direction"": ""decreases_risk""}, {""feature"": ""absences"", ""label"": ""Absences"", ""value"": 7.0, ""contribution"": -0.0399, ""direction"": ""decreases_risk""}]"
ST1326,17,56.4,51.1,59.8,41.1,50.9,8.9,3,14,4,1,1,0.994,High,"[{""feature"": ""avg_grade"", ""label"": ""Average Grade"", ""value"": 51.1, ""contribution"": 0.117, ""direction"": ""increases_risk""}, {""feature"": ""attendance"", ""label"": ""Attendance"", ""value"": 56.4, ""contribution"": 0.1086, ""direction"": ""increases_risk""}, {""feature"": ""engagement_score"", ""label"": ""Engagement"", ""value"": 41.1, ""contribution"": 0.1022, ""direction"": ""increases_risk""}, {""feature"": ""assignment_completion"", ""label"": ""Assignment Completion"", ""value"": 59.8, ""contribution"": 0.0773, ""direction"": ""increases_risk""}, {""feature"": ""participation_score"", ""label"": ""Participation"", ""value"": 50.9, ""contribution"": 0.0409, ""direction"": ""increases_risk""}]"
ST1327,16,86.7,100.0,84.1,73.4,67.5,14.7,0,7,1,1,1,0.036,Low,"[{""feature"": ""avg_grade"", ""label"": ""Average Grade"", ""value"": 100.0, ""contribution"": -0.1174, ""direction"": ""decreases_risk""}, {""feature"": ""attendance"", ""label"": ""Attendance"", ""value"": 86.7, ""contribution"": -0.1104, ""direction"": ""decreases_risk""}, {""feature"": ""assignment_completion"", ""label"": ""Assignment Completion"", ""value"": 84.1, ""contribution"": -0.0742, ""direction"": ""decreases_risk""}, {""feature"": ""engagement_score"", ""label"": ""Engagement"", ""value"": 73.4, ""contribution"": -0.0593, ""direction"": ""decreases_risk""}, {""feature"": ""absences"", ""label"": ""Absences"", ""value"": 7.0, ""contribution"": -0.0376, ""direction"": ""decreases_risk""}]"
ST1328,17,36.3,36.9,56.8,33.7,47.5,0.0,4,24,4,1,1,0.9986,High,"[{""feature"": ""avg_grade"", ""label"": ""Average Grade"", ""value"": 36.9, ""contribution"": 0.1151, ""direction"": ""increases_risk""}, {""feature"": ""attendance"", ""label"": ""Attendance"", ""value"": 36.3, ""contribution"": 0.1121, ""direction"": ""increases_risk""}, {""feature"": ""engagement_score"", ""label"": ""Engagement"", ""value"": 33.7, ""contribution"": 0.0953, ""direction"": ""increases_risk""}, {""feature"": ""assignment_completion"", ""label"": ""Assignment Completion"", ""value"": 56.8, ""contribution"": 0.0771, ""direction"": ""increases_risk""}, {""feature"": ""participation_score"", ""label"": ""Participation"", ""value"": 47.5, ""contribution"": 0.0419, ""direction"": ""increases_risk""}]"
ST1329,20,94.7,82.0,94.2,85.0,59.9,15.2,1,2,5,1,0,0.0268,Low,"[{""feature"": ""attendance"", ""label"": ""Attendance"", ""value"": 94.7, ""contribution"": -0.1211, ""direction"": ""decreases_risk""}, {""feature"": ""avg_grade"", ""label"": ""Average Grade"", ""value"": 82.0, ""contribution"": -0.1131, ""direction"": ""decreases_risk""}, {""feature"": ""engagement_score"", ""label"": ""Engagement"", ""value"": 85.0, ""contribution"": -0.1013, ""direction"": ""decreases_risk""}, {""feature"": ""assignment_completion"", ""label"": ""Assignment Completion"", ""value"": 94.2, ""contribution"": -0.0821, ""direction"": ""decreases_risk""}, {""feature"": ""absences"", ""label"": ""Absences"", ""value"": 2.0, ""contribution"": -0.0352, ""direction"": ""decreases_risk""}]"
ST1330,20,91.6,100.0,91.8,98.8,86.3,20.8,0,6,3,1,0,0.0048,Low,"[{""feature"": ""avg_grade"", ""label"": ""Average Grade"", ""value"": 100.0, ""contribution"": -0.1093, ""direction"": ""decreases_risk""}, {""feature"": ""attendance"", ""label"": ""Attendance"", ""value"": 91.6, ""contribution"": -0.1068, ""direction"": ""decreases_risk""}, {""feature"": ""engagement_score"", ""label"": ""Engagement"", ""value"": 98.8, ""contribution"": -0.096, ""direction"": ""decreases_risk""}, {""feature"": ""assignment_completion"", ""label"": ""Assignment Completion"", ""value"": 91.8, ""contribution"": -0.0671, ""direction"": ""decreases_risk""}, {""feature"": ""participation_score"", ""label"": ""Participation"", ""value"": 86.3, ""contribution"": -0.0391, ""direction"": ""decreases_risk""}]"
ST1331,18,69.6,61.5,68.1,69.4,67.6,4.4,1,14,5,1,0,0.2501,Low,"[{""feature"": ""engagement_score"", ""label"": ""Engagement"", ""value"": 69.4, ""contribution"": -0.1752, ""direction"": ""decreases_risk""}, {""feature"": ""participation_score"", ""label"": ""Participation"", ""value"": 67.6, ""contribution"": -0.0706, ""direction"": ""decreases_risk""}, {""feature"": ""assignment_completion"", ""label"": ""Assignment Completion"", ""value"": 68.1, ""contribution"": 0.0327, ""direction"": ""increases_risk""}, {""feature"": ""family_support"", ""label"": ""Family Support"", ""value"": 5.0, ""contribution"": -0.0299, ""direction"": ""decreases_risk""}, {""feature"": ""previous_failures"", ""label"": ""Previous Failures"", ""value"": 1.0, ""contribution"": -0.0188, ""direction"": ""decreases_risk""}]"
ST1332,18,99.3,88.9,100.0,82.0,100.0,14.4,0,3,5,0,0,0.0261,Low,"[{""feature"": ""attendance"", ""label"": ""Attendance"", ""value"": 99.3, ""contribution"": -0.1129, ""direction"": ""decreases_risk""}, {""feature"": ""avg_grade"", ""label"": ""Average Grade"", ""value"": 88.9, ""contribution"": -0.1089, ""direction"": ""decreases_risk""}, {""feature"": ""engagement_score"", ""label"": ""Engagement"", ""value"": 82.0, ""contribution"": -0.095, ""direction"": ""decreases_risk""}, {""feature"": ""assignment_completion"", ""label"": ""Assignment Completion"", ""value"": 100.0, ""contribution"": -0.0697, ""direction"": ""decreases_risk""}, {""feature"": ""participation_score"", ""label"": ""Participation"", ""value"": 100.0, ""contribution"": -0.026, ""direction"": ""decreases_risk""}]"
ST1333,22,95.0,82.5,92.1,92.5,85.5,15.1,0,0,3,1,0,0.0052,Low,"[{""feature"": ""attendance"", ""label"": ""Attendance"", ""value"": 95.0, ""contribution"": -0.1136, ""direction"": ""decreases_risk""}, {""feature"": ""avg_grade"", ""label"": ""Average Grade"", ""value"": 82.5, ""contribution"": -0.1024, ""direction"": ""decreases_risk""}, {""feature"": ""engagement_score"", ""label"": ""Engagement"", ""value"": 92.5, ""contribution"": -0.0944, ""direction"": ""decreases_risk""}, {""feature"": ""assignment_completion"", ""label"": ""Assignment Completion"", ""value"": 92.1, ""contribution"": -0.0716, ""direction"": ""decreases_risk""}, {""feature"": ""participation_score"", ""label"": ""Participation"", ""value"": 85.5, ""contribution"": -0.0392, ""direction"": ""decreases_risk""}]"
ST1334,19,75.3,70.4,71.8,31.8,55.9,12.4,1,10,5,1,1,0.5575,Medium,"[{""feature"": ""engagement_score"", ""label"": ""Engagement"", ""value"": 31.8, ""contribution"": 0.1603, ""direction"": ""increases_risk""}, {""feature"": ""attendance"", ""label"": ""Attendance"", ""value"": 75.3, ""contribution"": -0.1281, ""direction"": ""decreases_risk""}, {""feature"": ""avg_grade"", ""label"": ""Average Grade"", ""value"": 70.4, ""contribution"": -0.0959, ""direction"": ""decreases_risk""}, {""feature"": ""participation_score"", ""label"": ""Participation"", ""value"": 55.9, ""contribution"": 0.0859, ""direction"": ""increases_risk""}, {""feature"": ""assignment_completion"", ""label"": ""Assignment Completion"", ""value"": 71.8, ""contribution"": 0.0317, ""direction"": ""increases_risk""}]"
ST1335,22,76.2,61.4,84.0,63.3,67.8,8.0,1,10,5,1,1,0.4848,Medium,"[{""feature"": ""avg_grade"", ""label"": ""Average Grade"", ""value"": 61.4, ""contribution"": 0.122, ""direction"": ""increases_risk""}, {""feature"": ""attendance"", ""label"": ""Attendance"", ""value"": 76.2, ""contribution"": -0.1046, ""direction"": ""decreases_risk""}, {""feature"": ""assignment_completion"", ""label"": ""Assignment Completion"", ""value"": 84.0, ""contribution"": -0.0799, ""direction"": ""decreases_risk""}, {""feature"": ""engagement_score"", ""label"": ""Engagement"", ""value"": 63.3, ""contribution"": 0.0408, ""direction"": ""increases_risk""}, {""feature"": ""absences"", ""label"": ""Absences"", ""value"": 10.0, ""contribution"": 0.0238, ""direction"": ""increases_risk""}]"
ST1336,23,91.0,85.0,84.4,100.0,100.0,12.3,0,1,1,1,0,0.0545,Low,"[{""feature"": ""attendance"", ""label"": ""Attendance"", ""value"": 91.0, ""contribution"": -0.1179, ""direction"": ""decreases_risk""}, {""feature"": ""avg_grade"", ""label"": ""Average Grade"", ""value"": 85.0, ""contribution"": -0.1016, ""direction"": ""decreases_risk""}, {""feature"": ""engagement_score"", ""label"": ""Engagement"", ""value"": 100.0, ""contribution"": -0.0873, ""direction"": ""decreases_risk""}, {""feature"": ""assignment_completion"", ""label"": ""Assignment Completion"", ""value"": 84.4, ""contribution"": -0.0723, ""direction"": ""decreases_risk""}, {""feature"": ""absences"", ""label"": ""Absences"", ""value"": 1.0, ""contribution"": -0.031, ""direction"": ""decreases_risk""}]"
ST1337,18,64.6,62.9,63.4,37.2,36.3,9.7,3,8,5,1,1,0.8956,High,"[{""feature"": ""attendance"", ""label"": ""Attendance"", ""value"": 64.6, ""contribution"": 0.1323, ""direction"": ""increases_risk""}, {""feature"": ""engagement_score"", ""label"": ""Engagement"", ""value"": 37.2, ""contribution"": 0.1186, ""direction"": ""increases_risk""}, {""feature"": ""assignment_completion"", ""label"": ""Assignment Completion"", ""value"": 63.4, ""contribution"": 0.0805, ""direction"": ""increases_risk""}, {""feature"": ""participation_score"", ""label"": ""Participation"", ""value"": 36.3, ""contribution"": 0.0646, ""direction"": ""increases_risk""}, {""feature"": ""absences"", ""label"": ""Absences"", ""value"": 8.0, ""contribution"": -0.0401, ""direction"": ""decreases_risk""}]"
ST1338,17,54.8,56.9,67.6,46.4,42.5,5.4,3,10,1,0,1,0.9412,High,"[{""feature"": ""attendance"", ""label"": ""Attendance"", ""value"": 54.8, ""contribution"": 0.1121, ""direction"": ""increases_risk""}, {""feature"": ""engagement_score"", ""label"": ""Engagement"", ""value"": 46.4, ""contribution"": 0.1038, ""direction"": ""increases_risk""}, {""feature"": ""avg_grade"", ""label"": ""Average Grade"", ""value"": 56.9, ""contribution"": 0.0841, ""direction"": ""increases_risk""}, {""feature"": ""participation_score"", ""label"": ""Participation"", ""value"": 42.5, ""contribution"": 0.0477, ""direction"": ""increases_risk""}, {""feature"": ""assignment_completion"", ""label"": ""Assignment Completion"", ""value"": 67.6, ""contribution"": 0.0373, ""direction"": ""increases_risk""}]"
ST1339,23,52.7,43.9,61.5,42.7,45.3,7.2,2,17,3,1,1,0.9926,High,"[{""feature"": ""attendance"", ""label"": ""Attendance"", ""value"": 52.7, ""contribution"": 0.1147, ""direction"": ""increases_risk""}, {""feature"": ""avg_grade"", ""label"": ""Average Grade"", ""value"": 43.9, ""contribution"": 0.1146, ""direction"": ""increases_risk""}, {""feature"": ""engagement_score"", ""label"": ""Engagement"", ""value"": 42.7, ""contribution"": 0.0987, ""direction"": ""increases_risk""}, {""feature"": ""assignment_completion"", ""label"": ""Assignment Completion"", ""value"": 61.5, ""contribution"": 0.0682, ""direction"": ""increases_risk""}, {""feature"": ""participation_score"", ""label"": ""Participation"", ""value"": 45.3, ""contribution"": 0.0456, ""direction"": ""increases_risk""}]"
ST1340,21,69.4,56.9,68.8,54.9,56.0,6.3,1,12,5,1,1,0.7912,High,"[{""feature"": ""avg_grade"", ""label"": ""Average Grade"", ""value"": 56.9, ""contribution"": 0.0812, ""direction"": ""increases_risk""}, {""feature"": ""engagement_score"", ""label"": ""Engagement"", ""value"": 54.9, ""contribution"": 0.0765, ""direction"": ""increases_risk""}, {""feature"": ""attendance"", ""label"": ""Attendance"", ""value"": 69.4, ""contribution"": 0.0562, ""direction"": ""increases_risk""}, {""feature"": ""participation_score"", ""label"": ""Participation"", ""value"": 56.0, ""contribution"": 0.0479, ""direction"": ""increases_risk""}, {""feature"": ""absences"", ""label"": ""Absences"", ""value"": 12.0, ""contribution"": 0.0376, ""direction"": ""increases_risk""}]"
ST1341,18,55.4,55.9,52.1,55.6,45.3,1.8,4,12,4,1,1,0.9494,High,"[{""feature"": ""attendance"", ""label"": ""Attendance"", ""value"": 55.4, ""contribution"": 0.1093, ""direction"": ""increases_risk""}, {""feature"": ""assignment_completion"", ""label"": ""Assignment Completion"", ""value"": 52.1, ""contribution"": 0.0805, ""direction"": ""increases_risk""}, {""feature"": ""avg_grade"", ""label"": ""Average Grade"", ""value"": 55.9, ""contribution"": 0.0787, ""direction"": ""increases_risk""}, {""feature"": ""engagement_score"", ""label"": ""Engagement"", ""value"": 55.6, ""contribution"": 0.0726, ""direction"": ""increases_risk""}, {""feature"": ""participation_score"", ""label"": ""Participation"", ""value"": 45.3, ""contribution"": 0.0524, ""direction"": ""increases_risk""}]"
ST1342,20,100.0,100.0,95.2,100.0,80.0,22.7,0,3,2,1,0,0.0013,Low,"[{""feature"": ""attendance"", ""label"": ""Attendance"", ""value"": 100.0, ""contribution"": -0.1118, ""direction"": ""decreases_risk""}, {""feature"": ""avg_grade"", ""label"": ""Average Grade"", ""value"": 100.0, ""contribution"": -0.1085, ""direction"": ""decreases_risk""}, {""feature"": ""engagement_score"", ""label"": ""Engagement"", ""value"": 100.0, ""contribution"": -0.0938, ""direction"": ""decreases_risk""}, {""feature"": ""assignment_completion"", ""label"": ""Assignment Completion"", ""value"": 95.2, ""contribution"": -0.0715, ""direction"": ""decreases_risk""}, {""feature"": ""participation_score"", ""label"": ""Participation"", ""value"": 80.0, ""contribution"": -0.0417, ""direction"": ""decreases_risk""}]"
ST1343,20,88.7,65.8,76.3,76.3,87.9,14.2,1,4,4,1,0,0.0949,Low,"[{""feature"": ""attendance"", ""label"": ""Attendance"", ""value"": 88.7, ""contribution"": -0.1202, ""direction"": ""decreases_risk""}, {""feature"": ""engagement_score"", ""label"": ""Engagement"", ""value"": 76.3, ""contribution"": -0.0787, ""direction"": ""decreases_risk""}, {""feature"": ""participation_score"", ""label"": ""Participation"", ""value"": 87.9, ""contribution"": -0.0529, ""direction"": ""decreases_risk""}, {""feature"": ""assignment_completion"", ""label"": ""Assignment Completion"", ""value"": 76.3, ""contribution"": -0.0426, ""direction"": ""decreases_risk""}, {""feature"": ""avg_grade"", ""label"": ""Average Grade"", ""value"": 65.8, ""contribution"": -0.038, ""direction"": ""decreases_risk""}]"
ST1344,23,94.0,85.8,99.4,94.1,64.5,18.7,0,6,2,1,0,0.0157,Low,"[{""feature"": ""attendance"", ""label"": ""Attendance"", ""value"": 94.0, ""contribution"": -0.1119, ""direction"": ""decreases_risk""}, {""feature"": ""avg_grade"", ""label"": ""Average Grade"", ""value"": 85.8, ""contribution"": -0.1111, ""direction"": ""decreases_risk""}, {""feature"": ""engagement_score"", ""label"": ""Engagement"", ""value"": 94.1, ""contribution"": -0.0959, ""direction"": ""decreases_risk""}, {""feature"": ""assignment_completion"", ""label"": ""Assignment Completion"", ""value"": 99.4, ""contribution"": -0.0708, ""direction"": ""decreases_risk""}, {""feature"": ""absences"", ""label"": ""Absences"", ""value"": 6.0, ""contribution"": -0.0336, ""direction"": ""decreases_risk""}]"
ST1345,18,68.6,70.0,74.9,67.9,64.1,9.9,0,12,2,0,0,0.2097,Low,"[{""feature"": ""engagement_score"", ""label"": ""Engagement"", ""value"": 67.9, ""contribution"": -0.1228, ""direction"": ""decreases_risk""}, {""feature"": ""avg_grade"", ""label"": ""Average Grade"", ""value"": 70.0, ""contribution"": -0.1201, ""direction"": ""decreases_risk""}, {""feature"": ""attendance"", ""label"": ""Attendance"", ""value"": 68.6, ""contribution"": 0.0797, ""direction"": ""increases_risk""}, {""feature"": ""previous_failures"", ""label"": ""Previous Failures"", ""value"": 0.0, ""contribution"": -0.0634, ""direction"": ""decreases_risk""}, {""feature"": ""participation_score"", ""label"": ""Participation"", ""value"": 64.1, ""contribution"": -0.0603, ""direction"": ""decreases_risk""}]"
ST1346,23,88.9,89.0,91.5,100.0,87.5,12.2,0,1,5,1,0,0.0019,Low,"[{""feature"": ""attendance"", ""label"": ""Attendance"", ""value"": 88.9, ""contribution"": -0.1114, ""direction"": ""decreases_risk""}, {""feature"": ""avg_grade"", ""label"": ""Average Grade"", ""value"": 89.0, ""contribution"": -0.1066, ""direction"": ""decreases_risk""}, {""feature"": ""engagement_score"", ""label"": ""Engagement"", ""value"": 100.0, ""contribution"": -0.0962, ""direction"": ""decreases_risk""}, {""feature"": ""assignment_completion"", ""label"": ""Assignment Completion"", ""value"": 91.5, ""contribution"": -0.0729, ""direction"": ""decreases_risk""}, {""feature"": ""participation_score"", ""label"": ""Participation"", ""value"": 87.5, ""contribution"": -0.0407, ""direction"": ""decreases_risk""}]"
ST1347,23,80.7,82.4,93.4,75.4,70.0,16.8,3,8,1,1,0,0.0407,Low,"[{""feature"": ""avg_grade"", ""label"": ""Average Grade"", ""value"": 82.4, ""contribution"": -0.1282, ""direction"": ""decreases_risk""}, {""feature"": ""attendance"", ""label"": ""Attendance"", ""value"": 80.7, ""contribution"": -0.1071, ""direction"": ""decreases_risk""}, {""feature"": ""assignment_completion"", ""label"": ""Assignment Completion"", ""value"": 93.4, ""contribution"": -0.0871, ""direction"": ""decreases_risk""}, {""feature"": ""engagement_score"", ""label"": ""Engagement"", ""value"": 75.4, ""contribution"": -0.0808, ""direction"": ""decreases_risk""}, {""feature"": ""absences"", ""label"": ""Absences"", ""value"": 8.0, ""contribution"": -0.0333, ""direction"": ""decreases_risk""}]"
ST1348,17,45.9,39.3,33.5,36.7,30.9,0.0,5,21,5,1,1,0.9993,High,"[{""feature"": ""avg_grade"", ""label"": ""Average Grade"", ""value"": 39.3, ""contribution"": 0.1161, ""direction"": ""increases_risk""}, {""feature"": ""attendance"", ""label"": ""Attendance"", ""value"": 45.9, ""contribution"": 0.1113, ""direction"": ""increases_risk""}, {""feature"": ""engagement_score"", ""label"": ""Engagement"", ""value"": 36.7, ""contribution"": 0.0975, ""direction"": ""increases_risk""}, {""feature"": ""assignment_completion"", ""label"": ""Assignment Completion"", ""value"": 33.5, ""contribution"": 0.0768, ""direction"": ""increases_risk""}, {""feature"": ""participation_score"", ""label"": ""Participation"", ""value"": 30.9, ""contribution"": 0.0459, ""direction"": ""increases_risk""}]"
ST1349,17,100.0,82.7,84.6,56.9,55.5,16.5,2,0,3,0,0,0.1213,Low,"[{""feature"": ""attendance"", ""label"": ""Attendance"", ""value"": 100.0, ""contribution"": -0.1768, ""direction"": ""decreases_risk""}, {""feature"": ""avg_grade"", ""label"": ""Average Grade"", ""value"": 82.7, ""contribution"": -0.1395, ""direction"": ""decreases_risk""}, {""feature"": ""assignment_completion"", ""label"": ""Assignment Completion"", ""value"": 84.6, ""contribution"": -0.0786, ""direction"": ""decreases_risk""}, {""feature"": ""engagement_score"", ""label"": ""Engagement"", ""value"": 56.9, ""contribution"": 0.0577, ""direction"": ""increases_risk""}, {""feature"": ""absences"", ""label"": ""Absences"", ""value"": 0.0, ""contribution"": -0.0534, ""direction"": ""decreases_risk""}]"
ST1350,20,65.8,64.1,73.2,56.7,59.7,14.1,2,8,1,1,1,0.7713,High,"[{""feature"": ""attendance"", ""label"": ""Attendance"", ""value"": 65.8, ""contribution"": 0.1762, ""direction"": ""increases_risk""}, {""feature"": ""engagement_score"", ""label"": ""Engagement"", ""value"": 56.7, ""contribution"": 0.08, ""direction"": ""increases_risk""}, {""feature"": ""absences"", ""label"": ""Absences"", ""value"": 8.0, ""contribution"": -0.0434, ""direction"": ""decreases_risk""}, {""feature"": ""avg_grade"", ""label"": ""Average Grade"", ""value"": 64.1, ""contribution"": 0.027, ""direction"": ""increases_risk""}, {""feature"": ""study_hours"", ""label"": ""Study Hours"", ""value"": 14.1, ""contribution"": -0.0257, ""direction"": ""decreases_risk""}]"
ST1351,16,86.0,71.5,78.0,85.4,62.9,15.6,0,5,4,0,0,0.0547,Low,"[{""feature"": ""attendance"", ""label"": ""Attendance"", ""value"": 86.0, ""contribution"": -0.112, ""direction"": ""decreases_risk""}, {""feature"": ""engagement_score"", ""label"": ""Engagement"", ""value"": 85.4, ""contribution"": -0.1016, ""direction"": ""decreases_risk""}, {""feature"": ""avg_grade"", ""label"": ""Average Grade"", ""value"": 71.5, ""contribution"": -0.079, ""direction"": ""decreases_risk""}, {""feature"": ""assignment_completion"", ""label"": ""Assignment Completion"", ""value"": 78.0, ""contribution"": -0.0465, ""direction"": ""decreases_risk""}, {""feature"": ""absences"", ""label"": ""Absences"", ""value"": 5.0, ""contribution"": -0.0368, ""direction"": ""decreases_risk""}]"
ST1352,18,86.3,69.9,94.8,55.2,69.2,9.6,1,2,1,0,0,0.2113,Low,"[{""feature"": ""attendance"", ""label"": ""Attendance"", ""value"": 86.3, ""contribution"": -0.1849, ""direction"": ""decreases_risk""}, {""feature"": ""engagement_score"", ""label"": ""Engagement"", ""value"": 55.2, ""contribution"": 0.1096, ""direction"": ""increases_risk""}, {""feature"": ""assignment_completion"", ""label"": ""Assignment Completion"", ""value"": 94.8, ""contribution"": -0.0696, ""direction"": ""decreases_risk""}, {""feature"": ""avg_grade"", ""label"": ""Average Grade"", ""value"": 69.9, ""contribution"": -0.0606, ""direction"": ""decreases_risk""}, {""feature"": ""absences"", ""label"": ""Absences"", ""value"": 2.0, ""contribution"": -0.0384, ""direction"": ""decreases_risk""}]"
ST1353,19,78.8,72.2,89.2,48.3,52.5,9.5,0,11,2,0,0,0.4833,Medium,"[{""feature"": ""engagement_score"", ""label"": ""Engagement"", ""value"": 48.3, ""contribution"": 0.1585, ""direction"": ""increases_risk""}, {""feature"": ""attendance"", ""label"": ""Attendance"", ""value"": 78.8, ""contribution"": -0.1363, ""direction"": ""decreases_risk""}, {""feature"": ""participation_score"", ""label"": ""Participation"", ""value"": 52.5, ""contribution"": 0.0908, ""direction"": ""increases_risk""}, {""feature"": ""avg_grade"", ""label"": ""Average Grade"", ""value"": 72.2, ""contribution"": -0.0753, ""direction"": ""decreases_risk""}, {""feature"": ""assignment_completion"", ""label"": ""Assignment Completion"", ""value"": 89.2, ""contribution"": -0.055, ""direction"": ""decreases_risk""}]"
ST1354,23,91.0,66.5,78.8,62.2,70.7,9.4,1,2,2,1,0,0.1136,Low,"[{""feature"": ""attendance"", ""label"": ""Attendance"", ""value"": 91.0, ""contribution"": -0.1927, ""direction"": ""decreases_risk""}, {""feature"": ""assignment_completion"", ""label"": ""Assignment Completion"", ""value"": 78.8, ""contribution"": -0.0726, ""direction"": ""decreases_risk""}, {""feature"": ""absences"", ""label"": ""Absences"", ""value"": 2.0, ""contribution"": -0.0493, ""direction"": ""decreases_risk""}, {""feature"": ""avg_grade"", ""label"": ""Average Grade"", ""value"": 66.5, ""contribution"": -0.0423, ""direction"": ""decreases_risk""}, {""feature"": ""participation_score"", ""label"": ""Participation"", ""value"": 70.7, ""contribution"": -0.0337, ""direction"": ""decreases_risk""}]"
ST1355,23,53.6,34.6,75.6,60.2,53.0,2.9,3,21,4,0,1,0.9485,High,"[{""feature"": ""avg_grade"", ""label"": ""Average Grade"", ""value"": 34.6, ""contribution"": 0.1438, ""direction"": ""increases_risk""}, {""feature"": ""attendance"", ""label"": ""Attendance"", ""value"": 53.6, ""contribution"": 0.1409, ""direction"": ""increases_risk""}, {""feature"": ""absences"", ""label"": ""Absences"", ""value"": 21.0, ""contribution"": 0.0541, ""direction"": ""increases_risk""}, {""feature"": ""engagement_score"", ""label"": ""Engagement"", ""value"": 60.2, ""contribution"": 0.0471, ""direction"": ""increases_risk""}, {""feature"": ""participation_score"", ""label"": ""Participation"", ""value"": 53.0, ""contribution"": 0.0363, ""direction"": ""increases_risk""}]"
ST1356,17,51.3,38.5,35.0,39.1,47.0,1.7,3,11,2,0,1,0.9959,High,"[{""feature"": ""attendance"", ""label"": ""Attendance"", ""value"": 51.3, ""contribution"": 0.1153, ""direction"": ""increases_risk""}, {""feature"": ""avg_grade"", ""label"": ""Average Grade"", ""value"": 38.5, ""contribution"": 0.1147, ""direction"": ""increases_risk""}, {""feature"": ""engagement_score"", ""label"": ""Engagement"", ""value"": 39.1, ""contribution"": 0.0962, ""direction"": ""increases_risk""}, {""feature"": ""assignment_completion"", ""label"": ""Assignment Completion"", ""value"": 35.0, ""contribution"": 0.0774, ""direction"": ""increases_risk""}, {""feature"": ""participation_score"", ""label"": ""Participation"", ""value"": 47.0, ""contribution"": 0.041, ""direction"": ""increases_risk""}]"
ST1357,23,65.2,65.6,72.7,60.7,79.5,12.5,2,13,4,0,0,0.6064,High,"[{""feature"": ""attendance"", ""label"": ""Attendance"", ""value"": 65.2, ""contribution"": 0.1643, ""direction"": ""increases_risk""}, {""feature"": ""avg_grade"", ""label"": ""Average Grade"", ""value"": 65.6, ""contribution"": -0.0757, ""direction"": ""decreases_risk""}, {""feature"": ""participation_score"", ""label"": ""Participation"", ""value"": 79.5, ""contribution"": -0.065, ""direction"": ""decreases_risk""}, {""feature"": ""engagement_score"", ""label"": ""Engagement"", ""value"": 60.7, ""contribution"": 0.0571, ""direction"": ""increases_risk""}, {""feature"": ""absences"", ""label"": ""Absences"", ""value"": 13.0, ""contribution"": 0.0326, ""direction"": ""increases_risk""}]"
ST1358,16,64.2,58.2,72.1,40.0,54.9,11.3,0,17,1,1,1,0.8856,High,"[{""feature"": ""attendance"", ""label"": ""Attendance"", ""value"": 64.2, ""contribution"": 0.1348, ""direction"": ""increases_risk""}, {""feature"": ""engagement_score"", ""label"": ""Engagement"", ""value"": 40.0, ""contribution"": 0.1178, ""direction"": ""increases_risk""}, {""feature"": ""avg_grade"", ""label"": ""Average Grade"", ""value"": 58.2, ""contribution"": 0.0906, ""direction"": ""increases_risk""}, {""feature"": ""previous_failures"", ""label"": ""Previous Failures"", ""value"": 0.0, ""contribution"": -0.0559, ""direction"": ""decreases_risk""}, {""feature"": ""absences"", ""label"": ""Absences"", ""value"": 17.0, ""contribution"": 0.0452, ""direction"": ""increases_risk""}]"
ST1359,21,100.0,91.7,92.5,96.1,76.1,14.0,0,0,4,0,0,0.0002,Low,"[{""feature"": ""attendance"", ""label"": ""Attendance"", ""value"": 100.0, ""contribution"": -0.1168, ""direction"": ""decreases_risk""}, {""feature"": ""avg_grade"", ""label"": ""Average Grade"", ""value"": 91.7, ""contribution"": -0.1072, ""direction"": ""decreases_risk""}, {""feature"": ""engagement_score"", ""label"": ""Engagement"", ""value"": 96.1, ""contribution"": -0.0935, ""direction"": ""decreases_risk""}, {""feature"": ""assignment_completion"", ""label"": ""Assignment Completion"", ""value"": 92.5, ""contribution"": -0.0748, ""direction"": ""decreases_risk""}, {""feature"": ""participation_score"", ""label"": ""Participation"", ""value"": 76.1, ""contribution"": -0.0414, ""direction"": ""decreases_risk""}]"
ST1360,22,87.2,78.7,86.2,78.8,63.2,14.4,0,4,4,1,0,0.056,Low,"[{""feature"": ""attendance"", ""label"": ""Attendance"", ""value"": 87.2, ""contribution"": -0.1003, ""direction"": ""decreases_risk""}, {""feature"": ""avg_grade"", ""label"": ""Average Grade"", ""value"": 78.7, ""contribution"": -0.0954, ""direction"": ""decreases_risk""}, {""feature"": ""engagement_score"", ""label"": ""Engagement"", ""value"": 78.8, ""contribution"": -0.0832, ""direction"": ""decreases_risk""}, {""feature"": ""assignment_completion"", ""label"": ""Assignment Completion"", ""value"": 86.2, ""contribution"": -0.0725, ""direction"": ""decreases_risk""}, {""feature"": ""previous_failures"", ""label"": ""Previous Failures"", ""value"": 0.0, ""contribution"": -0.0284, ""direction"": ""decreases_risk""}]"
ST1361,23,63.9,46.2,52.0,33.6,52.7,9.1,2,11,2,0,1,0.9925,High,"[{""feature"": ""attendance"", ""label"": ""Attendance"", ""value"": 63.9, ""contribution"": 0.1167, ""direction"": ""increases_risk""}, {""feature"": ""avg_grade"", ""label"": ""Average Grade"", ""value"": 46.2, ""contribution"": 0.1144, ""direction"": ""increases_risk""}, {""feature"": ""engagement_score"", ""label"": ""Engagement"", ""value"": 33.6, ""contribution"": 0.1035, ""direction"": ""increases_risk""}, {""feature"": ""assignment_completion"", ""label"": ""Assignment Completion"", ""value"": 52.0, ""contribution"": 0.079, ""direction"": ""increases_risk""}, {""feature"": ""participation_score"", ""label"": ""Participation"", ""value"": 52.7, ""contribution"": 0.0392, ""direction"": ""increases_risk""}]"
ST1362,17,73.7,44.5,73.1,63.9,54.9,12.6,3,7,5,1,0,0.4487,Medium,"[{""feature"": ""avg_grade"", ""label"": ""Average Grade"", ""value"": 44.5, ""contribution"": 0.1619, ""direction"": ""increases_risk""}, {""feature"": ""attendance"", ""label"": ""Attendance"", ""value"": 73.7, ""contribution"": -0.1423, ""direction"": ""decreases_risk""}, {""feature"": ""absences"", ""label"": ""Absences"", ""value"": 7.0, ""contribution"": -0.0783, ""direction"": ""decreases_risk""}, {""feature"": ""previous_failures"", ""label"": ""Previous Failures"", ""value"": 3.0, ""contribution"": 0.0393, ""direction"": ""increases_risk""}, {""feature"": ""participation_score"", ""label"": ""Participation"", ""value"": 54.9, ""contribution"": 0.0331, ""direction"": ""increases_risk""}]"
ST1363,23,73.3,65.1,86.5,73.4,55.9,12.8,0,10,3,1,0,0.256,Low,"[{""feature"": ""engagement_score"", ""label"": ""Engagement"", ""value"": 73.4, ""contribution"": -0.0926, ""direction"": ""decreases_risk""}, {""feature"": ""attendance"", ""label"": ""Attendance"", ""value"": 73.3, ""contribution"": -0.0877, ""direction"": ""decreases_risk""}, {""feature"": ""participation_score"", ""label"": ""Participation"", ""value"": 55.9, ""contribution"": 0.0818, ""direction"": ""increases_risk""}, {""feature"": ""assignment_completion"", ""label"": ""Assignment Completion"", ""value"": 86.5, ""contribution"": -0.0685, ""direction"": ""decreases_risk""}, {""feature"": ""previous_failures"", ""label"": ""Previous Failures"", ""value"": 0.0, ""contribution"": -0.0368, ""direction"": ""decreases_risk""}]"
ST1364,16,59.1,61.1,65.6,65.2,33.3,11.2,2,10,4,0,1,0.8343,High,"[{""feature"": ""attendance"", ""label"": ""Attendance"", ""value"": 59.1, ""contribution"": 0.1272, ""direction"": ""increases_risk""}, {""feature"": ""avg_grade"", ""label"": ""Average Grade"", ""value"": 61.1, ""contribution"": 0.0774, ""direction"": ""increases_risk""}, {""feature"": ""participation_score"", ""label"": ""Participation"", ""value"": 33.3, ""contribution"": 0.0569, ""direction"": ""increases_risk""}, {""feature"": ""assignment_completion"", ""label"": ""Assignment Completion"", ""value"": 65.6, ""contribution"": 0.0544, ""direction"": ""increases_risk""}, {""feature"": ""previous_failures"", ""label"": ""Previous Failures"", ""value"": 2.0, ""contribution"": 0.0163, ""direction"": ""increases_risk""}]"
ST1365,20,93.5,80.0,57.2,68.3,55.0,11.2,1,2,1,1,0,0.34,Medium,"[{""feature"": ""assignment_completion"", ""label"": ""Assignment Completion"", ""value"": 57.2, ""contribution"": 0.1634, ""direction"": ""increases_risk""}, {""feature"": ""attendance"", ""label"": ""Attendance"", ""value"": 93.5, ""contribution"": -0.1393, ""direction"": ""decreases_risk""}, {""feature"": ""avg_grade"", ""label"": ""Average Grade"", ""value"": 80.0, ""contribution"": -0.1181, ""direction"": ""decreases_risk""}, {""feature"": ""engagement_score"", ""label"": ""Engagement"", ""value"": 68.3, ""contribution"": -0.0615, ""direction"": ""decreases_risk""}, {""feature"": ""absences"", ""label"": ""Absences"", ""value"": 2.0, ""contribution"": -0.0372, ""direction"": ""decreases_risk""}]"
ST1366,19,59.9,56.3,48.7,54.6,55.2,9.5,2,16,5,0,0,0.7769,High,"[{""feature"": ""attendance"", ""label"": ""Attendance"", ""value"": 59.9, ""contribution"": 0.0964, ""direction"": ""increases_risk""}, {""feature"": ""assignment_completion"", ""label"": ""Assignment Completion"", ""value"": 48.7, ""contribution"": 0.0639, ""direction"": ""increases_risk""}, {""feature"": ""avg_grade"", ""label"": ""Average Grade"", ""value"": 56.3, ""contribution"": 0.0548, ""direction"": ""increases_risk""}, {""feature"": ""engagement_score"", ""label"": ""Engagement"", ""value"": 54.6, ""contribution"": 0.0466, ""direction"": ""increases_risk""}, {""feature"": ""absences"", ""label"": ""Absences"", ""value"": 16.0, ""contribution"": 0.0301, ""direction"": ""increases_risk""}]"
ST1367,18,66.3,53.9,79.0,68.5,65.4,6.8,1,11,2,1,0,0.3162,Medium,"[{""feature"": ""engagement_score"", ""label"": ""Engagement"", ""value"": 68.5, ""contribution"": -0.1715, ""direction"": ""decreases_risk""}, {""feature"": ""avg_grade"", ""label"": ""Average Grade"", ""value"": 53.9, ""contribution"": 0.1072, ""direction"": ""increases_risk""}, {""feature"": ""assignment_completion"", ""label"": ""Assignment Completion"", ""value"": 79.0, ""contribution"": -0.0748, ""direction"": ""decreases_risk""}, {""feature"": ""participation_score"", ""label"": ""Participation"", ""value"": 65.4, ""contribution"": -0.07, ""direction"": ""decreases_risk""}, {""feature"": ""attendance"", ""label"": ""Attendance"", ""value"": 66.3, ""contribution"": 0.0676, ""direction"": ""increases_risk""}]"
ST1368,16,78.2,75.9,85.6,85.1,86.2,13.2,0,5,4,1,0,0.0254,Low,"[{""feature"": ""engagement_score"", ""label"": ""Engagement"", ""value"": 85.1, ""contribution"": -0.1095, ""direction"": ""decreases_risk""}, {""feature"": ""attendance"", ""label"": ""Attendance"", ""value"": 78.2, ""contribution"": -0.0912, ""direction"": ""decreases_risk""}, {""feature"": ""assignment_completion"", ""label"": ""Assignment Completion"", ""value"": 85.6, ""contribution"": -0.0708, ""direction"": ""decreases_risk""}, {""feature"": ""avg_grade"", ""label"": ""Average Grade"", ""value"": 75.9, ""contribution"": -0.0667, ""direction"": ""decreases_risk""}, {""feature"": ""participation_score"", ""label"": ""Participation"", ""value"": 86.2, ""contribution"": -0.0492, ""direction"": ""decreases_risk""}]"
ST1369,22,63.5,66.5,45.1,45.6,84.8,10.4,1,16,1,0,1,0.892,High,"[{""feature"": ""attendance"", ""label"": ""Attendance"", ""value"": 63.5, ""contribution"": 0.1685, ""direction"": ""increases_risk""}, {""feature"": ""engagement_score"", ""label"": ""Engagement"", ""value"": 45.6, ""contribution"": 0.1559, ""direction"": ""increases_risk""}, {""feature"": ""assignment_completion"", ""label"": ""Assignment Completion"", ""value"": 45.1, ""contribution"": 0.0918, ""direction"": ""increases_risk""}, {""feature"": ""participation_score"", ""label"": ""Participation"", ""value"": 84.8, ""contribution"": -0.0569, ""direction"": ""decreases_risk""}, {""feature"": ""absences"", ""label"": ""Absences"", ""value"": 16.0, ""contribution"": 0.0461, ""direction"": ""increases_risk""}]"
ST1370,18,100.0,100.0,100.0,100.0,100.0,24.5,0,2,1,0,0,0.1155,Low,"[{""feature"": ""attendance"", ""label"": ""Attendance"", ""value"": 100.0, ""contribution"": -0.11, ""direction"": ""decreases_risk""}, {""feature"": ""avg_grade"", ""label"": ""Average Grade"", ""value"": 100.0, ""contribution"": -0.0964, ""direction"": ""decreases_risk""}, {""feature"": ""engagement_score"", ""label"": ""Engagement"", ""value"": 100.0, ""contribution"": -0.0819, ""direction"": ""decreases_risk""}, {""feature"": ""assignment_completion"", ""label"": ""Assignment Completion"", ""value"": 100.0, ""contribution"": -0.0657, ""direction"": ""decreases_risk""}, {""feature"": ""family_support"", ""label"": ""Family Support"", ""value"": 1.0, ""contribution"": 0.0294, ""direction"": ""increases_risk""}]"
ST1371,21,67.8,68.7,73.6,55.8,77.8,11.6,1,8,1,0,1,0.6492,High,"[{""feature"": ""attendance"", ""label"": ""Attendance"", ""value"": 67.8, ""contribution"": 0.1468, ""direction"": ""increases_risk""}, {""feature"": ""engagement_score"", ""label"": ""Engagement"", ""value"": 55.8, ""contribution"": 0.1342, ""direction"": ""increases_risk""}, {""feature"": ""avg_grade"", ""label"": ""Average Grade"", ""value"": 68.7, ""contribution"": -0.0894, ""direction"": ""decreases_risk""}, {""feature"": ""participation_score"", ""label"": ""Participation"", ""value"": 77.8, ""contribution"": -0.0468, ""direction"": ""decreases_risk""}, {""feature"": ""absences"", ""label"": ""Absences"", ""value"": 8.0, ""contribution"": -0.0365, ""direction"": ""decreases_risk""}]"
ST1372,19,100.0,100.0,100.0,100.0,100.0,30.0,0,0,5,0,0,0.0095,Low,"[{""feature"": ""attendance"", ""label"": ""Attendance"", ""value"": 100.0, ""contribution"": -0.1118, ""direction"": ""decreases_risk""}, {""feature"": ""avg_grade"", ""label"": ""Average Grade"", ""value"": 100.0, ""contribution"": -0.1104, ""direction"": ""decreases_risk""}, {""feature"": ""engagement_score"", ""label"": ""Engagement"", ""value"": 100.0, ""contribution"": -0.0924, ""direction"": ""decreases_risk""}, {""feature"": ""assignment_completion"", ""label"": ""Assignment Completion"", ""value"": 100.0, ""contribution"": -0.0718, ""direction"": ""decreases_risk""}, {""feature"": ""participation_score"", ""label"": ""Participation"", ""value"": 100.0, ""contribution"": -0.0309, ""direction"": ""decreases_risk""}]"
ST1373,18,100.0,100.0,100.0,100.0,100.0,20.9,0,0,2,1,0,0.0107,Low,"[{""feature"": ""attendance"", ""label"": ""Attendance"", ""value"": 100.0, ""contribution"": -0.1114, ""direction"": ""decreases_risk""}, {""feature"": ""avg_grade"", ""label"": ""Average Grade"", ""value"": 100.0, ""contribution"": -0.1062, ""direction"": ""decreases_risk""}, {""feature"": ""engagement_score"", ""label"": ""Engagement"", ""value"": 100.0, ""contribution"": -0.0927, ""direction"": ""decreases_risk""}, {""feature"": ""assignment_completion"", ""label"": ""Assignment Completion"", ""value"": 100.0, ""contribution"": -0.0721, ""direction"": ""decreases_risk""}, {""feature"": ""absences"", ""label"": ""Absences"", ""value"": 0.0, ""contribution"": -0.0305, ""direction"": ""decreases_risk""}]"
ST1374,23,76.5,67.9,66.1,65.2,82.0,9.4,2,10,5,0,0,0.1946,Low,"[{""feature"": ""attendance"", ""label"": ""Attendance"", ""value"": 76.5, ""contribution"": -0.1612, ""direction"": ""decreases_risk""}, {""feature"": ""avg_grade"", ""label"": ""Average Grade"", ""value"": 67.9, ""contribution"": -0.1416, ""direction"": ""decreases_risk""}, {""feature"": ""assignment_completion"", ""label"": ""Assignment Completion"", ""value"": 66.1, ""contribution"": 0.0845, ""direction"": ""increases_risk""}, {""feature"": ""participation_score"", ""label"": ""Participation"", ""value"": 82.0, ""contribution"": -0.0762, ""direction"": ""decreases_risk""}, {""feature"": ""family_support"", ""label"": ""Family Support"", ""value"": 5.0, ""contribution"": -0.015, ""direction"": ""decreases_risk""}]"
ST1375,16,61.8,68.5,62.7,72.7,71.8,7.6,1,14,3,0,0,0.3251,Medium,"[{""feature"": ""engagement_score"", ""label"": ""Engagement"", ""value"": 72.7, ""contribution"": -0.1822, ""direction"": ""decreases_risk""}, {""feature"": ""attendance"", ""label"": ""Attendance"", ""value"": 61.8, ""contribution"": 0.1268, ""direction"": ""increases_risk""}, {""feature"": ""avg_grade"", ""label"": ""Average Grade"", ""value"": 68.5, ""contribution"": -0.1122, ""direction"": ""decreases_risk""}, {""feature"": ""participation_score"", ""label"": ""Participation"", ""value"": 71.8, ""contribution"": -0.0784, ""direction"": ""decreases_risk""}, {""feature"": ""assignment_completion"", ""label"": ""Assignment Completion"", ""value"": 62.7, ""contribution"": 0.0749, ""direction"": ""increases_risk""}]"
ST1376,21,89.2,85.8,100.0,100.0,92.0,20.5,0,6,1,0,0,0.0115,Low,"[{""feature"": ""attendance"", ""label"": ""Attendance"", ""value"": 89.2, ""contribution"": -0.1169, ""direction"": ""decreases_risk""}, {""feature"": ""avg_grade"", ""label"": ""Average Grade"", ""value"": 85.8, ""contribution"": -0.1108, ""direction"": ""decreases_risk""}, {""feature"": ""engagement_score"", ""label"": ""Engagement"", ""value"": 100.0, ""contribution"": -0.0929, ""direction"": ""decreases_risk""}, {""feature"": ""assignment_completion"", ""label"": ""Assignment Completion"", ""value"": 100.0, ""contribution"": -0.0687, ""direction"": ""decreases_risk""}, {""feature"": ""participation_score"", ""label"": ""Participation"", ""value"": 92.0, ""contribution"": -0.0421, ""direction"": ""decreases_risk""}]"
ST1377,21,92.8,82.9,100.0,74.5,75.7,16.3,0,2,3,1,0,0.0281,Low,"[{""feature"": ""attendance"", ""label"": ""Attendance"", ""value"": 92.8, ""contribution"": -0.1085, ""direction"": ""decreases_risk""}, {""feature"": ""avg_grade"", ""label"": ""Average Grade"", ""value"": 82.9, ""contribution"": -0.1074, ""direction"": ""decreases_risk""}, {""feature"": ""assignment_completion"", ""label"": ""Assignment Completion"", ""value"": 100.0, ""contribution"": -0.073, ""direction"": ""decreases_risk""}, {""feature"": ""participation_score"", ""label"": ""Participation"", ""value"": 75.7, ""contribution"": -0.0525, ""direction"": ""decreases_risk""}, {""feature"": ""engagement_score"", ""label"": ""Engagement"", ""value"": 74.5, ""contribution"": -0.0503, ""direction"": ""decreases_risk""}]"
ST1378,19,58.7,25.6,71.8,44.4,48.4,2.8,2,12,3,1,1,0.9763,High,"[{""feature"": ""attendance"", ""label"": ""Attendance"", ""value"": 58.7, ""contribution"": 0.126, ""direction"": ""increases_risk""}, {""feature"": ""avg_grade"", ""label"": ""Average Grade"", ""value"": 25.6, ""contribution"": 0.1256, ""direction"": ""increases_risk""}, {""feature"": ""engagement_score"", ""label"": ""Engagement"", ""value"": 44.4, ""contribution"": 0.1061, ""direction"": ""increases_risk""}, {""feature"": ""participation_score"", ""label"": ""Participation"", ""value"": 48.4, ""contribution"": 0.0477, ""direction"": ""increases_risk""}, {""feature"": ""absences"", ""label"": ""Absences"", ""value"": 12.0, ""contribution"": 0.0286, ""direction"": ""increases_risk""}]"
ST1379,18,89.7,76.5,93.2,70.2,71.1,13.6,0,6,2,1,0,0.0869,Low,"[{""feature"": ""attendance"", ""label"": ""Attendance"", ""value"": 89.7, ""contribution"": -0.1121, ""direction"": ""decreases_risk""}, {""feature"": ""avg_grade"", ""label"": ""Average Grade"", ""value"": 76.5, ""contribution"": -0.0737, ""direction"": ""decreases_risk""}, {""feature"": ""assignment_completion"", ""label"": ""Assignment Completion"", ""value"": 93.2, ""contribution"": -0.0571, ""direction"": ""decreases_risk""}, {""feature"": ""engagement_score"", ""label"": ""Engagement"", ""value"": 70.2, ""contribution"": -0.0477, ""direction"": ""decreases_risk""}, {""feature"": ""participation_score"", ""label"": ""Participation"", ""value"": 71.1, ""contribution"": -0.0398, ""direction"": ""decreases_risk""}]"
ST1380,16,30.3,24.8,41.4,25.3,43.4,0.0,3,23,4,0,1,0.9989,High,"[{""feature"": ""avg_grade"", ""label"": ""Average Grade"", ""value"": 24.8, ""contribution"": 0.1138, ""direction"": ""increases_risk""}, {""feature"": ""attendance"", ""label"": ""Attendance"", ""value"": 30.3, ""contribution"": 0.1133, ""direction"": ""increases_risk""}, {""feature"": ""engagement_score"", ""label"": ""Engagement"", ""value"": 25.3, ""contribution"": 0.0948, ""direction"": ""increases_risk""}, {""feature"": ""assignment_completion"", ""label"": ""Assignment Completion"", ""value"": 41.4, ""contribution"": 0.0752, ""direction"": ""increases_risk""}, {""feature"": ""participation_score"", ""label"": ""Participation"", ""value"": 43.4, ""contribution"": 0.0426, ""direction"": ""increases_risk""}]"
ST1381,23,84.1,64.8,89.2,72.5,60.1,12.1,1,6,5,1,0,0.2163,Low,"[{""feature"": ""attendance"", ""label"": ""Attendance"", ""value"": 84.1, ""contribution"": -0.1199, ""direction"": ""decreases_risk""}, {""feature"": ""assignment_completion"", ""label"": ""Assignment Completion"", ""value"": 89.2, ""contribution"": -0.0811, ""direction"": ""decreases_risk""}, {""feature"": ""engagement_score"", ""label"": ""Engagement"", ""value"": 72.5, ""contribution"": -0.0612, ""direction"": ""decreases_risk""}, {""feature"": ""absences"", ""label"": ""Absences"", ""value"": 6.0, ""contribution"": -0.0477, ""direction"": ""decreases_risk""}, {""feature"": ""avg_grade"", ""label"": ""Average Grade"", ""value"": 64.8, ""contribution"": 0.0325, ""direction"": ""increases_risk""}]"
ST1382,23,64.0,64.7,58.5,28.2,60.2,9.6,1,8,5,1,1,0.8355,High,"[{""feature"": ""attendance"", ""label"": ""Attendance"", ""value"": 64.0, ""contribution"": 0.1446, ""direction"": ""increases_risk""}, {""feature"": ""engagement_score"", ""label"": ""Engagement"", ""value"": 28.2, ""contribution"": 0.1374, ""direction"": ""increases_risk""}, {""feature"": ""assignment_completion"", ""label"": ""Assignment Completion"", ""value"": 58.5, ""contribution"": 0.1056, ""direction"": ""increases_risk""}, {""feature"": ""absences"", ""label"": ""Absences"", ""value"": 8.0, ""contribution"": -0.0466, ""direction"": ""decreases_risk""}, {""feature"": ""family_support"", ""label"": ""Family Support"", ""value"": 5.0, ""contribution"": -0.0215, ""direction"": ""decreases_risk""}]"
ST1383,17,44.2,40.6,55.4,63.5,19.5,3.0,3,18,3,0,1,0.9742,High,"[{""feature"": ""avg_grade"", ""label"": ""Average Grade"", ""value"": 40.6, ""contribution"": 0.127, ""direction"": ""increases_risk""}, {""feature"": ""attendance"", ""label"": ""Attendance"", ""value"": 44.2, ""contribution"": 0.1229, ""direction"": ""increases_risk""}, {""feature"": ""assignment_completion"", ""label"": ""Assignment Completion"", ""value"": 55.4, ""contribution"": 0.0805, ""direction"": ""increases_risk""}, {""feature"": ""participation_score"", ""label"": ""Participation"", ""value"": 19.5, ""contribution"": 0.046, ""direction"": ""increases_risk""}, {""feature"": ""absences"", ""label"": ""Absences"", ""value"": 18.0, ""contribution"": 0.041, ""direction"": ""increases_risk""}]"
ST1384,16,67.1,50.2,68.5,71.3,85.1,16.2,1,15,5,1,0,0.3613,Medium,"[{""feature"": ""engagement_score"", ""label"": ""Engagement"", ""value"": 71.3, ""contribution"": -0.1708, ""direction"": ""decreases_risk""}, {""feature"": ""avg_grade"", ""label"": ""Average Grade"", ""value"": 50.2, ""contribution"": 0.1276, ""direction"": ""increases_risk""}, {""feature"": ""participation_score"", ""label"": ""Participation"", ""value"": 85.1, ""contribution"": -0.0982, ""direction"": ""decreases_risk""}, {""feature"": ""attendance"", ""label"": ""Attendance"", ""value"": 67.1, ""contribution"": 0.0412, ""direction"": ""increases_risk""}, {""feature"": ""assignment_completion"", ""label"": ""Assignment Completion"", ""value"": 68.5, ""contribution"": 0.0396, ""direction"": ""increases_risk""}]"
ST1385,16,100.0,93.1,100.0,83.2,79.6,13.0,3,0,5,0,0,0.0037,Low,"[{""feature"": ""attendance"", ""label"": ""Attendance"", ""value"": 100.0, ""contribution"": -0.128, ""direction"": ""decreases_risk""}, {""feature"": ""avg_grade"", ""label"": ""Average Grade"", ""value"": 93.1, ""contribution"": -0.1143, ""direction"": ""decreases_risk""}, {""feature"": ""engagement_score"", ""label"": ""Engagement"", ""value"": 83.2, ""contribution"": -0.1015, ""direction"": ""decreases_risk""}, {""feature"": ""assignment_completion"", ""label"": ""Assignment Completion"", ""value"": 100.0, ""contribution"": -0.085, ""direction"": ""decreases_risk""}, {""feature"": ""participation_score"", ""label"": ""Participation"", ""value"": 79.6, ""contribution"": -0.0425, ""direction"": ""decreases_risk""}]"
ST1386,16,85.7,67.5,80.9,90.7,74.5,14.6,0,7,1,1,0,0.034,Low,"[{""feature"": ""attendance"", ""label"": ""Attendance"", ""value"": 85.7, ""contribution"": -0.1216, ""direction"": ""decreases_risk""}, {""feature"": ""engagement_score"", ""label"": ""Engagement"", ""value"": 90.7, ""contribution"": -0.1015, ""direction"": ""decreases_risk""}, {""feature"": ""assignment_completion"", ""label"": ""Assignment Completion"", ""value"": 80.9, ""contribution"": -0.0612, ""direction"": ""decreases_risk""}, {""feature"": ""participation_score"", ""label"": ""Participation"", ""value"": 74.5, ""contribution"": -0.0503, ""direction"": ""decreases_risk""}, {""feature"": ""avg_grade"", ""label"": ""Average Grade"", ""value"": 67.5, ""contribution"": -0.0473, ""direction"": ""decreases_risk""}]"
ST1387,22,84.1,77.4,86.8,67.7,84.5,18.7,0,0,4,1,1,0.3307,Medium,"[{""feature"": ""attendance"", ""label"": ""Attendance"", ""value"": 84.1, ""contribution"": -0.0716, ""direction"": ""decreases_risk""}, {""feature"": ""assignment_completion"", ""label"": ""Assignment Completion"", ""value"": 86.8, ""contribution"": -0.0409, ""direction"": ""decreases_risk""}, {""feature"": ""avg_grade"", ""label"": ""Average Grade"", ""value"": 77.4, ""contribution"": -0.031, ""direction"": ""decreases_risk""}, {""feature"": ""participation_score"", ""label"": ""Participation"", ""value"": 84.5, ""contribution"": -0.0272, ""direction"": ""decreases_risk""}, {""feature"": ""previous_failures"", ""label"": ""Previous Failures"", ""value"": 0.0, ""contribution"": -0.0233, ""direction"": ""decreases_risk""}]"
ST1388,23,100.0,86.9,100.0,96.0,90.4,21.4,0,0,4,1,0,0.0002,Low,"[{""feature"": ""avg_grade"", ""label"": ""Average Grade"", ""value"": 86.9, ""contribution"": -0.1097, ""direction"": ""decreases_risk""}, {""feature"": ""attendance"", ""label"": ""Attendance"", ""value"": 100.0, ""contribution"": -0.1087, ""direction"": ""decreases_risk""}, {""feature"": ""engagement_score"", ""label"": ""Engagement"", ""value"": 96.0, ""contribution"": -0.0964, ""direction"": ""decreases_risk""}, {""feature"": ""assignment_completion"", ""label"": ""Assignment Completion"", ""value"": 100.0, ""contribution"": -0.0741, ""direction"": ""decreases_risk""}, {""feature"": ""participation_score"", ""label"": ""Participation"", ""value"": 90.4, ""contribution"": -0.0392, ""direction"": ""decreases_risk""}]"
ST1389,17,100.0,79.6,57.5,70.2,87.5,13.1,1,0,1,0,1,0.4835,Medium,"[{""feature"": ""assignment_completion"", ""label"": ""Assignment Completion"", ""value"": 57.5, ""contribution"": 0.2052, ""direction"": ""increases_risk""}, {""feature"": ""attendance"", ""label"": ""Attendance"", ""value"": 100.0, ""contribution"": -0.1093, ""direction"": ""decreases_risk""}, {""feature"": ""avg_grade"", ""label"": ""Average Grade"", ""value"": 79.6, ""contribution"": -0.0794, ""direction"": ""decreases_risk""}, {""feature"": ""engagement_score"", ""label"": ""Engagement"", ""value"": 70.2, ""contribution"": -0.0276, ""direction"": ""decreases_risk""}, {""feature"": ""participation_score"", ""label"": ""Participation"", ""value"": 87.5, ""contribution"": -0.0266, ""direction"": ""decreases_risk""}]"
ST1390,21,76.0,81.3,92.5,100.0,64.7,11.9,1,14,4,1,0,0.0562,Low,"[{""feature"": ""avg_grade"", ""label"": ""Average Grade"", ""value"": 81.3, ""contribution"": -0.126, ""direction"": ""decreases_risk""}, {""feature"": ""engagement_score"", ""label"": ""Engagement"", ""value"": 100.0, ""contribution"": -0.1194, ""direction"": ""decreases_risk""}, {""feature"": ""attendance"", ""label"": ""Attendance"", ""value"": 76.0, ""contribution"": -0.0905, ""direction"": ""decreases_risk""}, {""feature"": ""assignment_completion"", ""label"": ""Assignment Completion"", ""value"": 92.5, ""contribution"": -0.0852, ""direction"": ""decreases_risk""}, {""feature"": ""absences"", ""label"": ""Absences"", ""value"": 14.0, ""contribution"": 0.0319, ""direction"": ""increases_risk""}]"
ST1391,17,54.7,56.1,67.9,51.7,81.4,3.8,2,12,5,1,0,0.7653,High,"[{""feature"": ""attendance"", ""label"": ""Attendance"", ""value"": 54.7, ""contribution"": 0.1165, ""direction"": ""increases_risk""}, {""feature"": ""engagement_score"", ""label"": ""Engagement"", ""value"": 51.7, ""contribution"": 0.1121, ""direction"": ""increases_risk""}, {""feature"": ""participation_score"", ""label"": ""Participation"", ""value"": 81.4, ""contribution"": -0.0777, ""direction"": ""decreases_risk""}, {""feature"": ""avg_grade"", ""label"": ""Average Grade"", ""value"": 56.1, ""contribution"": 0.0692, ""direction"": ""increases_risk""}, {""feature"": ""absences"", ""label"": ""Absences"", ""value"": 12.0, ""contribution"": 0.0306, ""direction"": ""increases_risk""}]"
ST1392,18,71.8,71.5,82.7,70.9,79.5,10.6,2,12,2,0,0,0.1189,Low,"[{""feature"": ""engagement_score"", ""label"": ""Engagement"", ""value"": 70.9, ""contribution"": -0.1123, ""direction"": ""decreases_risk""}, {""feature"": ""avg_grade"", ""label"": ""Average Grade"", ""value"": 71.5, ""contribution"": -0.1011, ""direction"": ""decreases_risk""}, {""feature"": ""participation_score"", ""label"": ""Participation"", ""value"": 79.5, ""contribution"": -0.0746, ""direction"": ""decreases_risk""}, {""feature"": ""assignment_completion"", ""label"": ""Assignment Completion"", ""value"": 82.7, ""contribution"": -0.0719, ""direction"": ""decreases_risk""}, {""feature"": ""attendance"", ""label"": ""Attendance"", ""value"": 71.8, ""contribution"": -0.0619, ""direction"": ""decreases_risk""}]"
ST1393,20,75.4,74.1,82.7,87.1,74.3,11.2,1,12,5,1,0,0.0218,Low,"[{""feature"": ""engagement_score"", ""label"": ""Engagement"", ""value"": 87.1, ""contribution"": -0.1393, ""direction"": ""decreases_risk""}, {""feature"": ""attendance"", ""label"": ""Attendance"", ""value"": 75.4, ""contribution"": -0.0988, ""direction"": ""decreases_risk""}, {""feature"": ""avg_grade"", ""label"": ""Average Grade"", ""value"": 74.1, ""contribution"": -0.0949, ""direction"": ""decreases_risk""}, {""feature"": ""assignment_completion"", ""label"": ""Assignment Completion"", ""value"": 82.7, ""contribution"": -0.0703, ""direction"": ""decreases_risk""}, {""feature"": ""participation_score"", ""label"": ""Participation"", ""value"": 74.3, ""contribution"": -0.0665, ""direction"": ""decreases_risk""}]"
ST1394,21,70.2,60.2,96.5,76.5,85.2,10.3,1,8,5,0,1,0.4439,Medium,"[{""feature"": ""avg_grade"", ""label"": ""Average Grade"", ""value"": 60.2, ""contribution"": 0.1559, ""direction"": ""increases_risk""}, {""feature"": ""engagement_score"", ""label"": ""Engagement"", ""value"": 76.5, ""contribution"": -0.1116, ""direction"": ""decreases_risk""}, {""feature"": ""assignment_completion"", ""label"": ""Assignment Completion"", ""value"": 96.5, ""contribution"": -0.0821, ""direction"": ""decreases_risk""}, {""feature"": ""attendance"", ""label"": ""Attendance"", ""value"": 70.2, ""contribution"": 0.0573, ""direction"": ""increases_risk""}, {""feature"": ""participation_score"", ""label"": ""Participation"", ""value"": 85.2, ""contribution"": -0.0546, ""direction"": ""decreases_risk""}]"
ST1395,22,71.3,55.6,78.4,64.0,52.0,10.0,1,9,4,0,0,0.3513,Medium,"[{""feature"": ""avg_grade"", ""label"": ""Average Grade"", ""value"": 55.6, ""contribution"": 0.1094, ""direction"": ""increases_risk""}, {""feature"": ""assignment_completion"", ""label"": ""Assignment Completion"", ""value"": 78.4, ""contribution"": -0.0899, ""direction"": ""decreases_risk""}, {""feature"": ""attendance"", ""label"": ""Attendance"", ""value"": 71.3, ""contribution"": -0.0851, ""direction"": ""decreases_risk""}, {""feature"": ""absences"", ""label"": ""Absences"", ""value"": 9.0, ""contribution"": -0.0647, ""direction"": ""decreases_risk""}, {""feature"": ""participation_score"", ""label"": ""Participation"", ""value"": 52.0, ""contribution"": 0.0502, ""direction"": ""increases_risk""}]"
ST1396,16,55.9,54.2,70.7,68.8,56.2,8.9,2,16,4,1,0,0.5026,Medium,"[{""feature"": ""engagement_score"", ""label"": ""Engagement"", ""value"": 68.8, ""contribution"": -0.1904, ""direction"": ""decreases_risk""}, {""feature"": ""attendance"", ""label"": ""Attendance"", ""value"": 55.9, ""contribution"": 0.0935, ""direction"": ""increases_risk""}, {""feature"": ""avg_grade"", ""label"": ""Average Grade"", ""value"": 54.2, ""contribution"": 0.0718, ""direction"": ""increases_risk""}, {""feature"": ""absences"", ""label"": ""Absences"", ""value"": 16.0, ""contribution"": 0.0397, ""direction"": ""increases_risk""}, {""feature"": ""participation_score"", ""label"": ""Participation"", ""value"": 56.2, ""contribution"": 0.0205, ""direction"": ""increases_risk""}]"
ST1397,17,99.0,91.1,100.0,100.0,97.9,18.0,1,0,3,0,0,0.0015,Low,"[{""feature"": ""attendance"", ""label"": ""Attendance"", ""value"": 99.0, ""contribution"": -0.1199, ""direction"": ""decreases_risk""}, {""feature"": ""avg_grade"", ""label"": ""Average Grade"", ""value"": 91.1, ""contribution"": -0.1124, ""direction"": ""decreases_risk""}, {""feature"": ""engagement_score"", ""label"": ""Engagement"", ""value"": 100.0, ""contribution"": -0.0955, ""direction"": ""decreases_risk""}, {""feature"": ""assignment_completion"", ""label"": ""Assignment Completion"", ""value"": 100.0, ""contribution"": -0.0799, ""direction"": ""decreases_risk""}, {""feature"": ""participation_score"", ""label"": ""Participation"", ""value"": 97.9, ""contribution"": -0.038, ""direction"": ""decreases_risk""}]"
ST1398,18,97.2,86.7,100.0,92.3,62.0,13.0,0,0,3,0,0,0.0104,Low,"[{""feature"": ""attendance"", ""label"": ""Attendance"", ""value"": 97.2, ""contribution"": -0.1244, ""direction"": ""decreases_risk""}, {""feature"": ""avg_grade"", ""label"": ""Average Grade"", ""value"": 86.7, ""contribution"": -0.1109, ""direction"": ""decreases_risk""}, {""feature"": ""engagement_score"", ""label"": ""Engagement"", ""value"": 92.3, ""contribution"": -0.096, ""direction"": ""decreases_risk""}, {""feature"": ""assignment_completion"", ""label"": ""Assignment Completion"", ""value"": 100.0, ""contribution"": -0.0769, ""direction"": ""decreases_risk""}, {""feature"": ""absences"", ""label"": ""Absences"", ""value"": 0.0, ""contribution"": -0.0287, ""direction"": ""decreases_risk""}]"
ST1399,18,62.4,57.0,51.3,50.9,58.7,5.0,2,17,3,0,1,0.9607,High,"[{""feature"": ""attendance"", ""label"": ""Attendance"", ""value"": 62.4, ""contribution"": 0.1134, ""direction"": ""increases_risk""}, {""feature"": ""engagement_score"", ""label"": ""Engagement"", ""value"": 50.9, ""contribution"": 0.1036, ""direction"": ""increases_risk""}, {""feature"": ""avg_grade"", ""label"": ""Average Grade"", ""value"": 57.0, ""contribution"": 0.0838, ""direction"": ""increases_risk""}, {""feature"": ""assignment_completion"", ""label"": ""Assignment Completion"", ""value"": 51.3, ""contribution"": 0.0784, ""direction"": ""increases_risk""}, {""feature"": ""absences"", ""label"": ""Absences"", ""value"": 17.0, ""contribution"": 0.0371, ""direction"": ""increases_risk""}]"
ST1400,23,90.0,78.2,64.2,79.3,79.6,13.4,0,5,3,1,0,0.1099,Low,"[{""feature"": ""attendance"", ""label"": ""Attendance"", ""value"": 90.0, ""contribution"": -0.1311, ""direction"": ""decreases_risk""}, {""feature"": ""avg_grade"", ""label"": ""Average Grade"", ""value"": 78.2, ""contribution"": -0.1064, ""direction"": ""decreases_risk""}, {""feature"": ""assignment_completion"", ""label"": ""Assignment Completion"", ""value"": 64.2, ""contribution"": 0.0995, ""direction"": ""increases_risk""}, {""feature"": ""engagement_score"", ""label"": ""Engagement"", ""value"": 79.3, ""contribution"": -0.0917, ""direction"": ""decreases_risk""}, {""feature"": ""previous_failures"", ""label"": ""Previous Failures"", ""value"": 0.0, ""contribution"": -0.0526, ""direction"": ""decreases_risk""}]"
ST1401,22,100.0,90.2,100.0,100.0,100.0,17.8,1,0,3,0,0,0.0135,Low,"[{""feature"": ""attendance"", ""label"": ""Attendance"", ""value"": 100.0, ""contribution"": -0.1175, ""direction"": ""decreases_risk""}, {""feature"": ""avg_grade"", ""label"": ""Average Grade"", ""value"": 90.2, ""contribution"": -0.1121, ""direction"": ""decreases_risk""}, {""feature"": ""engagement_score"", ""label"": ""Engagement"", ""value"": 100.0, ""contribution"": -0.0941, ""direction"": ""decreases_risk""}, {""feature"": ""assignment_completion"", ""label"": ""Assignment Completion"", ""value"": 100.0, ""contribution"": -0.0787, ""direction"": ""decreases_risk""}, {""feature"": ""absences"", ""label"": ""Absences"", ""value"": 0.0, ""contribution"": -0.0304, ""direction"": ""decreases_risk""}]"
ST1402,18,66.7,61.0,78.7,55.4,44.4,15.5,2,12,5,0,1,0.8317,High,"[{""feature"": ""attendance"", ""label"": ""Attendance"", ""value"": 66.7, ""contribution"": 0.108, ""direction"": ""increases_risk""}, {""feature"": ""avg_grade"", ""label"": ""Average Grade"", ""value"": 61.0, ""contribution"": 0.0995, ""direction"": ""increases_risk""}, {""feature"": ""engagement_score"", ""label"": ""Engagement"", ""value"": 55.4, ""contribution"": 0.0936, ""direction"": ""increases_risk""}, {""feature"": ""participation_score"", ""label"": ""Participation"", ""value"": 44.4, ""contribution"": 0.0656, ""direction"": ""increases_risk""}, {""feature"": ""assignment_completion"", ""label"": ""Assignment Completion"", ""value"": 78.7, ""contribution"": -0.0508, ""direction"": ""decreases_risk""}]"
ST1403,23,88.7,68.0,71.7,58.9,79.2,10.6,3,6,4,1,0,0.1301,Low,"[{""feature"": ""attendance"", ""label"": ""Attendance"", ""value"": 88.7, ""contribution"": -0.2123, ""direction"": ""decreases_risk""}, {""feature"": ""avg_grade"", ""label"": ""Average Grade"", ""value"": 68.0, ""contribution"": -0.1093, ""direction"": ""decreases_risk""}, {""feature"": ""participation_score"", ""label"": ""Participation"", ""value"": 79.2, ""contribution"": -0.0587, ""direction"": ""decreases_risk""}, {""feature"": ""absences"", ""label"": ""Absences"", ""value"": 6.0, ""contribution"": -0.049, ""direction"": ""decreases_risk""}, {""feature"": ""engagement_score"", ""label"": ""Engagement"", ""value"": 58.9, ""contribution"": 0.0391, ""direction"": ""increases_risk""}]"
ST1404,19,100.0,100.0,100.0,83.4,83.3,14.0,0,2,2,0,0,0.002,Low,"[{""feature"": ""attendance"", ""label"": ""Attendance"", ""value"": 100.0, ""contribution"": -0.1197, ""direction"": ""decreases_risk""}, {""feature"": ""avg_grade"", ""label"": ""Average Grade"", ""value"": 100.0, ""contribution"": -0.1047, ""direction"": ""decreases_risk""}, {""feature"": ""engagement_score"", ""label"": ""Engagement"", ""value"": 83.4, ""contribution"": -0.0965, ""direction"": ""decreases_risk""}, {""feature"": ""assignment_completion"", ""label"": ""Assignment Completion"", ""value"": 100.0, ""contribution"": -0.0721, ""direction"": ""decreases_risk""}, {""feature"": ""participation_score"", ""label"": ""Participation"", ""value"": 83.3, ""contribution"": -0.0431, ""direction"": ""decreases_risk""}]"
ST1405,20,57.1,80.2,73.9,55.1,59.9,12.2,2,13,3,1,1,0.6198,High,"[{""feature"": ""avg_grade"", ""label"": ""Average Grade"", ""value"": 80.2, ""contribution"": -0.1815, ""direction"": ""decreases_risk""}, {""feature"": ""attendance"", ""label"": ""Attendance"", ""value"": 57.1, ""contribution"": 0.1773, ""direction"": ""increases_risk""}, {""feature"": ""engagement_score"", ""label"": ""Engagement"", ""value"": 55.1, ""contribution"": 0.1006, ""direction"": ""increases_risk""}, {""feature"": ""absences"", ""label"": ""Absences"", ""value"": 13.0, ""contribution"": 0.0352, ""direction"": ""increases_risk""}, {""feature"": ""study_hours"", ""label"": ""Study Hours"", ""value"": 12.2, ""contribution"": -0.0161, ""direction"": ""decreases_risk""}]"
ST1406,19,55.7,51.5,77.4,50.3,44.3,10.3,2,20,2,1,1,0.9397,High,"[{""feature"": ""attendance"", ""label"": ""Attendance"", ""value"": 55.7, ""contribution"": 0.1346, ""direction"": ""increases_risk""}, {""feature"": ""avg_grade"", ""label"": ""Average Grade"", ""value"": 51.5, ""contribution"": 0.1335, ""direction"": ""increases_risk""}, {""feature"": ""engagement_score"", ""label"": ""Engagement"", ""value"": 50.3, ""contribution"": 0.1022, ""direction"": ""increases_risk""}, {""feature"": ""participation_score"", ""label"": ""Participation"", ""value"": 44.3, ""contribution"": 0.0569, ""direction"": ""increases_risk""}, {""feature"": ""assignment_completion"", ""label"": ""Assignment Completion"", ""value"": 77.4, ""contribution"": -0.0523, ""direction"": ""decreases_risk""}]"
ST1407,17,55.6,62.1,67.0,62.1,50.8,9.9,3,19,1,1,1,0.8697,High,"[{""feature"": ""attendance"", ""label"": ""Attendance"", ""value"": 55.6, ""contribution"": 0.1438, ""direction"": ""increases_risk""}, {""feature"": ""participation_score"", ""label"": ""Participation"", ""value"": 50.8, ""contribution"": 0.046, ""direction"": ""increases_risk""}, {""feature"": ""absences"", ""label"": ""Absences"", ""value"": 19.0, ""contribution"": 0.043, ""direction"": ""increases_risk""}, {""feature"": ""assignment_completion"", ""label"": ""Assignment Completion"", ""value"": 67.0, ""contribution"": 0.0415, ""direction"": ""increases_risk""}, {""feature"": ""engagement_score"", ""label"": ""Engagement"", ""value"": 62.1, ""contribution"": 0.0345, ""direction"": ""increases_risk""}]"
ST1408,23,66.8,63.6,73.0,76.1,63.6,5.5,3,14,2,1,0,0.3705,Medium,"[{""feature"": ""engagement_score"", ""label"": ""Engagement"", ""value"": 76.1, ""contribution"": -0.1949, ""direction"": ""decreases_risk""}, {""feature"": ""attendance"", ""label"": ""Attendance"", ""value"": 66.8, ""contribution"": 0.0812, ""direction"": ""increases_risk""}, {""feature"": ""participation_score"", ""label"": ""Participation"", ""value"": 63.6, ""contribution"": -0.0558, ""direction"": ""decreases_risk""}, {""feature"": ""previous_failures"", ""label"": ""Previous Failures"", ""value"": 3.0, ""contribution"": 0.0401, ""direction"": ""increases_risk""}, {""feature"": ""absences"", ""label"": ""Absences"", ""value"": 14.0, ""contribution"": 0.0229, ""direction"": ""increases_risk""}]"
ST1409,16,100.0,97.6,100.0,100.0,75.4,23.6,0,0,1,0,0,0.0035,Low,"[{""feature"": ""attendance"", ""label"": ""Attendance"", ""value"": 100.0, ""contribution"": -0.1185, ""direction"": ""decreases_risk""}, {""feature"": ""avg_grade"", ""label"": ""Average Grade"", ""value"": 97.6, ""contribution"": -0.1123, ""direction"": ""decreases_risk""}, {""feature"": ""engagement_score"", ""label"": ""Engagement"", ""value"": 100.0, ""contribution"": -0.0919, ""direction"": ""decreases_risk""}, {""feature"": ""assignment_completion"", ""label"": ""Assignment Completion"", ""value"": 100.0, ""contribution"": -0.0746, ""direction"": ""decreases_risk""}, {""feature"": ""participation_score"", ""label"": ""Participation"", ""value"": 75.4, ""contribution"": -0.0414, ""direction"": ""decreases_risk""}]"
ST1410,17,67.8,61.2,88.0,54.2,71.5,7.3,1,8,5,0,1,0.5541,Medium,"[{""feature"": ""engagement_score"", ""label"": ""Engagement"", ""value"": 54.2, ""contribution"": 0.1086, ""direction"": ""increases_risk""}, {""feature"": ""assignment_completion"", ""label"": ""Assignment Completion"", ""value"": 88.0, ""contribution"": -0.1057, ""direction"": ""decreases_risk""}, {""feature"": ""attendance"", ""label"": ""Attendance"", ""value"": 67.8, ""contribution"": 0.098, ""direction"": ""increases_risk""}, {""feature"": ""avg_grade"", ""label"": ""Average Grade"", ""value"": 61.2, ""contribution"": 0.0676, ""direction"": ""increases_risk""}, {""feature"": ""participation_score"", ""label"": ""Participation"", ""value"": 71.5, ""contribution"": -0.0591, ""direction"": ""decreases_risk""}]"
ST1411,17,100.0,67.7,71.9,67.4,64.9,15.3,1,0,1,0,0,0.1524,Low,"[{""feature"": ""attendance"", ""label"": ""Attendance"", ""value"": 100.0, ""contribution"": -0.1644, ""direction"": ""decreases_risk""}, {""feature"": ""avg_grade"", ""label"": ""Average Grade"", ""value"": 67.7, ""contribution"": -0.077, ""direction"": ""decreases_risk""}, {""feature"": ""engagement_score"", ""label"": ""Engagement"", ""value"": 67.4, ""contribution"": -0.0391, ""direction"": ""decreases_risk""}, {""feature"": ""participation_score"", ""label"": ""Participation"", ""value"": 64.9, ""contribution"": -0.028, ""direction"": ""decreases_risk""}, {""feature"": ""absences"", ""label"": ""Absences"", ""value"": 0.0, ""contribution"": -0.0277, ""direction"": ""decreases_risk""}]"
ST1412,18,91.6,77.7,85.4,92.5,61.4,14.8,0,3,2,0,0,0.0302,Low,"[{""feature"": ""attendance"", ""label"": ""Attendance"", ""value"": 91.6, ""contribution"": -0.1224, ""direction"": ""decreases_risk""}, {""feature"": ""engagement_score"", ""label"": ""Engagement"", ""value"": 92.5, ""contribution"": -0.0968, ""direction"": ""decreases_risk""}, {""feature"": ""avg_grade"", ""label"": ""Average Grade"", ""value"": 77.7, ""contribution"": -0.093, ""direction"": ""decreases_risk""}, {""feature"": ""assignment_completion"", ""label"": ""Assignment Completion"", ""value"": 85.4, ""contribution"": -0.0695, ""direction"": ""decreases_risk""}, {""feature"": ""absences"", ""label"": ""Absences"", ""value"": 3.0, ""contribution"": -0.0322, ""direction"": ""decreases_risk""}]"
ST1413,17,68.9,48.1,73.6,64.1,50.0,9.9,2,6,2,1,1,0.8398,High,"[{""feature"": ""avg_grade"", ""label"": ""Average Grade"", ""value"": 48.1, ""contribution"": 0.1602, ""direction"": ""increases_risk""}, {""feature"": ""attendance"", ""label"": ""Attendance"", ""value"": 68.9, ""contribution"": 0.1302, ""direction"": ""increases_risk""}, {""feature"": ""absences"", ""label"": ""Absences"", ""value"": 6.0, ""contribution"": -0.0589, ""direction"": ""decreases_risk""}, {""feature"": ""participation_score"", ""label"": ""Participation"", ""value"": 50.0, ""contribution"": 0.0554, ""direction"": ""increases_risk""}, {""feature"": ""previous_failures"", ""label"": ""Previous Failures"", ""value"": 2.0, ""contribution"": 0.0217, ""direction"": ""increases_risk""}]"
ST1414,16,43.0,29.3,66.3,40.9,51.0,10.5,6,21,2,1,1,0.9798,High,"[{""feature"": ""avg_grade"", ""label"": ""Average Grade"", ""value"": 29.3, ""contribution"": 0.1175, ""direction"": ""increases_risk""}, {""feature"": ""attendance"", ""label"": ""Attendance"", ""value"": 43.0, ""contribution"": 0.1173, ""direction"": ""increases_risk""}, {""feature"": ""engagement_score"", ""label"": ""Engagement"", ""value"": 40.9, ""contribution"": 0.0958, ""direction"": ""increases_risk""}, {""feature"": ""assignment_completion"", ""label"": ""Assignment Completion"", ""value"": 66.3, ""contribution"": 0.0507, ""direction"": ""increases_risk""}, {""feature"": ""participation_score"", ""label"": ""Participation"", ""value"": 51.0, ""contribution"": 0.0405, ""direction"": ""increases_risk""}]"
ST1415,21,36.7,30.7,47.2,30.9,39.8,5.6,2,26,2,1,1,0.9994,High,"[{""feature"": ""attendance"", ""label"": ""Attendance"", ""value"": 36.7, ""contribution"": 0.1168, ""direction"": ""increases_risk""}, {""feature"": ""avg_grade"", ""label"": ""Average Grade"", ""value"": 30.7, ""contribution"": 0.1126, ""direction"": ""increases_risk""}, {""feature"": ""engagement_score"", ""label"": ""Engagement"", ""value"": 30.9, ""contribution"": 0.0948, ""direction"": ""increases_risk""}, {""feature"": ""assignment_completion"", ""label"": ""Assignment Completion"", ""value"": 47.2, ""contribution"": 0.0763, ""direction"": ""increases_risk""}, {""feature"": ""participation_score"", ""label"": ""Participation"", ""value"": 39.8, ""contribution"": 0.0447, ""direction"": ""increases_risk""}]"
ST1416,23,54.7,39.1,52.7,55.6,50.0,4.4,4,18,4,0,1,0.9766,High,"[{""feature"": ""avg_grade"", ""label"": ""Average Grade"", ""value"": 39.1, ""contribution"": 0.1173, ""direction"": ""increases_risk""}, {""feature"": ""attendance"", ""label"": ""Attendance"", ""value"": 54.7, ""contribution"": 0.1068, ""direction"": ""increases_risk""}, {""feature"": ""assignment_completion"", ""label"": ""Assignment Completion"", ""value"": 52.7, ""contribution"": 0.0719, ""direction"": ""increases_risk""}, {""feature"": ""engagement_score"", ""label"": ""Engagement"", ""value"": 55.6, ""contribution"": 0.0697, ""direction"": ""increases_risk""}, {""feature"": ""participation_score"", ""label"": ""Participation"", ""value"": 50.0, ""contribution"": 0.0404, ""direction"": ""increases_risk""}]"
ST1417,16,81.5,79.0,89.9,62.6,77.2,15.8,0,4,5,1,0,0.0999,Low,"[{""feature"": ""attendance"", ""label"": ""Attendance"", ""value"": 81.5, ""contribution"": -0.1197, ""direction"": ""decreases_risk""}, {""feature"": ""avg_grade"", ""label"": ""Average Grade"", ""value"": 79.0, ""contribution"": -0.1033, ""direction"": ""decreases_risk""}, {""feature"": ""assignment_completion"", ""label"": ""Assignment Completion"", ""value"": 89.9, ""contribution"": -0.0631, ""direction"": ""decreases_risk""}, {""feature"": ""participation_score"", ""label"": ""Participation"", ""value"": 77.2, ""contribution"": -0.0501, ""direction"": ""decreases_risk""}, {""feature"": ""absences"", ""label"": ""Absences"", ""value"": 4.0, ""contribution"": -0.0336, ""direction"": ""decreases_risk""}]"
ST1418,18,54.9,67.7,78.8,67.5,75.0,8.5,2,13,1,1,1,0.4341,Medium,"[{""feature"": ""attendance"", ""label"": ""Attendance"", ""value"": 54.9, ""contribution"": 0.165, ""direction"": ""increases_risk""}, {""feature"": ""avg_grade"", ""label"": ""Average Grade"", ""value"": 67.7, ""contribution"": -0.0871, ""direction"": ""decreases_risk""}, {""feature"": ""engagement_score"", ""label"": ""Engagement"", ""value"": 67.5, ""contribution"": -0.0809, ""direction"": ""decreases_risk""}, {""feature"": ""assignment_completion"", ""label"": ""Assignment Completion"", ""value"": 78.8, ""contribution"": -0.0629, ""direction"": ""decreases_risk""}, {""feature"": ""participation_score"", ""label"": ""Participation"", ""value"": 75.0, ""contribution"": -0.0607, ""direction"": ""decreases_risk""}]"
ST1419,20,62.6,50.2,61.8,77.5,53.9,9.0,5,14,2,1,0,0.5999,Medium,"[{""feature"": ""engagement_score"", ""label"": ""Engagement"", ""value"": 77.5, ""contribution"": -0.226, ""direction"": ""decreases_risk""}, {""feature"": ""avg_grade"", ""label"": ""Average Grade"", ""value"": 50.2, ""contribution"": 0.1277, ""direction"": ""increases_risk""}, {""feature"": ""attendance"", ""label"": ""Attendance"", ""value"": 62.6, ""contribution"": 0.0846, ""direction"": ""increases_risk""}, {""feature"": ""assignment_completion"", ""label"": ""Assignment Completion"", ""value"": 61.8, ""contribution"": 0.0619, ""direction"": ""increases_risk""}, {""feature"": ""participation_score"", ""label"": ""Participation"", ""value"": 53.9, ""contribution"": 0.0242, ""direction"": ""increases_risk""}]"
ST1420,23,75.9,67.7,81.1,69.6,54.8,7.6,0,8,3,1,0,0.1681,Low,"[{""feature"": ""attendance"", ""label"": ""Attendance"", ""value"": 75.9, ""contribution"": -0.1048, ""direction"": ""decreases_risk""}, {""feature"": ""engagement_score"", ""label"": ""Engagement"", ""value"": 69.6, ""contribution"": -0.0786, ""direction"": ""decreases_risk""}, {""feature"": ""participation_score"", ""label"": ""Participation"", ""value"": 54.8, ""contribution"": 0.0693, ""direction"": ""increases_risk""}, {""feature"": ""avg_grade"", ""label"": ""Average Grade"", ""value"": 67.7, ""contribution"": -0.065, ""direction"": ""decreases_risk""}, {""feature"": ""assignment_completion"", ""label"": ""Assignment Completion"", ""value"": 81.1, ""contribution"": -0.0637, ""direction"": ""decreases_risk""}]"
ST1421,21,73.7,54.4,89.0,58.3,67.0,8.3,0,11,2,1,0,0.3344,Medium,"[{""feature"": ""attendance"", ""label"": ""Attendance"", ""value"": 73.7, ""contribution"": -0.1098, ""direction"": ""decreases_risk""}, {""feature"": ""avg_grade"", ""label"": ""Average Grade"", ""value"": 54.4, ""contribution"": 0.1091, ""direction"": ""increases_risk""}, {""feature"": ""assignment_completion"", ""label"": ""Assignment Completion"", ""value"": 89.0, ""contribution"": -0.1039, ""direction"": ""decreases_risk""}, {""feature"": ""previous_failures"", ""label"": ""Previous Failures"", ""value"": 0.0, ""contribution"": -0.0777, ""direction"": ""decreases_risk""}, {""feature"": ""participation_score"", ""label"": ""Participation"", ""value"": 67.0, ""contribution"": -0.0441, ""direction"": ""decreases_risk""}]"
ST1422,22,55.9,51.5,82.1,58.1,61.6,8.4,2,17,4,0,0,0.8501,High,"[{""feature"": ""avg_grade"", ""label"": ""Average Grade"", ""value"": 51.5, ""contribution"": 0.1535, ""direction"": ""increases_risk""}, {""feature"": ""attendance"", ""label"": ""Attendance"", ""value"": 55.9, ""contribution"": 0.1429, ""direction"": ""increases_risk""}, {""feature"": ""assignment_completion"", ""label"": ""Assignment Completion"", ""value"": 82.1, ""contribution"": -0.0738, ""direction"": ""decreases_risk""}, {""feature"": ""engagement_score"", ""label"": ""Engagement"", ""value"": 58.1, ""contribution"": 0.068, ""direction"": ""increases_risk""}, {""feature"": ""absences"", ""label"": ""Absences"", ""value"": 17.0, ""contribution"": 0.06, ""direction"": ""increases_risk""}]"
ST1423,20,74.2,75.6,87.6,66.7,52.8,13.4,0,12,2,0,1,0.5077,Medium,"[{""feature"": ""participation_score"", ""label"": ""Participation"", ""value"": 52.8, ""contribution"": 0.1001, ""direction"": ""increases_risk""}, {""feature"": ""attendance"", ""label"": ""Attendance"", ""value"": 74.2, ""contribution"": -0.0727, ""direction"": ""decreases_risk""}, {""feature"": ""absences"", ""label"": ""Absences"", ""value"": 12.0, ""contribution"": 0.07, ""direction"": ""increases_risk""}, {""feature"": ""avg_grade"", ""label"": ""Average Grade"", ""value"": 75.6, ""contribution"": -0.0586, ""direction"": ""decreases_risk""}, {""feature"": ""assignment_completion"", ""label"": ""Assignment Completion"", ""value"": 87.6, ""contribution"": -0.0411, ""direction"": ""decreases_risk""}]"
ST1424,19,89.5,92.0,93.7,70.5,68.4,10.2,1,0,3,1,0,0.0571,Low,"[{""feature"": ""avg_grade"", ""label"": ""Average Grade"", ""value"": 92.0, ""contribution"": -0.1255, ""direction"": ""decreases_risk""}, {""feature"": ""attendance"", ""label"": ""Attendance"", ""value"": 89.5, ""contribution"": -0.1226, ""direction"": ""decreases_risk""}, {""feature"": ""assignment_completion"", ""label"": ""Assignment Completion"", ""value"": 93.7, ""contribution"": -0.0866, ""direction"": ""decreases_risk""}, {""feature"": ""engagement_score"", ""label"": ""Engagement"", ""value"": 70.5, ""contribution"": -0.0527, ""direction"": ""decreases_risk""}, {""feature"": ""absences"", ""label"": ""Absences"", ""value"": 0.0, ""contribution"": -0.0278, ""direction"": ""decreases_risk""}]"
ST1425,17,86.3,74.2,87.3,84.3,65.9,15.4,0,5,3,0,0,0.0427,Low,"[{""feature"": ""attendance"", ""label"": ""Attendance"", ""value"": 86.3, ""contribution"": -0.1084, ""direction"": ""decreases_risk""}, {""feature"": ""engagement_score"", ""label"": ""Engagement"", ""value"": 84.3, ""contribution"": -0.1078, ""direction"": ""decreases_risk""}, {""feature"": ""avg_grade"", ""label"": ""Average Grade"", ""value"": 74.2, ""contribution"": -0.0708, ""direction"": ""decreases_risk""}, {""feature"": ""assignment_completion"", ""label"": ""Assignment Completion"", ""value"": 87.3, ""contribution"": -0.0668, ""direction"": ""decreases_risk""}, {""feature"": ""absences"", ""label"": ""Absences"", ""value"": 5.0, ""contribution"": -0.0326, ""direction"": ""decreases_risk""}]"
ST1426,22,72.0,69.4,74.9,70.1,56.8,6.7,3,9,2,0,0,0.2213,Low,"[{""feature"": ""avg_grade"", ""label"": ""Average Grade"", ""value"": 69.4, ""contribution"": -0.1127, ""direction"": ""decreases_risk""}, {""feature"": ""engagement_score"", ""label"": ""Engagement"", ""value"": 70.1, ""contribution"": -0.1067, ""direction"": ""decreases_risk""}, {""feature"": ""attendance"", ""label"": ""Attendance"", ""value"": 72.0, ""contribution"": -0.0657, ""direction"": ""decreases_risk""}, {""feature"": ""absences"", ""label"": ""Absences"", ""value"": 9.0, ""contribution"": -0.0439, ""direction"": ""decreases_risk""}, {""feature"": ""participation_score"", ""label"": ""Participation"", ""value"": 56.8, ""contribution"": 0.0407, ""direction"": ""increases_risk""}]"
ST1427,22,87.7,61.3,80.7,65.8,59.6,15.8,0,4,4,1,0,0.2114,Low,"[{""feature"": ""attendance"", ""label"": ""Attendance"", ""value"": 87.7, ""contribution"": -0.1533, ""direction"": ""decreases_risk""}, {""feature"": ""avg_grade"", ""label"": ""Average Grade"", ""value"": 61.3, ""contribution"": 0.0888, ""direction"": ""increases_risk""}, {""feature"": ""assignment_completion"", ""label"": ""Assignment Completion"", ""value"": 80.7, ""contribution"": -0.078, ""direction"": ""decreases_risk""}, {""feature"": ""absences"", ""label"": ""Absences"", ""value"": 4.0, ""contribution"": -0.0671, ""direction"": ""decreases_risk""}, {""feature"": ""previous_failures"", ""label"": ""Previous Failures"", ""value"": 0.0, ""contribution"": -0.0537, ""direction"": ""decreases_risk""}]"
ST1428,16,69.2,55.3,75.0,58.8,71.0,9.4,0,13,4,1,0,0.4024,Medium,"[{""feature"": ""previous_failures"", ""label"": ""Previous Failures"", ""value"": 0.0, ""contribution"": -0.1203, ""direction"": ""decreases_risk""}, {""feature"": ""avg_grade"", ""label"": ""Average Grade"", ""value"": 55.3, ""contribution"": 0.0835, ""direction"": ""increases_risk""}, {""feature"": ""participation_score"", ""label"": ""Participation"", ""value"": 71.0, ""contribution"": -0.0743, ""direction"": ""decreases_risk""}, {""feature"": ""absences"", ""label"": ""Absences"", ""value"": 13.0, ""contribution"": 0.0343, ""direction"": ""increases_risk""}, {""feature"": ""attendance"", ""label"": ""Attendance"", ""value"": 69.2, ""contribution"": 0.032, ""direction"": ""increases_risk""}]"
ST1429,21,61.8,64.5,56.1,48.2,41.0,5.6,2,16,3,0,1,0.9643,High,"[{""feature"": ""attendance"", ""label"": ""Attendance"", ""value"": 61.8, ""contribution"": 0.1382, ""direction"": ""increases_risk""}, {""feature"": ""engagement_score"", ""label"": ""Engagement"", ""value"": 48.2, ""contribution"": 0.1071, ""direction"": ""increases_risk""}, {""feature"": ""assignment_completion"", ""label"": ""Assignment Completion"", ""value"": 56.1, ""contribution"": 0.0864, ""direction"": ""increases_risk""}, {""feature"": ""participation_score"", ""label"": ""Participation"", ""value"": 41.0, ""contribution"": 0.0578, ""direction"": ""increases_risk""}, {""feature"": ""absences"", ""label"": ""Absences"", ""value"": 16.0, ""contribution"": 0.0376, ""direction"": ""increases_risk""}]"
ST1430,16,88.7,93.0,100.0,77.0,55.9,13.9,0,8,3,0,0,0.0478,Low,"[{""feature"": ""avg_grade"", ""label"": ""Average Grade"", ""value"": 93.0, ""contribution"": -0.1322, ""direction"": ""decreases_risk""}, {""feature"": ""attendance"", ""label"": ""Attendance"", ""value"": 88.7, ""contribution"": -0.1257, ""direction"": ""decreases_risk""}, {""feature"": ""engagement_score"", ""label"": ""Engagement"", ""value"": 77.0, ""contribution"": -0.0952, ""direction"": ""decreases_risk""}, {""feature"": ""assignment_completion"", ""label"": ""Assignment Completion"", ""value"": 100.0, ""contribution"": -0.07, ""direction"": ""decreases_risk""}, {""feature"": ""participation_score"", ""label"": ""Participation"", ""value"": 55.9, ""contribution"": 0.0525, ""direction"": ""increases_risk""}]"
ST1431,21,69.9,62.6,55.6,50.6,53.7,5.8,4,12,5,1,1,0.8734,High,"[{""feature"": ""engagement_score"", ""label"": ""Engagement"", ""value"": 50.6, ""contribution"": 0.117, ""direction"": ""increases_risk""}, {""feature"": ""assignment_completion"", ""label"": ""Assignment Completion"", ""value"": 55.6, ""contribution"": 0.0925, ""direction"": ""increases_risk""}, {""feature"": ""participation_score"", ""label"": ""Participation"", ""value"": 53.7, ""contribution"": 0.0484, ""direction"": ""increases_risk""}, {""feature"": ""attendance"", ""label"": ""Attendance"", ""value"": 69.9, ""contribution"": 0.0477, ""direction"": ""increases_risk""}, {""feature"": ""previous_failures"", ""label"": ""Previous Failures"", ""value"": 4.0, ""contribution"": 0.03, ""direction"": ""increases_risk""}]"
ST1432,22,67.3,64.0,67.9,52.7,60.8,14.1,0,11,5,1,0,0.3944,Medium,"[{""feature"": ""previous_failures"", ""label"": ""Previous Failures"", ""value"": 0.0, ""contribution"": -0.1136, ""direction"": ""decreases_risk""}, {""feature"": ""attendance"", ""label"": ""Attendance"", ""value"": 67.3, ""contribution"": 0.0622, ""direction"": ""increases_risk""}, {""feature"": ""engagement_score"", ""label"": ""Engagement"", ""value"": 52.7, ""contribution"": 0.0622, ""direction"": ""increases_risk""}, {""feature"": ""participation_score"", ""label"": ""Participation"", ""value"": 60.8, ""contribution"": -0.0526, ""direction"": ""decreases_risk""}, {""feature"": ""study_hours"", ""label"": ""Study Hours"", ""value"": 14.1, ""contribution"": -0.0384, ""direction"": ""decreases_risk""}]"
ST1433,17,100.0,77.5,100.0,100.0,69.3,17.6,0,0,5,0,0,0.0369,Low,"[{""feature"": ""attendance"", ""label"": ""Attendance"", ""value"": 100.0, ""contribution"": -0.1133, ""direction"": ""decreases_risk""}, {""feature"": ""engagement_score"", ""label"": ""Engagement"", ""value"": 100.0, ""contribution"": -0.1013, ""direction"": ""decreases_risk""}, {""feature"": ""avg_grade"", ""label"": ""Average Grade"", ""value"": 77.5, ""contribution"": -0.0879, ""direction"": ""decreases_risk""}, {""feature"": ""assignment_completion"", ""label"": ""Assignment Completion"", ""value"": 100.0, ""contribution"": -0.0715, ""direction"": ""decreases_risk""}, {""feature"": ""previous_failures"", ""label"": ""Previous Failures"", ""value"": 0.0, ""contribution"": -0.0266, ""direction"": ""decreases_risk""}]"
ST1434,19,60.9,30.2,74.8,46.0,41.1,5.1,3,8,1,1,1,0.9465,High,"[{""feature"": ""avg_grade"", ""label"": ""Average Grade"", ""value"": 30.2, ""contribution"": 0.143, ""direction"": ""increases_risk""}, {""feature"": ""attendance"", ""label"": ""Attendance"", ""value"": 60.9, ""contribution"": 0.1404, ""direction"": ""increases_risk""}, {""feature"": ""engagement_score"", ""label"": ""Engagement"", ""value"": 46.0, ""contribution"": 0.1126, ""direction"": ""increases_risk""}, {""feature"": ""participation_score"", ""label"": ""Participation"", ""value"": 41.1, ""contribution"": 0.05, ""direction"": ""increases_risk""}, {""feature"": ""absences"", ""label"": ""Absences"", ""value"": 8.0, ""contribution"": -0.0411, ""direction"": ""decreases_risk""}]"
ST1435,16,98.6,84.1,87.4,85.5,70.6,16.0,0,4,5,0,0,0.0079,Low,"[{""feature"": ""attendance"", ""label"": ""Attendance"", ""value"": 98.6, ""contribution"": -0.1121, ""direction"": ""decreases_risk""}, {""feature"": ""avg_grade"", ""label"": ""Average Grade"", ""value"": 84.1, ""contribution"": -0.1087, ""direction"": ""decreases_risk""}, {""feature"": ""engagement_score"", ""label"": ""Engagement"", ""value"": 85.5, ""contribution"": -0.0918, ""direction"": ""decreases_risk""}, {""feature"": ""assignment_completion"", ""label"": ""Assignment Completion"", ""value"": 87.4, ""contribution"": -0.0754, ""direction"": ""decreases_risk""}, {""feature"": ""participation_score"", ""label"": ""Participation"", ""value"": 70.6, ""contribution"": -0.0322, ""direction"": ""decreases_risk""}]"
ST1436,20,100.0,98.9,100.0,100.0,86.8,16.4,0,0,5,1,0,0.0006,Low,"[{""feature"": ""avg_grade"", ""label"": ""Average Grade"", ""value"": 98.9, ""contribution"": -0.1085, ""direction"": ""decreases_risk""}, {""feature"": ""attendance"", ""label"": ""Attendance"", ""value"": 100.0, ""contribution"": -0.1068, ""direction"": ""decreases_risk""}, {""feature"": ""engagement_score"", ""label"": ""Engagement"", ""value"": 100.0, ""contribution"": -0.0941, ""direction"": ""decreases_risk""}, {""feature"": ""assignment_completion"", ""label"": ""Assignment Completion"", ""value"": 100.0, ""contribution"": -0.0726, ""direction"": ""decreases_risk""}, {""feature"": ""participation_score"", ""label"": ""Participation"", ""value"": 86.8, ""contribution"": -0.0397, ""direction"": ""decreases_risk""}]"
ST1437,23,89.0,81.5,92.4,96.4,84.3,12.8,2,5,5,0,0,0.0012,Low,"[{""feature"": ""attendance"", ""label"": ""Attendance"", ""value"": 89.0, ""contribution"": -0.1273, ""direction"": ""decreases_risk""}, {""feature"": ""avg_grade"", ""label"": ""Average Grade"", ""value"": 81.5, ""contribution"": -0.1104, ""direction"": ""decreases_risk""}, {""feature"": ""engagement_score"", ""label"": ""Engagement"", ""value"": 96.4, ""contribution"": -0.0977, ""direction"": ""decreases_risk""}, {""feature"": ""assignment_completion"", ""label"": ""Assignment Completion"", ""value"": 92.4, ""contribution"": -0.0788, ""direction"": ""decreases_risk""}, {""feature"": ""participation_score"", ""label"": ""Participation"", ""value"": 84.3, ""contribution"": -0.0446, ""direction"": ""decreases_risk""}]"
ST1438,16,96.5,91.6,100.0,85.2,75.0,17.8,0,3,4,1,0,0.0042,Low,"[{""feature"": ""attendance"", ""label"": ""Attendance"", ""value"": 96.5, ""contribution"": -0.1073, ""direction"": ""decreases_risk""}, {""feature"": ""avg_grade"", ""label"": ""Average Grade"", ""value"": 91.6, ""contribution"": -0.1062, ""direction"": ""decreases_risk""}, {""feature"": ""engagement_score"", ""label"": ""Engagement"", ""value"": 85.2, ""contribution"": -0.0937, ""direction"": ""decreases_risk""}, {""feature"": ""assignment_completion"", ""label"": ""Assignment Completion"", ""value"": 100.0, ""contribution"": -0.0731, ""direction"": ""decreases_risk""}, {""feature"": ""participation_score"", ""label"": ""Participation"", ""value"": 75.0, ""contribution"": -0.0416, ""direction"": ""decreases_risk""}]"
ST1439,19,77.2,72.0,50.9,71.8,83.5,8.5,1,4,2,1,0,0.2982,Low,"[{""feature"": ""assignment_completion"", ""label"": ""Assignment Completion"", ""value"": 50.9, ""contribution"": 0.1611, ""direction"": ""increases_risk""}, {""feature"": ""avg_grade"", ""label"": ""Average Grade"", ""value"": 72.0, ""contribution"": -0.1069, ""direction"": ""decreases_risk""}, {""feature"": ""attendance"", ""label"": ""Attendance"", ""value"": 77.2, ""contribution"": -0.0951, ""direction"": ""decreases_risk""}, {""feature"": ""engagement_score"", ""label"": ""Engagement"", ""value"": 71.8, ""contribution"": -0.0781, ""direction"": ""decreases_risk""}, {""feature"": ""participation_score"", ""label"": ""Participation"", ""value"": 83.5, ""contribution"": -0.0615, ""direction"": ""decreases_risk""}]"
ST1440,23,82.0,84.5,74.9,73.2,77.2,9.9,0,4,4,1,0,0.0512,Low,"[{""feature"": ""attendance"", ""label"": ""Attendance"", ""value"": 82.0, ""contribution"": -0.1157, ""direction"": ""decreases_risk""}, {""feature"": ""avg_grade"", ""label"": ""Average Grade"", ""value"": 84.5, ""contribution"": -0.1151, ""direction"": ""decreases_risk""}, {""feature"": ""engagement_score"", ""label"": ""Engagement"", ""value"": 73.2, ""contribution"": -0.0668, ""direction"": ""decreases_risk""}, {""feature"": ""participation_score"", ""label"": ""Participation"", ""value"": 77.2, ""contribution"": -0.0615, ""direction"": ""decreases_risk""}, {""feature"": ""previous_failures"", ""label"": ""Previous Failures"", ""value"": 0.0, ""contribution"": -0.0324, ""direction"": ""decreases_risk""}]"
ST1441,18,78.2,78.5,100.0,80.8,63.8,16.0,1,12,3,1,0,0.0535,Low,"[{""feature"": ""engagement_score"", ""label"": ""Engagement"", ""value"": 80.8, ""contribution"": -0.1175, ""direction"": ""decreases_risk""}, {""feature"": ""avg_grade"", ""label"": ""Average Grade"", ""value"": 78.5, ""contribution"": -0.1064, ""direction"": ""decreases_risk""}, {""feature"": ""attendance"", ""label"": ""Attendance"", ""value"": 78.2, ""contribution"": -0.0968, ""direction"": ""decreases_risk""}, {""feature"": ""assignment_completion"", ""label"": ""Assignment Completion"", ""value"": 100.0, ""contribution"": -0.0805, ""direction"": ""decreases_risk""}, {""feature"": ""absences"", ""label"": ""Absences"", ""value"": 12.0, ""contribution"": 0.0278, ""direction"": ""increases_risk""}]"
ST1442,17,53.5,68.2,71.7,62.5,60.4,10.8,2,17,5,0,0,0.5682,Medium,"[{""feature"": ""attendance"", ""label"": ""Attendance"", ""value"": 53.5, ""contribution"": 0.1745, ""direction"": ""increases_risk""}, {""feature"": ""avg_grade"", ""label"": ""Average Grade"", ""value"": 68.2, ""contribution"": -0.1254, ""direction"": ""decreases_risk""}, {""feature"": ""absences"", ""label"": ""Absences"", ""value"": 17.0, ""contribution"": 0.0438, ""direction"": ""increases_risk""}, {""feature"": ""family_support"", ""label"": ""Family Support"", ""value"": 5.0, ""contribution"": -0.0409, ""direction"": ""decreases_risk""}, {""feature"": ""participation_score"", ""label"": ""Participation"", ""value"": 60.4, ""contribution"": -0.0286, ""direction"": ""decreases_risk""}]"
ST1443,19,72.7,65.8,62.8,59.8,64.6,6.7,1,8,2,0,0,0.3517,Medium,"[{""feature"": ""attendance"", ""label"": ""Attendance"", ""value"": 72.7, ""contribution"": -0.097, ""direction"": ""decreases_risk""}, {""feature"": ""assignment_completion"", ""label"": ""Assignment Completion"", ""value"": 62.8, ""contribution"": 0.0854, ""direction"": ""increases_risk""}, {""feature"": ""avg_grade"", ""label"": ""Average Grade"", ""value"": 65.8, ""contribution"": -0.0759, ""direction"": ""decreases_risk""}, {""feature"": ""absences"", ""label"": ""Absences"", ""value"": 8.0, ""contribution"": -0.0523, ""direction"": ""decreases_risk""}, {""feature"": ""participation_score"", ""label"": ""Participation"", ""value"": 64.6, ""contribution"": -0.0375, ""direction"": ""decreases_risk""}]"
ST1444,20,65.4,64.1,72.3,50.5,76.9,8.7,1,12,4,0,1,0.8267,High,"[{""feature"": ""attendance"", ""label"": ""Attendance"", ""value"": 65.4, ""contribution"": 0.1613, ""direction"": ""increases_risk""}, {""feature"": ""engagement_score"", ""label"": ""Engagement"", ""value"": 50.5, ""contribution"": 0.1495, ""direction"": ""increases_risk""}, {""feature"": ""participation_score"", ""label"": ""Participation"", ""value"": 76.9, ""contribution"": -0.0579, ""direction"": ""decreases_risk""}, {""feature"": ""absences"", ""label"": ""Absences"", ""value"": 12.0, ""contribution"": 0.0365, ""direction"": ""increases_risk""}, {""feature"": ""assignment_completion"", ""label"": ""Assignment Completion"", ""value"": 72.3, ""contribution"": 0.0218, ""direction"": ""increases_risk""}]"
ST1445,21,71.4,73.0,73.2,64.6,55.7,7.4,1,13,4,0,1,0.3623,Medium,"[{""feature"": ""avg_grade"", ""label"": ""Average Grade"", ""value"": 73.0, ""contribution"": -0.1375, ""direction"": ""decreases_risk""}, {""feature"": ""attendance"", ""label"": ""Attendance"", ""value"": 71.4, ""contribution"": -0.0818, ""direction"": ""decreases_risk""}, {""feature"": ""participation_score"", ""label"": ""Participation"", ""value"": 55.7, ""contribution"": 0.0649, ""direction"": ""increases_risk""}, {""feature"": ""absences"", ""label"": ""Absences"", ""value"": 13.0, ""contribution"": 0.0554, ""direction"": ""increases_risk""}, {""feature"": ""assignment_completion"", ""label"": ""Assignment Completion"", ""value"": 73.2, ""contribution"": -0.018, ""direction"": ""decreases_risk""}]"
ST1446,18,59.8,51.6,75.6,55.4,67.8,14.6,3,17,5,0,1,0.8706,High,"[{""feature"": ""avg_grade"", ""label"": ""Average Grade"", ""value"": 51.6, ""contribution"": 0.1499, ""direction"": ""increases_risk""}, {""feature"": ""attendance"", ""label"": ""Attendance"", ""value"": 59.8, ""contribution"": 0.1307, ""direction"": ""increases_risk""}, {""feature"": ""engagement_score"", ""label"": ""Engagement"", ""value"": 55.4, ""contribution"": 0.0905, ""direction"": ""increases_risk""}, {""feature"": ""absences"", ""label"": ""Absences"", ""value"": 17.0, ""contribution"": 0.045, ""direction"": ""increases_risk""}, {""feature"": ""previous_failures"", ""label"": ""Previous Failures"", ""value"": 3.0, ""contribution"": 0.0387, ""direction"": ""increases_risk""}]"
ST1447,23,100.0,100.0,100.0,89.7,98.0,24.2,0,0,1,0,0,0.0109,Low,"[{""feature"": ""attendance"", ""label"": ""Attendance"", ""value"": 100.0, ""contribution"": -0.118, ""direction"": ""decreases_risk""}, {""feature"": ""avg_grade"", ""label"": ""Average Grade"", ""value"": 100.0, ""contribution"": -0.1081, ""direction"": ""decreases_risk""}, {""feature"": ""engagement_score"", ""label"": ""Engagement"", ""value"": 89.7, ""contribution"": -0.0952, ""direction"": ""decreases_risk""}, {""feature"": ""assignment_completion"", ""label"": ""Assignment Completion"", ""value"": 100.0, ""contribution"": -0.0738, ""direction"": ""decreases_risk""}, {""feature"": ""participation_score"", ""label"": ""Participation"", ""value"": 98.0, ""contribution"": -0.0386, ""direction"": ""decreases_risk""}]"
ST1448,20,86.7,82.1,91.1,82.3,89.5,12.4,3,10,5,1,0,0.0131,Low,"[{""feature"": ""attendance"", ""label"": ""Attendance"", ""value"": 86.7, ""contribution"": -0.1204, ""direction"": ""decreases_risk""}, {""feature"": ""avg_grade"", ""label"": ""Average Grade"", ""value"": 82.1, ""contribution"": -0.12, ""direction"": ""decreases_risk""}, {""feature"": ""engagement_score"", ""label"": ""Engagement"", ""value"": 82.3, ""contribution"": -0.1134, ""direction"": ""decreases_risk""}, {""feature"": ""assignment_completion"", ""label"": ""Assignment Completion"", ""value"": 91.1, ""contribution"": -0.085, ""direction"": ""decreases_risk""}, {""feature"": ""participation_score"", ""label"": ""Participation"", ""value"": 89.5, ""contribution"": -0.0535, ""direction"": ""decreases_risk""}]"
ST1449,18,100.0,100.0,100.0,100.0,100.0,23.5,0,3,2,0,0,0.0393,Low,"[{""feature"": ""attendance"", ""label"": ""Attendance"", ""value"": 100.0, ""contribution"": -0.1139, ""direction"": ""decreases_risk""}, {""feature"": ""avg_grade"", ""label"": ""Average Grade"", ""value"": 100.0, ""contribution"": -0.1051, ""direction"": ""decreases_risk""}, {""feature"": ""engagement_score"", ""label"": ""Engagement"", ""value"": 100.0, ""contribution"": -0.0898, ""direction"": ""decreases_risk""}, {""feature"": ""assignment_completion"", ""label"": ""Assignment Completion"", ""value"": 100.0, ""contribution"": -0.0686, ""direction"": ""decreases_risk""}, {""feature"": ""absences"", ""label"": ""Absences"", ""value"": 3.0, ""contribution"": -0.0243, ""direction"": ""decreases_risk""}]"
ST1450,23,82.6,76.3,88.2,95.1,69.7,7.8,1,6,5,0,0,0.0636,Low,"[{""feature"": ""engagement_score"", ""label"": ""Engagement"", ""value"": 95.1, ""contribution"": -0.1055, ""direction"": ""decreases_risk""}, {""feature"": ""attendance"", ""label"": ""Attendance"", ""value"": 82.6, ""contribution"": -0.1037, ""direction"": ""decreases_risk""}, {""feature"": ""avg_grade"", ""label"": ""Average Grade"", ""value"": 76.3, ""contribution"": -0.0906, ""direction"": ""decreases_risk""}, {""feature"": ""assignment_completion"", ""label"": ""Assignment Completion"", ""value"": 88.2, ""contribution"": -0.0739, ""direction"": ""decreases_risk""}, {""feature"": ""absences"", ""label"": ""Absences"", ""value"": 6.0, ""contribution"": -0.0352, ""direction"": ""decreases_risk""}]"
ST1451,23,97.8,90.1,77.0,68.0,65.2,10.0,0,0,1,1,0,0.0593,Low,"[{""feature"": ""attendance"", ""label"": ""Attendance"", ""value"": 97.8, ""contribution"": -0.1273, ""direction"": ""decreases_risk""}, {""feature"": ""avg_grade"", ""label"": ""Average Grade"", ""value"": 90.1, ""contribution"": -0.1214, ""direction"": ""decreases_risk""}, {""feature"": ""engagement_score"", ""label"": ""Engagement"", ""value"": 68.0, ""contribution"": -0.0538, ""direction"": ""decreases_risk""}, {""feature"": ""assignment_completion"", ""label"": ""Assignment Completion"", ""value"": 77.0, ""contribution"": -0.052, ""direction"": ""decreases_risk""}, {""feature"": ""previous_failures"", ""label"": ""Previous Failures"", ""value"": 0.0, ""contribution"": -0.0328, ""direction"": ""decreases_risk""}]"
ST1452,19,61.7,59.2,50.7,45.6,58.9,7.6,1,17,2,1,1,0.9745,High,"[{""feature"": ""attendance"", ""label"": ""Attendance"", ""value"": 61.7, ""contribution"": 0.12, ""direction"": ""increases_risk""}, {""feature"": ""engagement_score"", ""label"": ""Engagement"", ""value"": 45.6, ""contribution"": 0.1113, ""direction"": ""increases_risk""}, {""feature"": ""avg_grade"", ""label"": ""Average Grade"", ""value"": 59.2, ""contribution"": 0.0878, ""direction"": ""increases_risk""}, {""feature"": ""assignment_completion"", ""label"": ""Assignment Completion"", ""value"": 50.7, ""contribution"": 0.0841, ""direction"": ""increases_risk""}, {""feature"": ""absences"", ""label"": ""Absences"", ""value"": 17.0, ""contribution"": 0.0379, ""direction"": ""increases_risk""}]"
ST1453,16,61.0,37.6,41.2,35.3,49.4,8.0,2,15,4,0,1,0.9935,High,"[{""feature"": ""avg_grade"", ""label"": ""Average Grade"", ""value"": 37.6, ""contribution"": 0.1145, ""direction"": ""increases_risk""}, {""feature"": ""attendance"", ""label"": ""Attendance"", ""value"": 61.0, ""contribution"": 0.1115, ""direction"": ""increases_risk""}, {""feature"": ""engagement_score"", ""label"": ""Engagement"", ""value"": 35.3, ""contribution"": 0.0983, ""direction"": ""increases_risk""}, {""feature"": ""assignment_completion"", ""label"": ""Assignment Completion"", ""value"": 41.2, ""contribution"": 0.0765, ""direction"": ""increases_risk""}, {""feature"": ""participation_score"", ""label"": ""Participation"", ""value"": 49.4, ""contribution"": 0.0426, ""direction"": ""increases_risk""}]"
ST1454,20,64.7,78.0,58.6,69.2,83.6,10.8,0,8,3,1,0,0.263,Low,"[{""feature"": ""avg_grade"", ""label"": ""Average Grade"", ""value"": 78.0, ""contribution"": -0.1275, ""direction"": ""decreases_risk""}, {""feature"": ""engagement_score"", ""label"": ""Engagement"", ""value"": 69.2, ""contribution"": -0.1246, ""direction"": ""decreases_risk""}, {""feature"": ""attendance"", ""label"": ""Attendance"", ""value"": 64.7, ""contribution"": 0.1117, ""direction"": ""increases_risk""}, {""feature"": ""assignment_completion"", ""label"": ""Assignment Completion"", ""value"": 58.6, ""contribution"": 0.1069, ""direction"": ""increases_risk""}, {""feature"": ""participation_score"", ""label"": ""Participation"", ""value"": 83.6, ""contribution"": -0.0718, ""direction"": ""decreases_risk""}]"
ST1455,20,75.4,76.9,78.0,81.0,75.9,15.0,0,8,4,0,0,0.0231,Low,"[{""feature"": ""attendance"", ""label"": ""Attendance"", ""value"": 75.4, ""contribution"": -0.101, ""direction"": ""decreases_risk""}, {""feature"": ""engagement_score"", ""label"": ""Engagement"", ""value"": 81.0, ""contribution"": -0.0984, ""direction"": ""decreases_risk""}, {""feature"": ""avg_grade"", ""label"": ""Average Grade"", ""value"": 76.9, ""contribution"": -0.0929, ""direction"": ""decreases_risk""}, {""feature"": ""participation_score"", ""label"": ""Participation"", ""value"": 75.9, ""contribution"": -0.0489, ""direction"": ""decreases_risk""}, {""feature"": ""assignment_completion"", ""label"": ""Assignment Completion"", ""value"": 78.0, ""contribution"": -0.0456, ""direction"": ""decreases_risk""}]"
ST1456,17,83.5,65.9,62.0,53.0,56.7,10.1,1,15,3,1,0,0.4291,Medium,"[{""feature"": ""attendance"", ""label"": ""Attendance"", ""value"": 83.5, ""contribution"": -0.2058, ""direction"": ""decreases_risk""}, {""feature"": ""engagement_score"", ""label"": ""Engagement"", ""value"": 53.0, ""contribution"": 0.0786, ""direction"": ""increases_risk""}, {""feature"": ""avg_grade"", ""label"": ""Average Grade"", ""value"": 65.9, ""contribution"": -0.0709, ""direction"": ""decreases_risk""}, {""feature"": ""assignment_completion"", ""label"": ""Assignment Completion"", ""value"": 62.0, ""contribution"": 0.0648, ""direction"": ""increases_risk""}, {""feature"": ""participation_score"", ""label"": ""Participation"", ""value"": 56.7, ""contribution"": 0.0451, ""direction"": ""increases_risk""}]"
ST1457,21,79.2,70.4,91.3,77.1,70.3,13.9,1,7,1,0,0,0.0555,Low,"[{""feature"": ""attendance"", ""label"": ""Attendance"", ""value"": 79.2, ""contribution"": -0.1091, ""direction"": ""decreases_risk""}, {""feature"": ""engagement_score"", ""label"": ""Engagement"", ""value"": 77.1, ""contribution"": -0.1027, ""direction"": ""decreases_risk""}, {""feature"": ""assignment_completion"", ""label"": ""Assignment Completion"", ""value"": 91.3, ""contribution"": -0.0734, ""direction"": ""decreases_risk""}, {""feature"": ""avg_grade"", ""label"": ""Average Grade"", ""value"": 70.4, ""contribution"": -0.0712, ""direction"": ""decreases_risk""}, {""feature"": ""absences"", ""label"": ""Absences"", ""value"": 7.0, ""contribution"": -0.0377, ""direction"": ""decreases_risk""}]"
ST1458,22,68.6,74.8,66.2,50.5,54.7,11.1,0,9,4,1,0,0.4305,Medium,"[{""feature"": ""avg_grade"", ""label"": ""Average Grade"", ""value"": 74.8, ""contribution"": -0.1591, ""direction"": ""decreases_risk""}, {""feature"": ""engagement_score"", ""label"": ""Engagement"", ""value"": 50.5, ""contribution"": 0.1205, ""direction"": ""increases_risk""}, {""feature"": ""previous_failures"", ""label"": ""Previous Failures"", ""value"": 0.0, ""contribution"": -0.0746, ""direction"": ""decreases_risk""}, {""feature"": ""attendance"", ""label"": ""Attendance"", ""value"": 68.6, ""contribution"": 0.0619, ""direction"": ""increases_risk""}, {""feature"": ""absences"", ""label"": ""Absences"", ""value"": 9.0, ""contribution"": -0.0514, ""direction"": ""decreases_risk""}]"
ST1459,16,59.9,48.3,30.2,60.1,60.3,6.3,1,11,3,1,1,0.8911,High,"[{""feature"": ""avg_grade"", ""label"": ""Average Grade"", ""value"": 48.3, ""contribution"": 0.1311, ""direction"": ""increases_risk""}, {""feature"": ""attendance"", ""label"": ""Attendance"", ""value"": 59.9, ""contribution"": 0.1205, ""direction"": ""increases_risk""}, {""feature"": ""assignment_completion"", ""label"": ""Assignment Completion"", ""value"": 30.2, ""contribution"": 0.0964, ""direction"": ""increases_risk""}, {""feature"": ""engagement_score"", ""label"": ""Engagement"", ""value"": 60.1, ""contribution"": 0.037, ""direction"": ""increases_risk""}, {""feature"": ""absences"", ""label"": ""Absences"", ""value"": 11.0, ""contribution"": 0.0222, ""direction"": ""increases_risk""}]"
ST1460,21,87.2,83.1,79.8,72.9,66.8,15.2,0,10,3,0,0,0.057,Low,"[{""feature"": ""avg_grade"", ""label"": ""Average Grade"", ""value"": 83.1, ""contribution"": -0.1268, ""direction"": ""decreases_risk""}, {""feature"": ""attendance"", ""label"": ""Attendance"", ""value"": 87.2, ""contribution"": -0.1193, ""direction"": ""decreases_risk""}, {""feature"": ""engagement_score"", ""label"": ""Engagement"", ""value"": 72.9, ""contribution"": -0.0628, ""direction"": ""decreases_risk""}, {""feature"": ""assignment_completion"", ""label"": ""Assignment Completion"", ""value"": 79.8, ""contribution"": -0.0591, ""direction"": ""decreases_risk""}, {""feature"": ""previous_failures"", ""label"": ""Previous Failures"", ""value"": 0.0, ""contribution"": -0.0306, ""direction"": ""decreases_risk""}]"
ST1461,17,55.4,53.4,58.7,54.1,68.8,9.6,3,18,2,1,1,0.9468,High,"[{""feature"": ""avg_grade"", ""label"": ""Average Grade"", ""value"": 53.4, ""contribution"": 0.1248, ""direction"": ""increases_risk""}, {""feature"": ""attendance"", ""label"": ""Attendance"", ""value"": 55.4, ""contribution"": 0.115, ""direction"": ""increases_risk""}, {""feature"": ""assignment_completion"", ""label"": ""Assignment Completion"", ""value"": 58.7, ""contribution"": 0.0856, ""direction"": ""increases_risk""}, {""feature"": ""engagement_score"", ""label"": ""Engagement"", ""value"": 54.1, ""contribution"": 0.083, ""direction"": ""increases_risk""}, {""feature"": ""previous_failures"", ""label"": ""Previous Failures"", ""value"": 3.0, ""contribution"": 0.034, ""direction"": ""increases_risk""}]"
ST1462,21,63.1,74.3,60.8,44.4,44.3,9.5,2,17,5,0,1,0.881,High,"[{""feature"": ""attendance"", ""label"": ""Attendance"", ""value"": 63.1, ""contribution"": 0.1573, ""direction"": ""increases_risk""}, {""feature"": ""engagement_score"", ""label"": ""Engagement"", ""value"": 44.4, ""contribution"": 0.141, ""direction"": ""increases_risk""}, {""feature"": ""avg_grade"", ""label"": ""Average Grade"", ""value"": 74.3, ""contribution"": -0.1097, ""direction"": ""decreases_risk""}, {""feature"": ""assignment_completion"", ""label"": ""Assignment Completion"", ""value"": 60.8, ""contribution"": 0.0852, ""direction"": ""increases_risk""}, {""feature"": ""participation_score"", ""label"": ""Participation"", ""value"": 44.3, ""contribution"": 0.0598, ""direction"": ""increases_risk""}]"
ST1463,19,100.0,100.0,100.0,83.2,82.8,12.8,0,1,4,1,0,0.0005,Low,"[{""feature"": ""attendance"", ""label"": ""Attendance"", ""value"": 100.0, ""contribution"": -0.1123, ""direction"": ""decreases_risk""}, {""feature"": ""avg_grade"", ""label"": ""Average Grade"", ""value"": 100.0, ""contribution"": -0.1021, ""direction"": ""decreases_risk""}, {""feature"": ""engagement_score"", ""label"": ""Engagement"", ""value"": 83.2, ""contribution"": -0.097, ""direction"": ""decreases_risk""}, {""feature"": ""assignment_completion"", ""label"": ""Assignment Completion"", ""value"": 100.0, ""contribution"": -0.0742, ""direction"": ""decreases_risk""}, {""feature"": ""participation_score"", ""label"": ""Participation"", ""value"": 82.8, ""contribution"": -0.0416, ""direction"": ""decreases_risk""}]"
ST1464,16,53.2,53.1,54.3,48.8,67.0,4.6,1,20,1,0,1,0.9647,High,"[{""feature"": ""avg_grade"", ""label"": ""Average Grade"", ""value"": 53.1, ""contribution"": 0.1232, ""direction"": ""increases_risk""}, {""feature"": ""attendance"", ""label"": ""Attendance"", ""value"": 53.2, ""contribution"": 0.1218, ""direction"": ""increases_risk""}, {""feature"": ""engagement_score"", ""label"": ""Engagement"", ""value"": 48.8, ""contribution"": 0.12, ""direction"": ""increases_risk""}, {""feature"": ""assignment_completion"", ""label"": ""Assignment Completion"", ""value"": 54.3, ""contribution"": 0.089, ""direction"": ""increases_risk""}, {""feature"": ""absences"", ""label"": ""Absences"", ""value"": 20.0, ""contribution"": 0.0357, ""direction"": ""increases_risk""}]"
ST1465,23,52.9,57.6,73.3,56.6,34.5,10.1,1,14,1,1,1,0.8598,High,"[{""feature"": ""attendance"", ""label"": ""Attendance"", ""value"": 52.9, ""contribution"": 0.1317, ""direction"": ""increases_risk""}, {""feature"": ""avg_grade"", ""label"": ""Average Grade"", ""value"": 57.6, ""contribution"": 0.0977, ""direction"": ""increases_risk""}, {""feature"": ""participation_score"", ""label"": ""Participation"", ""value"": 34.5, ""contribution"": 0.0558, ""direction"": ""increases_risk""}, {""feature"": ""engagement_score"", ""label"": ""Engagement"", ""value"": 56.6, ""contribution"": 0.0515, ""direction"": ""increases_risk""}, {""feature"": ""absences"", ""label"": ""Absences"", ""value"": 14.0, ""contribution"": 0.0443, ""direction"": ""increases_risk""}]"
ST1466,17,84.6,68.4,79.6,72.7,88.8,16.0,0,6,1,1,0,0.0519,Low,"[{""feature"": ""attendance"", ""label"": ""Attendance"", ""value"": 84.6, ""contribution"": -0.1169, ""direction"": ""decreases_risk""}, {""feature"": ""avg_grade"", ""label"": ""Average Grade"", ""value"": 68.4, ""contribution"": -0.0665, ""direction"": ""decreases_risk""}, {""feature"": ""engagement_score"", ""label"": ""Engagement"", ""value"": 72.7, ""contribution"": -0.0664, ""direction"": ""decreases_risk""}, {""feature"": ""assignment_completion"", ""label"": ""Assignment Completion"", ""value"": 79.6, ""contribution"": -0.0584, ""direction"": ""decreases_risk""}, {""feature"": ""participation_score"", ""label"": ""Participation"", ""value"": 88.8, ""contribution"": -0.0523, ""direction"": ""decreases_risk""}]"
ST1467,20,96.2,95.8,94.6,99.7,74.0,15.9,1,2,1,1,0,0.007,Low,"[{""feature"": ""attendance"", ""label"": ""Attendance"", ""value"": 96.2, ""contribution"": -0.1156, ""direction"": ""decreases_risk""}, {""feature"": ""avg_grade"", ""label"": ""Average Grade"", ""value"": 95.8, ""contribution"": -0.1097, ""direction"": ""decreases_risk""}, {""feature"": ""engagement_score"", ""label"": ""Engagement"", ""value"": 99.7, ""contribution"": -0.0939, ""direction"": ""decreases_risk""}, {""feature"": ""assignment_completion"", ""label"": ""Assignment Completion"", ""value"": 94.6, ""contribution"": -0.0823, ""direction"": ""decreases_risk""}, {""feature"": ""participation_score"", ""label"": ""Participation"", ""value"": 74.0, ""contribution"": -0.0415, ""direction"": ""decreases_risk""}]"
ST1468,17,87.9,84.6,86.5,93.2,81.6,14.6,0,8,4,0,0,0.0055,Low,"[{""feature"": ""attendance"", ""label"": ""Attendance"", ""value"": 87.9, ""contribution"": -0.1092, ""direction"": ""decreases_risk""}, {""feature"": ""avg_grade"", ""label"": ""Average Grade"", ""value"": 84.6, ""contribution"": -0.1053, ""direction"": ""decreases_risk""}, {""feature"": ""engagement_score"", ""label"": ""Engagement"", ""value"": 93.2, ""contribution"": -0.0927, ""direction"": ""decreases_risk""}, {""feature"": ""assignment_completion"", ""label"": ""Assignment Completion"", ""value"": 86.5, ""contribution"": -0.0704, ""direction"": ""decreases_risk""}, {""feature"": ""participation_score"", ""label"": ""Participation"", ""value"": 81.6, ""contribution"": -0.0461, ""direction"": ""decreases_risk""}]"
ST1469,23,73.4,76.5,86.6,89.2,81.8,15.1,0,10,4,0,0,0.0369,Low,"[{""feature"": ""engagement_score"", ""label"": ""Engagement"", ""value"": 89.2, ""contribution"": -0.1168, ""direction"": ""decreases_risk""}, {""feature"": ""avg_grade"", ""label"": ""Average Grade"", ""value"": 76.5, ""contribution"": -0.093, ""direction"": ""decreases_risk""}, {""feature"": ""attendance"", ""label"": ""Attendance"", ""value"": 73.4, ""contribution"": -0.0726, ""direction"": ""decreases_risk""}, {""feature"": ""assignment_completion"", ""label"": ""Assignment Completion"", ""value"": 86.6, ""contribution"": -0.0723, ""direction"": ""decreases_risk""}, {""feature"": ""participation_score"", ""label"": ""Participation"", ""value"": 81.8, ""contribution"": -0.0565, ""direction"": ""decreases_risk""}]"
ST1470,21,61.5,68.7,60.9,74.9,68.4,6.1,1,12,3,0,0,0.3214,Medium,"[{""feature"": ""engagement_score"", ""label"": ""Engagement"", ""value"": 74.9, ""contribution"": -0.1767, ""direction"": ""decreases_risk""}, {""feature"": ""attendance"", ""label"": ""Attendance"", ""value"": 61.5, ""contribution"": 0.1161, ""direction"": ""increases_risk""}, {""feature"": ""avg_grade"", ""label"": ""Average Grade"", ""value"": 68.7, ""contribution"": -0.1099, ""direction"": ""decreases_risk""}, {""feature"": ""assignment_completion"", ""label"": ""Assignment Completion"", ""value"": 60.9, ""contribution"": 0.0798, ""direction"": ""increases_risk""}, {""feature"": ""participation_score"", ""label"": ""Participation"", ""value"": 68.4, ""contribution"": -0.0596, ""direction"": ""decreases_risk""}]"
ST1471,22,94.7,85.5,99.4,93.3,84.4,20.2,0,2,3,1,0,0.0031,Low,"[{""feature"": ""attendance"", ""label"": ""Attendance"", ""value"": 94.7, ""contribution"": -0.1108, ""direction"": ""decreases_risk""}, {""feature"": ""avg_grade"", ""label"": ""Average Grade"", ""value"": 85.5, ""contribution"": -0.1062, ""direction"": ""decreases_risk""}, {""feature"": ""engagement_score"", ""label"": ""Engagement"", ""value"": 93.3, ""contribution"": -0.0953, ""direction"": ""decreases_risk""}, {""feature"": ""assignment_completion"", ""label"": ""Assignment Completion"", ""value"": 99.4, ""contribution"": -0.0717, ""direction"": ""decreases_risk""}, {""feature"": ""participation_score"", ""label"": ""Participation"", ""value"": 84.4, ""contribution"": -0.04, ""direction"": ""decreases_risk""}]"
ST1472,19,80.6,65.1,71.6,61.5,72.8,10.6,1,2,5,1,1,0.4254,Medium,"[{""feature"": ""attendance"", ""label"": ""Attendance"", ""value"": 80.6, ""contribution"": -0.1306, ""direction"": ""decreases_risk""}, {""feature"": ""assignment_completion"", ""label"": ""Assignment Completion"", ""value"": 71.6, ""contribution"": 0.0522, ""direction"": ""increases_risk""}, {""feature"": ""engagement_score"", ""label"": ""Engagement"", ""value"": 61.5, ""contribution"": 0.0429, ""direction"": ""increases_risk""}, {""feature"": ""participation_score"", ""label"": ""Participation"", ""value"": 72.8, ""contribution"": -0.0276, ""direction"": ""decreases_risk""}, {""feature"": ""absences"", ""label"": ""Absences"", ""value"": 2.0, ""contribution"": -0.0235, ""direction"": ""decreases_risk""}]"
ST1473,19,91.0,81.2,91.8,100.0,91.1,15.6,0,0,5,1,0,0.004,Low,"[{""feature"": ""attendance"", ""label"": ""Attendance"", ""value"": 91.0, ""contribution"": -0.1075, ""direction"": ""decreases_risk""}, {""feature"": ""avg_grade"", ""label"": ""Average Grade"", ""value"": 81.2, ""contribution"": -0.1053, ""direction"": ""decreases_risk""}, {""feature"": ""engagement_score"", ""label"": ""Engagement"", ""value"": 100.0, ""contribution"": -0.0954, ""direction"": ""decreases_risk""}, {""feature"": ""assignment_completion"", ""label"": ""Assignment Completion"", ""value"": 91.8, ""contribution"": -0.0713, ""direction"": ""decreases_risk""}, {""feature"": ""participation_score"", ""label"": ""Participation"", ""value"": 91.1, ""contribution"": -0.0406, ""direction"": ""decreases_risk""}]"
ST1474,21,80.9,81.3,93.6,85.1,90.2,12.4,0,9,3,1,0,0.0021,Low,"[{""feature"": ""avg_grade"", ""label"": ""Average Grade"", ""value"": 81.3, ""contribution"": -0.1077, ""direction"": ""decreases_risk""}, {""feature"": ""engagement_score"", ""label"": ""Engagement"", ""value"": 85.1, ""contribution"": -0.1023, ""direction"": ""decreases_risk""}, {""feature"": ""attendance"", ""label"": ""Attendance"", ""value"": 80.9, ""contribution"": -0.1016, ""direction"": ""decreases_risk""}, {""feature"": ""assignment_completion"", ""label"": ""Assignment Completion"", ""value"": 93.6, ""contribution"": -0.0677, ""direction"": ""decreases_risk""}, {""feature"": ""participation_score"", ""label"": ""Participation"", ""value"": 90.2, ""contribution"": -0.0471, ""direction"": ""decreases_risk""}]"
ST1475,22,82.1,86.4,83.4,76.1,72.2,9.9,3,5,3,0,0,0.041,Low,"[{""feature"": ""avg_grade"", ""label"": ""Average Grade"", ""value"": 86.4, ""contribution"": -0.1269, ""direction"": ""decreases_risk""}, {""feature"": ""attendance"", ""label"": ""Attendance"", ""value"": 82.1, ""contribution"": -0.1197, ""direction"": ""decreases_risk""}, {""feature"": ""engagement_score"", ""label"": ""Engagement"", ""value"": 76.1, ""contribution"": -0.0815, ""direction"": ""decreases_risk""}, {""feature"": ""assignment_completion"", ""label"": ""Assignment Completion"", ""value"": 83.4, ""contribution"": -0.0804, ""direction"": ""decreases_risk""}, {""feature"": ""participation_score"", ""label"": ""Participation"", ""value"": 72.2, ""contribution"": -0.0429, ""direction"": ""decreases_risk""}]"
ST1476,22,30.0,31.4,29.2,9.8,55.4,4.9,6,24,3,1,1,0.9968,High,"[{""feature"": ""avg_grade"", ""label"": ""Average Grade"", ""value"": 31.4, ""contribution"": 0.1158, ""direction"": ""increases_risk""}, {""feature"": ""attendance"", ""label"": ""Attendance"", ""value"": 30.0, ""contribution"": 0.1144, ""direction"": ""increases_risk""}, {""feature"": ""engagement_score"", ""label"": ""Engagement"", ""value"": 9.8, ""contribution"": 0.0995, ""direction"": ""increases_risk""}, {""feature"": ""assignment_completion"", ""label"": ""Assignment Completion"", ""value"": 29.2, ""contribution"": 0.0743, ""direction"": ""increases_risk""}, {""feature"": ""absences"", ""label"": ""Absences"", ""value"": 24.0, ""contribution"": 0.0344, ""direction"": ""increases_risk""}]"
ST1477,16,100.0,100.0,100.0,87.8,97.2,17.6,1,2,5,1,0,0.0079,Low,"[{""feature"": ""avg_grade"", ""label"": ""Average Grade"", ""value"": 100.0, ""contribution"": -0.1098, ""direction"": ""decreases_risk""}, {""feature"": ""attendance"", ""label"": ""Attendance"", ""value"": 100.0, ""contribution"": -0.1075, ""direction"": ""decreases_risk""}, {""feature"": ""engagement_score"", ""label"": ""Engagement"", ""value"": 87.8, ""contribution"": -0.0985, ""direction"": ""decreases_risk""}, {""feature"": ""assignment_completion"", ""label"": ""Assignment Completion"", ""value"": 100.0, ""contribution"": -0.0784, ""direction"": ""decreases_risk""}, {""feature"": ""participation_score"", ""label"": ""Participation"", ""value"": 97.2, ""contribution"": -0.0409, ""direction"": ""decreases_risk""}]"
ST1478,21,40.9,36.1,49.7,38.6,27.5,5.8,4,25,4,1,1,0.9994,High,"[{""feature"": ""avg_grade"", ""label"": ""Average Grade"", ""value"": 36.1, ""contribution"": 0.1144, ""direction"": ""increases_risk""}, {""feature"": ""attendance"", ""label"": ""Attendance"", ""value"": 40.9, ""contribution"": 0.1118, ""direction"": ""increases_risk""}, {""feature"": ""engagement_score"", ""label"": ""Engagement"", ""value"": 38.6, ""contribution"": 0.0952, ""direction"": ""increases_risk""}, {""feature"": ""assignment_completion"", ""label"": ""Assignment Completion"", ""value"": 49.7, ""contribution"": 0.0775, ""direction"": ""increases_risk""}, {""feature"": ""participation_score"", ""label"": ""Participation"", ""value"": 27.5, ""contribution"": 0.0433, ""direction"": ""increases_risk""}]"
ST1479,16,78.3,71.5,69.1,75.2,94.6,13.0,1,9,2,1,0,0.115,Low,"[{""feature"": ""attendance"", ""label"": ""Attendance"", ""value"": 78.3, ""contribution"": -0.1216, ""direction"": ""decreases_risk""}, {""feature"": ""avg_grade"", ""label"": ""Average Grade"", ""value"": 71.5, ""contribution"": -0.1023, ""direction"": ""decreases_risk""}, {""feature"": ""engagement_score"", ""label"": ""Engagement"", ""value"": 75.2, ""contribution"": -0.0846, ""direction"": ""decreases_risk""}, {""feature"": ""participation_score"", ""label"": ""Participation"", ""value"": 94.6, ""contribution"": -0.0619, ""direction"": ""decreases_risk""}, {""feature"": ""assignment_completion"", ""label"": ""Assignment Completion"", ""value"": 69.1, ""contribution"": 0.0566, ""direction"": ""increases_risk""}]"
ST1480,18,72.8,57.1,73.5,61.3,55.9,7.9,2,15,5,1,0,0.5254,Medium,"[{""feature"": ""attendance"", ""label"": ""Attendance"", ""value"": 72.8, ""contribution"": -0.1115, ""direction"": ""decreases_risk""}, {""feature"": ""avg_grade"", ""label"": ""Average Grade"", ""value"": 57.1, ""contribution"": 0.1056, ""direction"": ""increases_risk""}, {""feature"": ""absences"", ""label"": ""Absences"", ""value"": 15.0, ""contribution"": 0.0541, ""direction"": ""increases_risk""}, {""feature"": ""participation_score"", ""label"": ""Participation"", ""value"": 55.9, ""contribution"": 0.0329, ""direction"": ""increases_risk""}, {""feature"": ""assignment_completion"", ""label"": ""Assignment Completion"", ""value"": 73.5, ""contribution"": -0.0229, ""direction"": ""decreases_risk""}]"
ST1481,22,85.6,69.4,73.5,79.1,82.8,12.0,1,7,2,1,0,0.0844,Low,"[{""feature"": ""attendance"", ""label"": ""Attendance"", ""value"": 85.6, ""contribution"": -0.1361, ""direction"": ""decreases_risk""}, {""feature"": ""engagement_score"", ""label"": ""Engagement"", ""value"": 79.1, ""contribution"": -0.0955, ""direction"": ""decreases_risk""}, {""feature"": ""avg_grade"", ""label"": ""Average Grade"", ""value"": 69.4, ""contribution"": -0.0796, ""direction"": ""decreases_risk""}, {""feature"": ""participation_score"", ""label"": ""Participation"", ""value"": 82.8, ""contribution"": -0.0581, ""direction"": ""decreases_risk""}, {""feature"": ""absences"", ""label"": ""Absences"", ""value"": 7.0, ""contribution"": -0.038, ""direction"": ""decreases_risk""}]"
ST1482,18,75.0,70.6,63.3,75.5,62.1,10.8,3,10,4,1,0,0.2528,Low,"[{""feature"": ""avg_grade"", ""label"": ""Average Grade"", ""value"": 70.6, ""contribution"": -0.1225, ""direction"": ""decreases_risk""}, {""feature"": ""engagement_score"", ""label"": ""Engagement"", ""value"": 75.5, ""contribution"": -0.111, ""direction"": ""decreases_risk""}, {""feature"": ""attendance"", ""label"": ""Attendance"", ""value"": 75.0, ""contribution"": -0.1058, ""direction"": ""decreases_risk""}, {""feature"": ""assignment_completion"", ""label"": ""Assignment Completion"", ""value"": 63.3, ""contribution"": 0.0916, ""direction"": ""increases_risk""}, {""feature"": ""previous_failures"", ""label"": ""Previous Failures"", ""value"": 3.0, ""contribution"": 0.0357, ""direction"": ""increases_risk""}]"
ST1483,22,59.4,72.5,62.4,84.7,81.8,8.0,1,15,5,0,1,0.3053,Medium,"[{""feature"": ""engagement_score"", ""label"": ""Engagement"", ""value"": 84.7, ""contribution"": -0.2054, ""direction"": ""decreases_risk""}, {""feature"": ""attendance"", ""label"": ""Attendance"", ""value"": 59.4, ""contribution"": 0.1358, ""direction"": ""increases_risk""}, {""feature"": ""avg_grade"", ""label"": ""Average Grade"", ""value"": 72.5, ""contribution"": -0.1152, ""direction"": ""decreases_risk""}, {""feature"": ""assignment_completion"", ""label"": ""Assignment Completion"", ""value"": 62.4, ""contribution"": 0.0799, ""direction"": ""increases_risk""}, {""feature"": ""participation_score"", ""label"": ""Participation"", ""value"": 81.8, ""contribution"": -0.0781, ""direction"": ""decreases_risk""}]"
ST1484,19,44.8,32.4,48.0,53.4,40.1,6.2,3,15,5,1,1,0.987,High,"[{""feature"": ""avg_grade"", ""label"": ""Average Grade"", ""value"": 32.4, ""contribution"": 0.1227, ""direction"": ""increases_risk""}, {""feature"": ""attendance"", ""label"": ""Attendance"", ""value"": 44.8, ""contribution"": 0.1124, ""direction"": ""increases_risk""}, {""feature"": ""assignment_completion"", ""label"": ""Assignment Completion"", ""value"": 48.0, ""contribution"": 0.0772, ""direction"": ""increases_risk""}, {""feature"": ""engagement_score"", ""label"": ""Engagement"", ""value"": 53.4, ""contribution"": 0.073, ""direction"": ""increases_risk""}, {""feature"": ""participation_score"", ""label"": ""Participation"", ""value"": 40.1, ""contribution"": 0.0475, ""direction"": ""increases_risk""}]"
ST1485,17,87.5,70.2,94.4,67.2,81.3,13.9,1,7,1,0,0,0.1233,Low,"[{""feature"": ""attendance"", ""label"": ""Attendance"", ""value"": 87.5, ""contribution"": -0.1344, ""direction"": ""decreases_risk""}, {""feature"": ""assignment_completion"", ""label"": ""Assignment Completion"", ""value"": 94.4, ""contribution"": -0.0625, ""direction"": ""decreases_risk""}, {""feature"": ""avg_grade"", ""label"": ""Average Grade"", ""value"": 70.2, ""contribution"": -0.0568, ""direction"": ""decreases_risk""}, {""feature"": ""participation_score"", ""label"": ""Participation"", ""value"": 81.3, ""contribution"": -0.0557, ""direction"": ""decreases_risk""}, {""feature"": ""absences"", ""label"": ""Absences"", ""value"": 7.0, ""contribution"": -0.039, ""direction"": ""decreases_risk""}]"
ST1486,18,55.9,39.5,51.6,52.3,49.4,7.3,4,8,2,1,1,0.9752,High,"[{""feature"": ""avg_grade"", ""label"": ""Average Grade"", ""value"": 39.5, ""contribution"": 0.1307, ""direction"": ""increases_risk""}, {""feature"": ""attendance"", ""label"": ""Attendance"", ""value"": 55.9, ""contribution"": 0.1165, ""direction"": ""increases_risk""}, {""feature"": ""engagement_score"", ""label"": ""Engagement"", ""value"": 52.3, ""contribution"": 0.0913, ""direction"": ""increases_risk""}, {""feature"": ""assignment_completion"", ""label"": ""Assignment Completion"", ""value"": 51.6, ""contribution"": 0.0885, ""direction"": ""increases_risk""}, {""feature"": ""participation_score"", ""label"": ""Participation"", ""value"": 49.4, ""contribution"": 0.042, ""direction"": ""increases_risk""}]"
ST1487,20,93.9,88.6,100.0,76.5,94.4,15.0,0,0,4,1,0,0.0073,Low,"[{""feature"": ""attendance"", ""label"": ""Attendance"", ""value"": 93.9, ""contribution"": -0.1121, ""direction"": ""decreases_risk""}, {""feature"": ""avg_grade"", ""label"": ""Average Grade"", ""value"": 88.6, ""contribution"": -0.1094, ""direction"": ""decreases_risk""}, {""feature"": ""engagement_score"", ""label"": ""Engagement"", ""value"": 76.5, ""contribution"": -0.0793, ""direction"": ""decreases_risk""}, {""feature"": ""assignment_completion"", ""label"": ""Assignment Completion"", ""value"": 100.0, ""contribution"": -0.0725, ""direction"": ""decreases_risk""}, {""feature"": ""participation_score"", ""label"": ""Participation"", ""value"": 94.4, ""contribution"": -0.041, ""direction"": ""decreases_risk""}]"
ST1488,22,86.2,90.7,91.4,56.4,73.7,13.0,3,5,1,1,0,0.111,Low,"[{""feature"": ""attendance"", ""label"": ""Attendance"", ""value"": 86.2, ""contribution"": -0.1703, ""direction"": ""decreases_risk""}, {""feature"": ""avg_grade"", ""label"": ""Average Grade"", ""value"": 90.7, ""contribution"": -0.1332, ""direction"": ""decreases_risk""}, {""feature"": ""assignment_completion"", ""label"": ""Assignment Completion"", ""value"": 91.4, ""contribution"": -0.0879, ""direction"": ""decreases_risk""}, {""feature"": ""engagement_score"", ""label"": ""Engagement"", ""value"": 56.4, ""contribution"": 0.0781, ""direction"": ""increases_risk""}, {""feature"": ""participation_score"", ""label"": ""Participation"", ""value"": 73.7, ""contribution"": -0.0482, ""direction"": ""decreases_risk""}]"
ST1489,20,100.0,100.0,100.0,88.1,93.3,20.8,0,0,1,0,0,0.0057,Low,"[{""feature"": ""attendance"", ""label"": ""Attendance"", ""value"": 100.0, ""contribution"": -0.118, ""direction"": ""decreases_risk""}, {""feature"": ""avg_grade"", ""label"": ""Average Grade"", ""value"": 100.0, ""contribution"": -0.1093, ""direction"": ""decreases_risk""}, {""feature"": ""engagement_score"", ""label"": ""Engagement"", ""value"": 88.1, ""contribution"": -0.0962, ""direction"": ""decreases_risk""}, {""feature"": ""assignment_completion"", ""label"": ""Assignment Completion"", ""value"": 100.0, ""contribution"": -0.0739, ""direction"": ""decreases_risk""}, {""feature"": ""participation_score"", ""label"": ""Participation"", ""value"": 93.3, ""contribution"": -0.0407, ""direction"": ""decreases_risk""}]"
ST1490,23,67.9,48.0,79.1,73.1,37.8,6.4,0,10,2,0,1,0.695,High,"[{""feature"": ""avg_grade"", ""label"": ""Average Grade"", ""value"": 48.0, ""contribution"": 0.1773, ""direction"": ""increases_risk""}, {""feature"": ""engagement_score"", ""label"": ""Engagement"", ""value"": 73.1, ""contribution"": -0.1211, ""direction"": ""decreases_risk""}, {""feature"": ""participation_score"", ""label"": ""Participation"", ""value"": 37.8, ""contribution"": 0.0984, ""direction"": ""increases_risk""}, {""feature"": ""attendance"", ""label"": ""Attendance"", ""value"": 67.9, ""contribution"": 0.0933, ""direction"": ""increases_risk""}, {""feature"": ""assignment_completion"", ""label"": ""Assignment Completion"", ""value"": 79.1, ""contribution"": -0.0528, ""direction"": ""decreases_risk""}]"
ST1491,22,35.4,53.9,68.3,48.2,46.8,4.5,2,28,3,0,1,0.9396,High,"[{""feature"": ""attendance"", ""label"": ""Attendance"", ""value"": 35.4, ""contribution"": 0.1255, ""direction"": ""increases_risk""}, {""feature"": ""engagement_score"", ""label"": ""Engagement"", ""value"": 48.2, ""contribution"": 0.098, ""direction"": ""increases_risk""}, {""feature"": ""avg_grade"", ""label"": ""Average Grade"", ""value"": 53.9, ""contribution"": 0.0766, ""direction"": ""increases_risk""}, {""feature"": ""participation_score"", ""label"": ""Participation"", ""value"": 46.8, ""contribution"": 0.0491, ""direction"": ""increases_risk""}, {""feature"": ""absences"", ""label"": ""Absences"", ""value"": 28.0, ""contribution"": 0.0371, ""direction"": ""increases_risk""}]"
ST1492,22,75.3,80.3,72.7,92.3,73.6,14.3,0,12,1,1,0,0.1107,Low,"[{""feature"": ""avg_grade"", ""label"": ""Average Grade"", ""value"": 80.3, ""contribution"": -0.1215, ""direction"": ""decreases_risk""}, {""feature"": ""attendance"", ""label"": ""Attendance"", ""value"": 75.3, ""contribution"": -0.1179, ""direction"": ""decreases_risk""}, {""feature"": ""engagement_score"", ""label"": ""Engagement"", ""value"": 92.3, ""contribution"": -0.1084, ""direction"": ""decreases_risk""}, {""feature"": ""participation_score"", ""label"": ""Participation"", ""value"": 73.6, ""contribution"": -0.0528, ""direction"": ""decreases_risk""}, {""feature"": ""previous_failures"", ""label"": ""Previous Failures"", ""value"": 0.0, ""contribution"": -0.0377, ""direction"": ""decreases_risk""}]"
ST1493,20,85.3,63.9,58.8,74.3,73.2,14.3,1,3,1,0,1,0.5385,Medium,"[{""feature"": ""assignment_completion"", ""label"": ""Assignment Completion"", ""value"": 58.8, ""contribution"": 0.1857, ""direction"": ""increases_risk""}, {""feature"": ""attendance"", ""label"": ""Attendance"", ""value"": 85.3, ""contribution"": -0.1181, ""direction"": ""decreases_risk""}, {""feature"": ""engagement_score"", ""label"": ""Engagement"", ""value"": 74.3, ""contribution"": -0.0462, ""direction"": ""decreases_risk""}, {""feature"": ""avg_grade"", ""label"": ""Average Grade"", ""value"": 63.9, ""contribution"": 0.0375, ""direction"": ""increases_risk""}, {""feature"": ""participation_score"", ""label"": ""Participation"", ""value"": 73.2, ""contribution"": -0.0213, ""direction"": ""decreases_risk""}]"
ST1494,18,88.2,88.9,94.3,100.0,94.2,18.4,0,3,2,1,0,0.001,Low,"[{""feature"": ""attendance"", ""label"": ""Attendance"", ""value"": 88.2, ""contribution"": -0.1113, ""direction"": ""decreases_risk""}, {""feature"": ""avg_grade"", ""label"": ""Average Grade"", ""value"": 88.9, ""contribution"": -0.111, ""direction"": ""decreases_risk""}, {""feature"": ""engagement_score"", ""label"": ""Engagement"", ""value"": 100.0, ""contribution"": -0.0941, ""direction"": ""decreases_risk""}, {""feature"": ""assignment_completion"", ""label"": ""Assignment Completion"", ""value"": 94.3, ""contribution"": -0.0709, ""direction"": ""decreases_risk""}, {""feature"": ""participation_score"", ""label"": ""Participation"", ""value"": 94.2, ""contribution"": -0.04, ""direction"": ""decreases_risk""}]"
ST1495,19,87.8,85.9,91.0,77.1,67.2,21.3,1,0,3,0,0,0.075,Low,"[{""feature"": ""avg_grade"", ""label"": ""Average Grade"", ""value"": 85.9, ""contribution"": -0.1243, ""direction"": ""decreases_risk""}, {""feature"": ""attendance"", ""label"": ""Attendance"", ""value"": 87.8, ""contribution"": -0.0986, ""direction"": ""decreases_risk""}, {""feature"": ""assignment_completion"", ""label"": ""Assignment Completion"", ""value"": 91.0, ""contribution"": -0.0832, ""direction"": ""decreases_risk""}, {""feature"": ""engagement_score"", ""label"": ""Engagement"", ""value"": 77.1, ""contribution"": -0.0767, ""direction"": ""decreases_risk""}, {""feature"": ""absences"", ""label"": ""Absences"", ""value"": 0.0, ""contribution"": -0.0193, ""direction"": ""decreases_risk""}]"
ST1496,16,100.0,100.0,100.0,100.0,90.8,21.0,0,2,3,1,0,0.0015,Low,"[{""feature"": ""attendance"", ""label"": ""Attendance"", ""value"": 100.0, ""contribution"": -0.1101, ""direction"": ""decreases_risk""}, {""feature"": ""avg_grade"", ""label"": ""Average Grade"", ""value"": 100.0, ""contribution"": -0.1081, ""direction"": ""decreases_risk""}, {""feature"": ""engagement_score"", ""label"": ""Engagement"", ""value"": 100.0, ""contribution"": -0.0939, ""direction"": ""decreases_risk""}, {""feature"": ""assignment_completion"", ""label"": ""Assignment Completion"", ""value"": 100.0, ""contribution"": -0.0713, ""direction"": ""decreases_risk""}, {""feature"": ""participation_score"", ""label"": ""Participation"", ""value"": 90.8, ""contribution"": -0.0396, ""direction"": ""decreases_risk""}]"
ST1497,18,95.6,78.8,100.0,73.4,93.8,19.5,0,1,4,1,0,0.0492,Low,"[{""feature"": ""attendance"", ""label"": ""Attendance"", ""value"": 95.6, ""contribution"": -0.1084, ""direction"": ""decreases_risk""}, {""feature"": ""avg_grade"", ""label"": ""Average Grade"", ""value"": 78.8, ""contribution"": -0.0938, ""direction"": ""decreases_risk""}, {""feature"": ""assignment_completion"", ""label"": ""Assignment Completion"", ""value"": 100.0, ""contribution"": -0.0742, ""direction"": ""decreases_risk""}, {""feature"": ""engagement_score"", ""label"": ""Engagement"", ""value"": 73.4, ""contribution"": -0.0642, ""direction"": ""decreases_risk""}, {""feature"": ""participation_score"", ""label"": ""Participation"", ""value"": 93.8, ""contribution"": -0.0454, ""direction"": ""decreases_risk""}]"
ST1498,23,46.3,68.5,83.5,76.9,39.8,10.1,1,13,5,1,0,0.2874,Low,"[{""feature"": ""engagement_score"", ""label"": ""Engagement"", ""value"": 76.9, ""contribution"": -0.1899, ""direction"": ""decreases_risk""}, {""feature"": ""attendance"", ""label"": ""Attendance"", ""value"": 46.3, ""contribution"": 0.1259, ""direction"": ""increases_risk""}, {""feature"": ""avg_grade"", ""label"": ""Average Grade"", ""value"": 68.5, ""contribution"": -0.1105, ""direction"": ""decreases_risk""}, {""feature"": ""assignment_completion"", ""label"": ""Assignment Completion"", ""value"": 83.5, ""contribution"": -0.0986, ""direction"": ""decreases_risk""}, {""feature"": ""participation_score"", ""label"": ""Participation"", ""value"": 39.8, ""contribution"": 0.0809, ""direction"": ""increases_risk""}]"
ST1499,19,42.8,28.5,57.0,38.2,56.0,3.1,1,20,1,1,1,0.9927,High,"[{""feature"": ""attendance"", ""label"": ""Attendance"", ""value"": 42.8, ""contribution"": 0.1167, ""direction"": ""increases_risk""}, {""feature"": ""avg_grade"", ""label"": ""Average Grade"", ""value"": 28.5, ""contribution"": 0.1132, ""direction"": ""increases_risk""}, {""feature"": ""engagement_score"", ""label"": ""Engagement"", ""value"": 38.2, ""contribution"": 0.107, ""direction"": ""increases_risk""}, {""feature"": ""assignment_completion"", ""label"": ""Assignment Completion"", ""value"": 57.0, ""contribution"": 0.0791, ""direction"": ""increases_risk""}, {""feature"": ""absences"", ""label"": ""Absences"", ""value"": 20.0, ""contribution"": 0.0367, ""direction"": ""increases_risk""}]"
ST1500,16,44.4,20.2,39.1,10.6,25.0,0.0,5,21,4,0,1,0.9994,High,"[{""feature"": ""avg_grade"", ""label"": ""Average Grade"", ""value"": 20.2, ""contribution"": 0.1135, ""direction"": ""increases_risk""}, {""feature"": ""attendance"", ""label"": ""Attendance"", ""value"": 44.4, ""contribution"": 0.1121, ""direction"": ""increases_risk""}, {""feature"": ""engagement_score"", ""label"": ""Engagement"", ""value"": 10.6, ""contribution"": 0.0948, ""direction"": ""increases_risk""}, {""feature"": ""assignment_completion"", ""label"": ""Assignment Completion"", ""value"": 39.1, ""contribution"": 0.075, ""direction"": ""increases_risk""}, {""feature"": ""participation_score"", ""label"": ""Participation"", ""value"": 25.0, ""contribution"": 0.0425, ""direction"": ""increases_risk""}]"
ST1501,21,83.6,91.3,80.5,94.7,66.2,16.8,3,9,1,1,0,0.0487,Low,"[{""feature"": ""avg_grade"", ""label"": ""Average Grade"", ""value"": 91.3, ""contribution"": -0.1282, ""direction"": ""decreases_risk""}, {""feature"": ""attendance"", ""label"": ""Attendance"", ""value"": 83.6, ""contribution"": -0.1189, ""direction"": ""decreases_risk""}, {""feature"": ""engagement_score"", ""label"": ""Engagement"", ""value"": 94.7, ""contribution"": -0.1045, ""direction"": ""decreases_risk""}, {""feature"": ""assignment_completion"", ""label"": ""Assignment Completion"", ""value"": 80.5, ""contribution"": -0.0651, ""direction"": ""decreases_risk""}, {""feature"": ""absences"", ""label"": ""Absences"", ""value"": 9.0, ""contribution"": -0.0335, ""direction"": ""decreases_risk""}]"
ST1502,23,34.3,42.6,38.8,54.2,51.6,6.8,4,23,2,0,1,0.9888,High,"[{""feature"": ""attendance"", ""label"": ""Attendance"", ""value"": 34.3, ""contribution"": 0.1156, ""direction"": ""increases_risk""}, {""feature"": ""avg_grade"", ""label"": ""Average Grade"", ""value"": 42.6, ""contribution"": 0.1143, ""direction"": ""increases_risk""}, {""feature"": ""engagement_score"", ""label"": ""Engagement"", ""value"": 54.2, ""contribution"": 0.0728, ""direction"": ""increases_risk""}, {""feature"": ""assignment_completion"", ""label"": ""Assignment Completion"", ""value"": 38.8, ""contribution"": 0.0715, ""direction"": ""increases_risk""}, {""feature"": ""participation_score"", ""label"": ""Participation"", ""value"": 51.6, ""contribution"": 0.0374, ""direction"": ""increases_risk""}]"
ST1503,22,84.7,65.1,93.8,76.5,78.1,12.1,1,4,2,0,0,0.059,Low,"[{""feature"": ""attendance"", ""label"": ""Attendance"", ""value"": 84.7, ""contribution"": -0.137, ""direction"": ""decreases_risk""}, {""feature"": ""engagement_score"", ""label"": ""Engagement"", ""value"": 76.5, ""contribution"": -0.0889, ""direction"": ""decreases_risk""}, {""feature"": ""assignment_completion"", ""label"": ""Assignment Completion"", ""value"": 93.8, ""contribution"": -0.0842, ""direction"": ""decreases_risk""}, {""feature"": ""participation_score"", ""label"": ""Participation"", ""value"": 78.1, ""contribution"": -0.0652, ""direction"": ""decreases_risk""}, {""feature"": ""absences"", ""label"": ""Absences"", ""value"": 4.0, ""contribution"": -0.035, ""direction"": ""decreases_risk""}]"
ST1504,18,80.8,82.0,83.8,69.9,81.5,12.0,0,13,4,0,0,0.0586,Low,"[{""feature"": ""avg_grade"", ""label"": ""Average Grade"", ""value"": 82.0, ""contribution"": -0.1213, ""direction"": ""decreases_risk""}, {""feature"": ""attendance"", ""label"": ""Attendance"", ""value"": 80.8, ""contribution"": -0.1146, ""direction"": ""decreases_risk""}, {""feature"": ""assignment_completion"", ""label"": ""Assignment Completion"", ""value"": 83.8, ""contribution"": -0.0742, ""direction"": ""decreases_risk""}, {""feature"": ""engagement_score"", ""label"": ""Engagement"", ""value"": 69.9, ""contribution"": -0.0667, ""direction"": ""decreases_risk""}, {""feature"": ""participation_score"", ""label"": ""Participation"", ""value"": 81.5, ""contribution"": -0.0655, ""direction"": ""decreases_risk""}]"
ST1505,19,80.2,73.2,67.7,62.3,60.5,8.9,2,7,2,0,0,0.1976,Low,"[{""feature"": ""attendance"", ""label"": ""Attendance"", ""value"": 80.2, ""contribution"": -0.1761, ""direction"": ""decreases_risk""}, {""feature"": ""avg_grade"", ""label"": ""Average Grade"", ""value"": 73.2, ""contribution"": -0.1358, ""direction"": ""decreases_risk""}, {""feature"": ""assignment_completion"", ""label"": ""Assignment Completion"", ""value"": 67.7, ""contribution"": 0.0689, ""direction"": ""increases_risk""}, {""feature"": ""absences"", ""label"": ""Absences"", ""value"": 7.0, ""contribution"": -0.0554, ""direction"": ""decreases_risk""}, {""feature"": ""participation_score"", ""label"": ""Participation"", ""value"": 60.5, ""contribution"": -0.0199, ""direction"": ""decreases_risk""}]"
ST1506,20,79.4,81.7,73.1,69.3,76.8,11.2,1,9,5,1,0,0.0572,Low,"[{""feature"": ""avg_grade"", ""label"": ""Average Grade"", ""value"": 81.7, ""contribution"": -0.1289, ""direction"": ""decreases_risk""}, {""feature"": ""attendance"", ""label"": ""Attendance"", ""value"": 79.4, ""contribution"": -0.1182, ""direction"": ""decreases_risk""}, {""feature"": ""engagement_score"", ""label"": ""Engagement"", ""value"": 69.3, ""contribution"": -0.0781, ""direction"": ""decreases_risk""}, {""feature"": ""participation_score"", ""label"": ""Participation"", ""value"": 76.8, ""contribution"": -0.0628, ""direction"": ""decreases_risk""}, {""feature"": ""absences"", ""label"": ""Absences"", ""value"": 9.0, ""contribution"": -0.036, ""direction"": ""decreases_risk""}]"
ST1507,17,80.1,77.5,72.3,76.5,76.0,13.7,1,5,2,0,0,0.0608,Low,"[{""feature"": ""attendance"", ""label"": ""Attendance"", ""value"": 80.1, ""contribution"": -0.139, ""direction"": ""decreases_risk""}, {""feature"": ""avg_grade"", ""label"": ""Average Grade"", ""value"": 77.5, ""contribution"": -0.1144, ""direction"": ""decreases_risk""}, {""feature"": ""engagement_score"", ""label"": ""Engagement"", ""value"": 76.5, ""contribution"": -0.0883, ""direction"": ""decreases_risk""}, {""feature"": ""participation_score"", ""label"": ""Participation"", ""value"": 76.0, ""contribution"": -0.0534, ""direction"": ""decreases_risk""}, {""feature"": ""absences"", ""label"": ""Absences"", ""value"": 5.0, ""contribution"": -0.0409, ""direction"": ""decreases_risk""}]"
ST1508,18,88.6,88.8,81.2,94.2,72.8,16.4,1,6,5,1,0,0.0138,Low,"[{""feature"": ""avg_grade"", ""label"": ""Average Grade"", ""value"": 88.8, ""contribution"": -0.1118, ""direction"": ""decreases_risk""}, {""feature"": ""attendance"", ""label"": ""Attendance"", ""value"": 88.6, ""contribution"": -0.1084, ""direction"": ""decreases_risk""}, {""feature"": ""engagement_score"", ""label"": ""Engagement"", ""value"": 94.2, ""contribution"": -0.0932, ""direction"": ""decreases_risk""}, {""feature"": ""assignment_completion"", ""label"": ""Assignment Completion"", ""value"": 81.2, ""contribution"": -0.068, ""direction"": ""decreases_risk""}, {""feature"": ""participation_score"", ""label"": ""Participation"", ""value"": 72.8, ""contribution"": -0.0358, ""direction"": ""decreases_risk""}]"
ST1509,17,100.0,100.0,92.5,100.0,79.9,15.3,0,0,5,0,0,0.0027,Low,"[{""feature"": ""attendance"", ""label"": ""Attendance"", ""value"": 100.0, ""contribution"": -0.1144, ""direction"": ""decreases_risk""}, {""feature"": ""avg_grade"", ""label"": ""Average Grade"", ""value"": 100.0, ""contribution"": -0.1072, ""direction"": ""decreases_risk""}, {""feature"": ""engagement_score"", ""label"": ""Engagement"", ""value"": 100.0, ""contribution"": -0.0914, ""direction"": ""decreases_risk""}, {""feature"": ""assignment_completion"", ""label"": ""Assignment Completion"", ""value"": 92.5, ""contribution"": -0.0722, ""direction"": ""decreases_risk""}, {""feature"": ""participation_score"", ""label"": ""Participation"", ""value"": 79.9, ""contribution"": -0.0417, ""direction"": ""decreases_risk""}]"
ST1510,23,100.0,100.0,92.6,100.0,82.6,21.2,0,0,3,1,0,0.0004,Low,"[{""feature"": ""attendance"", ""label"": ""Attendance"", ""value"": 100.0, ""contribution"": -0.1119, ""direction"": ""decreases_risk""}, {""feature"": ""avg_grade"", ""label"": ""Average Grade"", ""value"": 100.0, ""contribution"": -0.1092, ""direction"": ""decreases_risk""}, {""feature"": ""engagement_score"", ""label"": ""Engagement"", ""value"": 100.0, ""contribution"": -0.0931, ""direction"": ""decreases_risk""}, {""feature"": ""assignment_completion"", ""label"": ""Assignment Completion"", ""value"": 92.6, ""contribution"": -0.0724, ""direction"": ""decreases_risk""}, {""feature"": ""participation_score"", ""label"": ""Participation"", ""value"": 82.6, ""contribution"": -0.0406, ""direction"": ""decreases_risk""}]"
ST1511,21,75.0,61.8,67.6,66.8,68.1,7.1,2,5,1,1,0,0.3693,Medium,"[{""feature"": ""attendance"", ""label"": ""Attendance"", ""value"": 75.0, ""contribution"": -0.136, ""direction"": ""decreases_risk""}, {""feature"": ""assignment_completion"", ""label"": ""Assignment Completion"", ""value"": 67.6, ""contribution"": 0.0778, ""direction"": ""increases_risk""}, {""feature"": ""absences"", ""label"": ""Absences"", ""value"": 5.0, ""contribution"": -0.0528, ""direction"": ""decreases_risk""}, {""feature"": ""engagement_score"", ""label"": ""Engagement"", ""value"": 66.8, ""contribution"": -0.0287, ""direction"": ""decreases_risk""}, {""feature"": ""participation_score"", ""label"": ""Participation"", ""value"": 68.1, ""contribution"": -0.0219, ""direction"": ""decreases_risk""}]"
ST1512,22,68.8,73.1,76.4,72.5,71.4,14.7,0,9,4,0,0,0.11,Low,"[{""feature"": ""avg_grade"", ""label"": ""Average Grade"", ""value"": 73.1, ""contribution"": -0.1176, ""direction"": ""decreases_risk""}, {""feature"": ""engagement_score"", ""label"": ""Engagement"", ""value"": 72.5, ""contribution"": -0.1129, ""direction"": ""decreases_risk""}, {""feature"": ""attendance"", ""label"": ""Attendance"", ""value"": 68.8, ""contribution"": 0.0672, ""direction"": ""increases_risk""}, {""feature"": ""participation_score"", ""label"": ""Participation"", ""value"": 71.4, ""contribution"": -0.0544, ""direction"": ""decreases_risk""}, {""feature"": ""assignment_completion"", ""label"": ""Assignment Completion"", ""value"": 76.4, ""contribution"": -0.0527, ""direction"": ""decreases_risk""}]"
ST1513,22,92.7,74.1,100.0,88.6,64.8,14.1,1,6,3,0,0,0.0304,Low,"[{""feature"": ""attendance"", ""label"": ""Attendance"", ""value"": 92.7, ""contribution"": -0.1192, ""direction"": ""decreases_risk""}, {""feature"": ""engagement_score"", ""label"": ""Engagement"", ""value"": 88.6, ""contribution"": -0.1142, ""direction"": ""decreases_risk""}, {""feature"": ""avg_grade"", ""label"": ""Average Grade"", ""value"": 74.1, ""contribution"": -0.0721, ""direction"": ""decreases_risk""}, {""feature"": ""assignment_completion"", ""label"": ""Assignment Completion"", ""value"": 100.0, ""contribution"": -0.0716, ""direction"": ""decreases_risk""}, {""feature"": ""absences"", ""label"": ""Absences"", ""value"": 6.0, ""contribution"": -0.0328, ""direction"": ""decreases_risk""}]"
ST1514,23,88.1,65.7,84.8,86.3,49.3,16.7,1,2,2,0,0,0.1241,Low,"[{""feature"": ""attendance"", ""label"": ""Attendance"", ""value"": 88.1, ""contribution"": -0.1405, ""direction"": ""decreases_risk""}, {""feature"": ""engagement_score"", ""label"": ""Engagement"", ""value"": 86.3, ""contribution"": -0.1168, ""direction"": ""decreases_risk""}, {""feature"": ""assignment_completion"", ""label"": ""Assignment Completion"", ""value"": 84.8, ""contribution"": -0.0794, ""direction"": ""decreases_risk""}, {""feature"": ""participation_score"", ""label"": ""Participation"", ""value"": 49.3, ""contribution"": 0.062, ""direction"": ""increases_risk""}, {""feature"": ""absences"", ""label"": ""Absences"", ""value"": 2.0, ""contribution"": -0.0448, ""direction"": ""decreases_risk""}]"
ST1515,16,74.5,56.5,70.0,74.9,66.0,7.2,0,11,3,0,0,0.2877,Low,"[{""feature"": ""attendance"", ""label"": ""Attendance"", ""value"": 74.5, ""contribution"": -0.1095, ""direction"": ""decreases_risk""}, {""feature"": ""avg_grade"", ""label"": ""Average Grade"", ""value"": 56.5, ""contribution"": 0.1042, ""direction"": ""increases_risk""}, {""feature"": ""engagement_score"", ""label"": ""Engagement"", ""value"": 74.9, ""contribution"": -0.0999, ""direction"": ""decreases_risk""}, {""feature"": ""previous_failures"", ""label"": ""Previous Failures"", ""value"": 0.0, ""contribution"": -0.072, ""direction"": ""decreases_risk""}, {""feature"": ""participation_score"", ""label"": ""Participation"", ""value"": 66.0, ""contribution"": -0.0411, ""direction"": ""decreases_risk""}]"
ST1516,23,70.9,70.0,68.4,78.6,59.5,11.7,1,15,2,0,0,0.2552,Low,"[{""feature"": ""engagement_score"", ""label"": ""Engagement"", ""value"": 78.6, ""contribution"": -0.1539, ""direction"": ""decreases_risk""}, {""feature"": ""avg_grade"", ""label"": ""Average Grade"", ""value"": 70.0, ""contribution"": -0.123, ""direction"": ""decreases_risk""}, {""feature"": ""attendance"", ""label"": ""Attendance"", ""value"": 70.9, ""contribution"": -0.0676, ""direction"": ""decreases_risk""}, {""feature"": ""assignment_completion"", ""label"": ""Assignment Completion"", ""value"": 68.4, ""contribution"": 0.057, ""direction"": ""increases_risk""}, {""feature"": ""absences"", ""label"": ""Absences"", ""value"": 15.0, ""contribution"": 0.0386, ""direction"": ""increases_risk""}]"
ST1517,16,100.0,97.3,93.0,83.9,80.8,16.8,0,0,2,1,0,0.0003,Low,"[{""feature"": ""attendance"", ""label"": ""Attendance"", ""value"": 100.0, ""contribution"": -0.1132, ""direction"": ""decreases_risk""}, {""feature"": ""avg_grade"", ""label"": ""Average Grade"", ""value"": 97.3, ""contribution"": -0.1078, ""direction"": ""decreases_risk""}, {""feature"": ""engagement_score"", ""label"": ""Engagement"", ""value"": 83.9, ""contribution"": -0.0949, ""direction"": ""decreases_risk""}, {""feature"": ""assignment_completion"", ""label"": ""Assignment Completion"", ""value"": 93.0, ""contribution"": -0.0728, ""direction"": ""decreases_risk""}, {""feature"": ""participation_score"", ""label"": ""Participation"", ""value"": 80.8, ""contribution"": -0.0408, ""direction"": ""decreases_risk""}]"
ST1518,19,64.3,50.0,62.5,44.8,64.5,3.9,3,15,5,0,1,0.9067,High,"[{""feature"": ""avg_grade"", ""label"": ""Average Grade"", ""value"": 50.0, ""contribution"": 0.1371, ""direction"": ""increases_risk""}, {""feature"": ""engagement_score"", ""label"": ""Engagement"", ""value"": 44.8, ""contribution"": 0.1127, ""direction"": ""increases_risk""}, {""feature"": ""attendance"", ""label"": ""Attendance"", ""value"": 64.3, ""contribution"": 0.0962, ""direction"": ""increases_risk""}, {""feature"": ""assignment_completion"", ""label"": ""Assignment Completion"", ""value"": 62.5, ""contribution"": 0.0613, ""direction"": ""increases_risk""}, {""feature"": ""participation_score"", ""label"": ""Participation"", ""value"": 64.5, ""contribution"": -0.0458, ""direction"": ""decreases_risk""}]"
ST1519,20,72.7,54.0,62.4,47.1,31.5,4.7,3,11,2,1,0,0.7559,High,"[{""feature"": ""engagement_score"", ""label"": ""Engagement"", ""value"": 47.1, ""contribution"": 0.1054, ""direction"": ""increases_risk""}, {""feature"": ""avg_grade"", ""label"": ""Average Grade"", ""value"": 54.0, ""contribution"": 0.0986, ""direction"": ""increases_risk""}, {""feature"": ""attendance"", ""label"": ""Attendance"", ""value"": 72.7, ""contribution"": -0.0866, ""direction"": ""decreases_risk""}, {""feature"": ""assignment_completion"", ""label"": ""Assignment Completion"", ""value"": 62.4, ""contribution"": 0.0546, ""direction"": ""increases_risk""}, {""feature"": ""participation_score"", ""label"": ""Participation"", ""value"": 31.5, ""contribution"": 0.0506, ""direction"": ""increases_risk""}]"
ST1520,18,62.3,70.4,68.5,78.2,60.6,9.0,4,14,3,0,0,0.3967,Medium,"[{""feature"": ""engagement_score"", ""label"": ""Engagement"", ""value"": 78.2, ""contribution"": -0.2055, ""direction"": ""decreases_risk""}, {""feature"": ""attendance"", ""label"": ""Attendance"", ""value"": 62.3, ""contribution"": 0.1444, ""direction"": ""increases_risk""}, {""feature"": ""avg_grade"", ""label"": ""Average Grade"", ""value"": 70.4, ""contribution"": -0.1141, ""direction"": ""decreases_risk""}, {""feature"": ""assignment_completion"", ""label"": ""Assignment Completion"", ""value"": 68.5, ""contribution"": 0.0529, ""direction"": ""increases_risk""}, {""feature"": ""previous_failures"", ""label"": ""Previous Failures"", ""value"": 4.0, ""contribution"": 0.0302, ""direction"": ""increases_risk""}]"
ST1521,17,55.9,51.3,71.8,55.7,52.5,6.1,4,18,4,0,1,0.9799,High,"[{""feature"": ""avg_grade"", ""label"": ""Average Grade"", ""value"": 51.3, ""contribution"": 0.128, ""direction"": ""increases_risk""}, {""feature"": ""attendance"", ""label"": ""Attendance"", ""value"": 55.9, ""contribution"": 0.1243, ""direction"": ""increases_risk""}, {""feature"": ""engagement_score"", ""label"": ""Engagement"", ""value"": 55.7, ""contribution"": 0.0792, ""direction"": ""increases_risk""}, {""feature"": ""participation_score"", ""label"": ""Participation"", ""value"": 52.5, ""contribution"": 0.0418, ""direction"": ""increases_risk""}, {""feature"": ""absences"", ""label"": ""Absences"", ""value"": 18.0, ""contribution"": 0.0416, ""direction"": ""increases_risk""}]"
ST1522,17,52.9,53.1,56.4,51.5,54.8,5.1,2,22,2,1,1,0.9902,High,"[{""feature"": ""attendance"", ""label"": ""Attendance"", ""value"": 52.9, ""contribution"": 0.1155, ""direction"": ""increases_risk""}, {""feature"": ""avg_grade"", ""label"": ""Average Grade"", ""value"": 53.1, ""contribution"": 0.1122, ""direction"": ""increases_risk""}, {""feature"": ""engagement_score"", ""label"": ""Engagement"", ""value"": 51.5, ""contribution"": 0.0966, ""direction"": ""increases_risk""}, {""feature"": ""assignment_completion"", ""label"": ""Assignment Completion"", ""value"": 56.4, ""contribution"": 0.0767, ""direction"": ""increases_risk""}, {""feature"": ""absences"", ""label"": ""Absences"", ""value"": 22.0, ""contribution"": 0.0376, ""direction"": ""increases_risk""}]"
ST1523,22,53.2,48.3,66.0,48.9,65.8,10.3,0,14,4,1,1,0.8539,High,"[{""feature"": ""avg_grade"", ""label"": ""Average Grade"", ""value"": 48.3, ""contribution"": 0.1358, ""direction"": ""increases_risk""}, {""feature"": ""engagement_score"", ""label"": ""Engagement"", ""value"": 48.9, ""contribution"": 0.1272, ""direction"": ""increases_risk""}, {""feature"": ""attendance"", ""label"": ""Attendance"", ""value"": 53.2, ""contribution"": 0.1247, ""direction"": ""increases_risk""}, {""feature"": ""previous_failures"", ""label"": ""Previous Failures"", ""value"": 0.0, ""contribution"": -0.0735, ""direction"": ""decreases_risk""}, {""feature"": ""assignment_completion"", ""label"": ""Assignment Completion"", ""value"": 66.0, ""contribution"": 0.0568, ""direction"": ""increases_risk""}]"
ST1524,18,58.9,69.9,62.1,56.1,44.8,7.4,1,11,5,1,1,0.838,High,"[{""feature"": ""attendance"", ""label"": ""Attendance"", ""value"": 58.9, ""contribution"": 0.1719, ""direction"": ""increases_risk""}, {""feature"": ""engagement_score"", ""label"": ""Engagement"", ""value"": 56.1, ""contribution"": 0.0904, ""direction"": ""increases_risk""}, {""feature"": ""avg_grade"", ""label"": ""Average Grade"", ""value"": 69.9, ""contribution"": -0.0895, ""direction"": ""decreases_risk""}, {""feature"": ""assignment_completion"", ""label"": ""Assignment Completion"", ""value"": 62.1, ""contribution"": 0.0832, ""direction"": ""increases_risk""}, {""feature"": ""participation_score"", ""label"": ""Participation"", ""value"": 44.8, ""contribution"": 0.0711, ""direction"": ""increases_risk""}]"
ST1525,18,42.4,62.2,45.8,57.2,65.9,11.0,0,17,5,1,0,0.5462,Medium,"[{""feature"": ""attendance"", ""label"": ""Attendance"", ""value"": 42.4, ""contribution"": 0.1295, ""direction"": ""increases_risk""}, {""feature"": ""previous_failures"", ""label"": ""Previous Failures"", ""value"": 0.0, ""contribution"": -0.1007, ""direction"": ""decreases_risk""}, {""feature"": ""assignment_completion"", ""label"": ""Assignment Completion"", ""value"": 45.8, ""contribution"": 0.0828, ""direction"": ""increases_risk""}, {""feature"": ""participation_score"", ""label"": ""Participation"", ""value"": 65.9, ""contribution"": -0.0676, ""direction"": ""decreases_risk""}, {""feature"": ""engagement_score"", ""label"": ""Engagement"", ""value"": 57.2, ""contribution"": 0.0364, ""direction"": ""increases_risk""}]"
ST1526,23,64.7,52.2,72.2,60.5,72.1,10.6,4,15,1,0,1,0.9244,High,"[{""feature"": ""attendance"", ""label"": ""Attendance"", ""value"": 64.7, ""contribution"": 0.1427, ""direction"": ""increases_risk""}, {""feature"": ""avg_grade"", ""label"": ""Average Grade"", ""value"": 52.2, ""contribution"": 0.1422, ""direction"": ""increases_risk""}, {""feature"": ""engagement_score"", ""label"": ""Engagement"", ""value"": 60.5, ""contribution"": 0.0497, ""direction"": ""increases_risk""}, {""feature"": ""previous_failures"", ""label"": ""Previous Failures"", ""value"": 4.0, ""contribution"": 0.0424, ""direction"": ""increases_risk""}, {""feature"": ""participation_score"", ""label"": ""Participation"", ""value"": 72.1, ""contribution"": -0.0414, ""direction"": ""decreases_risk""}]"
ST1527,17,100.0,94.1,100.0,100.0,81.3,12.7,0,3,3,1,0,0.0028,Low,"[{""feature"": ""attendance"", ""label"": ""Attendance"", ""value"": 100.0, ""contribution"": -0.115, ""direction"": ""decreases_risk""}, {""feature"": ""avg_grade"", ""label"": ""Average Grade"", ""value"": 94.1, ""contribution"": -0.1035, ""direction"": ""decreases_risk""}, {""feature"": ""engagement_score"", ""label"": ""Engagement"", ""value"": 100.0, ""contribution"": -0.0926, ""direction"": ""decreases_risk""}, {""feature"": ""assignment_completion"", ""label"": ""Assignment Completion"", ""value"": 100.0, ""contribution"": -0.072, ""direction"": ""decreases_risk""}, {""feature"": ""participation_score"", ""label"": ""Participation"", ""value"": 81.3, ""contribution"": -0.0425, ""direction"": ""decreases_risk""}]"
ST1528,23,60.9,71.4,71.8,55.6,56.7,10.4,3,12,1,0,1,0.8216,High,"[{""feature"": ""attendance"", ""label"": ""Attendance"", ""value"": 60.9, ""contribution"": 0.1764, ""direction"": ""increases_risk""}, {""feature"": ""engagement_score"", ""label"": ""Engagement"", ""value"": 55.6, ""contribution"": 0.1082, ""direction"": ""increases_risk""}, {""feature"": ""avg_grade"", ""label"": ""Average Grade"", ""value"": 71.4, ""contribution"": -0.1064, ""direction"": ""decreases_risk""}, {""feature"": ""absences"", ""label"": ""Absences"", ""value"": 12.0, ""contribution"": 0.0436, ""direction"": ""increases_risk""}, {""feature"": ""participation_score"", ""label"": ""Participation"", ""value"": 56.7, ""contribution"": 0.0349, ""direction"": ""increases_risk""}]"
ST1529,23,100.0,95.5,100.0,95.9,91.6,13.9,0,0,4,1,0,0.0002,Low,"[{""feature"": ""attendance"", ""label"": ""Attendance"", ""value"": 100.0, ""contribution"": -0.1105, ""direction"": ""decreases_risk""}, {""feature"": ""avg_grade"", ""label"": ""Average Grade"", ""value"": 95.5, ""contribution"": -0.1058, ""direction"": ""decreases_risk""}, {""feature"": ""engagement_score"", ""label"": ""Engagement"", ""value"": 95.9, ""contribution"": -0.0957, ""direction"": ""decreases_risk""}, {""feature"": ""assignment_completion"", ""label"": ""Assignment Completion"", ""value"": 100.0, ""contribution"": -0.0751, ""direction"": ""decreases_risk""}, {""feature"": ""participation_score"", ""label"": ""Participation"", ""value"": 91.6, ""contribution"": -0.04, ""direction"": ""decreases_risk""}]"
ST1530,20,92.4,90.5,91.3,76.7,82.9,17.5,0,1,2,1,0,0.0028,Low,"[{""feature"": ""attendance"", ""label"": ""Attendance"", ""value"": 92.4, ""contribution"": -0.1131, ""direction"": ""decreases_risk""}, {""feature"": ""avg_grade"", ""label"": ""Average Grade"", ""value"": 90.5, ""contribution"": -0.1107, ""direction"": ""decreases_risk""}, {""feature"": ""engagement_score"", ""label"": ""Engagement"", ""value"": 76.7, ""contribution"": -0.0859, ""direction"": ""decreases_risk""}, {""feature"": ""assignment_completion"", ""label"": ""Assignment Completion"", ""value"": 91.3, ""contribution"": -0.072, ""direction"": ""decreases_risk""}, {""feature"": ""participation_score"", ""label"": ""Participation"", ""value"": 82.9, ""contribution"": -0.0437, ""direction"": ""decreases_risk""}]"
ST1531,17,66.2,53.7,50.0,53.2,56.2,4.6,3,13,5,0,1,0.9498,High,"[{""feature"": ""avg_grade"", ""label"": ""Average Grade"", ""value"": 53.7, ""contribution"": 0.1216, ""direction"": ""increases_risk""}, {""feature"": ""attendance"", ""label"": ""Attendance"", ""value"": 66.2, ""contribution"": 0.0844, ""direction"": ""increases_risk""}, {""feature"": ""engagement_score"", ""label"": ""Engagement"", ""value"": 53.2, ""contribution"": 0.0818, ""direction"": ""increases_risk""}, {""feature"": ""assignment_completion"", ""label"": ""Assignment Completion"", ""value"": 50.0, ""contribution"": 0.0751, ""direction"": ""increases_risk""}, {""feature"": ""absences"", ""label"": ""Absences"", ""value"": 13.0, ""contribution"": 0.0327, ""direction"": ""increases_risk""}]"
ST1532,17,65.2,48.3,70.4,67.0,62.4,8.2,3,12,1,1,1,0.82,High,"[{""feature"": ""avg_grade"", ""label"": ""Average Grade"", ""value"": 48.3, ""contribution"": 0.1599, ""direction"": ""increases_risk""}, {""feature"": ""attendance"", ""label"": ""Attendance"", ""value"": 65.2, ""contribution"": 0.1095, ""direction"": ""increases_risk""}, {""feature"": ""engagement_score"", ""label"": ""Engagement"", ""value"": 67.0, ""contribution"": -0.0462, ""direction"": ""decreases_risk""}, {""feature"": ""previous_failures"", ""label"": ""Previous Failures"", ""value"": 3.0, ""contribution"": 0.0424, ""direction"": ""increases_risk""}, {""feature"": ""assignment_completion"", ""label"": ""Assignment Completion"", ""value"": 70.4, ""contribution"": 0.0372, ""direction"": ""increases_risk""}]"
ST1533,18,58.7,49.4,58.1,58.7,36.4,1.4,3,15,5,0,1,0.9702,High,"[{""feature"": ""avg_grade"", ""label"": ""Average Grade"", ""value"": 49.4, ""contribution"": 0.1275, ""direction"": ""increases_risk""}, {""feature"": ""attendance"", ""label"": ""Attendance"", ""value"": 58.7, ""contribution"": 0.1154, ""direction"": ""increases_risk""}, {""feature"": ""assignment_completion"", ""label"": ""Assignment Completion"", ""value"": 58.1, ""contribution"": 0.0773, ""direction"": ""increases_risk""}, {""feature"": ""participation_score"", ""label"": ""Participation"", ""value"": 36.4, ""contribution"": 0.0485, ""direction"": ""increases_risk""}, {""feature"": ""engagement_score"", ""label"": ""Engagement"", ""value"": 58.7, ""contribution"": 0.0447, ""direction"": ""increases_risk""}]"
ST1534,20,85.4,66.3,79.9,76.1,82.7,13.6,0,4,2,0,0,0.0506,Low,"[{""feature"": ""attendance"", ""label"": ""Attendance"", ""value"": 85.4, ""contribution"": -0.1325, ""direction"": ""decreases_risk""}, {""feature"": ""engagement_score"", ""label"": ""Engagement"", ""value"": 76.1, ""contribution"": -0.0779, ""direction"": ""decreases_risk""}, {""feature"": ""participation_score"", ""label"": ""Participation"", ""value"": 82.7, ""contribution"": -0.0639, ""direction"": ""decreases_risk""}, {""feature"": ""assignment_completion"", ""label"": ""Assignment Completion"", ""value"": 79.9, ""contribution"": -0.057, ""direction"": ""decreases_risk""}, {""feature"": ""avg_grade"", ""label"": ""Average Grade"", ""value"": 66.3, ""contribution"": -0.0433, ""direction"": ""decreases_risk""}]"
ST1535,17,100.0,88.7,100.0,97.0,97.0,20.0,1,3,5,0,0,0.0013,Low,"[{""feature"": ""avg_grade"", ""label"": ""Average Grade"", ""value"": 88.7, ""contribution"": -0.1166, ""direction"": ""decreases_risk""}, {""feature"": ""attendance"", ""label"": ""Attendance"", ""value"": 100.0, ""contribution"": -0.1142, ""direction"": ""decreases_risk""}, {""feature"": ""engagement_score"", ""label"": ""Engagement"", ""value"": 97.0, ""contribution"": -0.0982, ""direction"": ""decreases_risk""}, {""feature"": ""assignment_completion"", ""label"": ""Assignment Completion"", ""value"": 100.0, ""contribution"": -0.0789, ""direction"": ""decreases_risk""}, {""feature"": ""participation_score"", ""label"": ""Participation"", ""value"": 97.0, ""contribution"": -0.0396, ""direction"": ""decreases_risk""}]"
ST1536,19,82.8,85.2,75.7,73.9,73.4,10.7,0,7,1,0,0,0.0567,Low,"[{""feature"": ""attendance"", ""label"": ""Attendance"", ""value"": 82.8, ""contribution"": -0.1248, ""direction"": ""decreases_risk""}, {""feature"": ""avg_grade"", ""label"": ""Average Grade"", ""value"": 85.2, ""contribution"": -0.1182, ""direction"": ""decreases_risk""}, {""feature"": ""engagement_score"", ""label"": ""Engagement"", ""value"": 73.9, ""contribution"": -0.0618, ""direction"": ""decreases_risk""}, {""feature"": ""participation_score"", ""label"": ""Participation"", ""value"": 73.4, ""contribution"": -0.0533, ""direction"": ""decreases_risk""}, {""feature"": ""absences"", ""label"": ""Absences"", ""value"": 7.0, ""contribution"": -0.0416, ""direction"": ""decreases_risk""}]"
ST1537,16,80.6,73.6,73.2,73.7,50.1,9.7,1,9,2,1,0,0.1836,Low,"[{""feature"": ""attendance"", ""label"": ""Attendance"", ""value"": 80.6, ""contribution"": -0.1372, ""direction"": ""decreases_risk""}, {""feature"": ""avg_grade"", ""label"": ""Average Grade"", ""value"": 73.6, ""contribution"": -0.1121, ""direction"": ""decreases_risk""}, {""feature"": ""participation_score"", ""label"": ""Participation"", ""value"": 50.1, ""contribution"": 0.0766, ""direction"": ""increases_risk""}, {""feature"": ""engagement_score"", ""label"": ""Engagement"", ""value"": 73.7, ""contribution"": -0.0702, ""direction"": ""decreases_risk""}, {""feature"": ""absences"", ""label"": ""Absences"", ""value"": 9.0, ""contribution"": -0.0454, ""direction"": ""decreases_risk""}]"
ST1538,20,79.9,68.6,95.6,71.5,65.6,13.0,0,8,2,0,0,0.1306,Low,"[{""feature"": ""attendance"", ""label"": ""Attendance"", ""value"": 79.9, ""contribution"": -0.1063, ""direction"": ""decreases_risk""}, {""feature"": ""avg_grade"", ""label"": ""Average Grade"", ""value"": 68.6, ""contribution"": -0.0549, ""direction"": ""decreases_risk""}, {""feature"": ""engagement_score"", ""label"": ""Engagement"", ""value"": 71.5, ""contribution"": -0.0537, ""direction"": ""decreases_risk""}, {""feature"": ""assignment_completion"", ""label"": ""Assignment Completion"", ""value"": 95.6, ""contribution"": -0.0455, ""direction"": ""decreases_risk""}, {""feature"": ""absences"", ""label"": ""Absences"", ""value"": 8.0, ""contribution"": -0.0406, ""direction"": ""decreases_risk""}]"
ST1539,16,55.0,54.0,67.1,49.5,54.3,8.3,3,17,5,1,0,0.7851,High,"[{""feature"": ""engagement_score"", ""label"": ""Engagement"", ""value"": 49.5, ""contribution"": 0.093, ""direction"": ""increases_risk""}, {""feature"": ""attendance"", ""label"": ""Attendance"", ""value"": 55.0, ""contribution"": 0.0867, ""direction"": ""increases_risk""}, {""feature"": ""avg_grade"", ""label"": ""Average Grade"", ""value"": 54.0, ""contribution"": 0.0545, ""direction"": ""increases_risk""}, {""feature"": ""absences"", ""label"": ""Absences"", ""value"": 17.0, ""contribution"": 0.0292, ""direction"": ""increases_risk""}, {""feature"": ""family_support"", ""label"": ""Family Support"", ""value"": 5.0, ""contribution"": -0.0266, ""direction"": ""decreases_risk""}]"
ST1540,21,88.1,78.8,83.9,78.2,60.5,6.3,1,6,4,0,0,0.0605,Low,"[{""feature"": ""attendance"", ""label"": ""Attendance"", ""value"": 88.1, ""contribution"": -0.124, ""direction"": ""decreases_risk""}, {""feature"": ""avg_grade"", ""label"": ""Average Grade"", ""value"": 78.8, ""contribution"": -0.1102, ""direction"": ""decreases_risk""}, {""feature"": ""engagement_score"", ""label"": ""Engagement"", ""value"": 78.2, ""contribution"": -0.0919, ""direction"": ""decreases_risk""}, {""feature"": ""assignment_completion"", ""label"": ""Assignment Completion"", ""value"": 83.9, ""contribution"": -0.0749, ""direction"": ""decreases_risk""}, {""feature"": ""absences"", ""label"": ""Absences"", ""value"": 6.0, ""contribution"": -0.0371, ""direction"": ""decreases_risk""}]"
ST1541,16,91.8,68.5,80.3,68.2,59.1,16.5,2,0,5,1,0,0.1574,Low,"[{""feature"": ""attendance"", ""label"": ""Attendance"", ""value"": 91.8, ""contribution"": -0.1269, ""direction"": ""decreases_risk""}, {""feature"": ""engagement_score"", ""label"": ""Engagement"", ""value"": 68.2, ""contribution"": -0.0665, ""direction"": ""decreases_risk""}, {""feature"": ""assignment_completion"", ""label"": ""Assignment Completion"", ""value"": 80.3, ""contribution"": -0.0614, ""direction"": ""decreases_risk""}, {""feature"": ""avg_grade"", ""label"": ""Average Grade"", ""value"": 68.5, ""contribution"": -0.0608, ""direction"": ""decreases_risk""}, {""feature"": ""absences"", ""label"": ""Absences"", ""value"": 0.0, ""contribution"": -0.0318, ""direction"": ""decreases_risk""}]"
ST1542,17,93.4,95.4,99.4,86.2,66.3,18.0,0,3,3,1,0,0.0147,Low,"[{""feature"": ""avg_grade"", ""label"": ""Average Grade"", ""value"": 95.4, ""contribution"": -0.1111, ""direction"": ""decreases_risk""}, {""feature"": ""attendance"", ""label"": ""Attendance"", ""value"": 93.4, ""contribution"": -0.1104, ""direction"": ""decreases_risk""}, {""feature"": ""engagement_score"", ""label"": ""Engagement"", ""value"": 86.2, ""contribution"": -0.0967, ""direction"": ""decreases_risk""}, {""feature"": ""assignment_completion"", ""label"": ""Assignment Completion"", ""value"": 99.4, ""contribution"": -0.0736, ""direction"": ""decreases_risk""}, {""feature"": ""previous_failures"", ""label"": ""Previous Failures"", ""value"": 0.0, ""contribution"": -0.0272, ""direction"": ""decreases_risk""}]"
ST1543,17,73.7,58.3,44.9,58.6,68.4,12.1,1,12,4,1,1,0.7192,High,"[{""feature"": ""avg_grade"", ""label"": ""Average Grade"", ""value"": 58.3, ""contribution"": 0.1525, ""direction"": ""increases_risk""}, {""feature"": ""assignment_completion"", ""label"": ""Assignment Completion"", ""value"": 44.9, ""contribution"": 0.1301, ""direction"": ""increases_risk""}, {""feature"": ""attendance"", ""label"": ""Attendance"", ""value"": 73.7, ""contribution"": -0.0924, ""direction"": ""decreases_risk""}, {""feature"": ""engagement_score"", ""label"": ""Engagement"", ""value"": 58.6, ""contribution"": 0.0437, ""direction"": ""increases_risk""}, {""feature"": ""absences"", ""label"": ""Absences"", ""value"": 12.0, ""contribution"": 0.0368, ""direction"": ""increases_risk""}]"
ST1544,22,89.3,74.0,73.1,87.2,69.8,11.6,1,7,4,0,0,0.0849,Low,"[{""feature"": ""attendance"", ""label"": ""Attendance"", ""value"": 89.3, ""contribution"": -0.1417, ""direction"": ""decreases_risk""}, {""feature"": ""engagement_score"", ""label"": ""Engagement"", ""value"": 87.2, ""contribution"": -0.1041, ""direction"": ""decreases_risk""}, {""feature"": ""avg_grade"", ""label"": ""Average Grade"", ""value"": 74.0, ""contribution"": -0.0984, ""direction"": ""decreases_risk""}, {""feature"": ""absences"", ""label"": ""Absences"", ""value"": 7.0, ""contribution"": -0.0375, ""direction"": ""decreases_risk""}, {""feature"": ""participation_score"", ""label"": ""Participation"", ""value"": 69.8, ""contribution"": -0.0304, ""direction"": ""decreases_risk""}]"
ST1545,16,100.0,84.8,95.1,100.0,60.4,9.8,0,1,4,0,0,0.0129,Low,"[{""feature"": ""attendance"", ""label"": ""Attendance"", ""value"": 100.0, ""contribution"": -0.1274, ""direction"": ""decreases_risk""}, {""feature"": ""avg_grade"", ""label"": ""Average Grade"", ""value"": 84.8, ""contribution"": -0.112, ""direction"": ""decreases_risk""}, {""feature"": ""engagement_score"", ""label"": ""Engagement"", ""value"": 100.0, ""contribution"": -0.0977, ""direction"": ""decreases_risk""}, {""feature"": ""assignment_completion"", ""label"": ""Assignment Completion"", ""value"": 95.1, ""contribution"": -0.0781, ""direction"": ""decreases_risk""}, {""feature"": ""absences"", ""label"": ""Absences"", ""value"": 1.0, ""contribution"": -0.0331, ""direction"": ""decreases_risk""}]"
ST1546,19,82.4,63.7,80.8,61.1,75.2,15.1,1,3,5,0,0,0.1299,Low,"[{""feature"": ""attendance"", ""label"": ""Attendance"", ""value"": 82.4, ""contribution"": -0.1739, ""direction"": ""decreases_risk""}, {""feature"": ""assignment_completion"", ""label"": ""Assignment Completion"", ""value"": 80.8, ""contribution"": -0.0831, ""direction"": ""decreases_risk""}, {""feature"": ""participation_score"", ""label"": ""Participation"", ""value"": 75.2, ""contribution"": -0.0616, ""direction"": ""decreases_risk""}, {""feature"": ""absences"", ""label"": ""Absences"", ""value"": 3.0, ""contribution"": -0.0501, ""direction"": ""decreases_risk""}, {""feature"": ""study_hours"", ""label"": ""Study Hours"", ""value"": 15.1, ""contribution"": -0.0305, ""direction"": ""decreases_risk""}]"
ST1547,20,59.9,64.9,81.6,59.8,70.0,11.1,0,12,5,0,1,0.6607,High,"[{""feature"": ""attendance"", ""label"": ""Attendance"", ""value"": 59.9, ""contribution"": 0.1767, ""direction"": ""increases_risk""}, {""feature"": ""engagement_score"", ""label"": ""Engagement"", ""value"": 59.8, ""contribution"": 0.0901, ""direction"": ""increases_risk""}, {""feature"": ""previous_failures"", ""label"": ""Previous Failures"", ""value"": 0.0, ""contribution"": -0.0581, ""direction"": ""decreases_risk""}, {""feature"": ""assignment_completion"", ""label"": ""Assignment Completion"", ""value"": 81.6, ""contribution"": -0.0558, ""direction"": ""decreases_risk""}, {""feature"": ""absences"", ""label"": ""Absences"", ""value"": 12.0, ""contribution"": 0.05, ""direction"": ""increases_risk""}]"
ST1548,20,87.5,90.3,97.2,66.9,77.5,14.8,2,3,3,0,0,0.0546,Low,"[{""feature"": ""attendance"", ""label"": ""Attendance"", ""value"": 87.5, ""contribution"": -0.1415, ""direction"": ""decreases_risk""}, {""feature"": ""avg_grade"", ""label"": ""Average Grade"", ""value"": 90.3, ""contribution"": -0.129, ""direction"": ""decreases_risk""}, {""feature"": ""assignment_completion"", ""label"": ""Assignment Completion"", ""value"": 97.2, ""contribution"": -0.0782, ""direction"": ""decreases_risk""}, {""feature"": ""participation_score"", ""label"": ""Participation"", ""value"": 77.5, ""contribution"": -0.047, ""direction"": ""decreases_risk""}, {""feature"": ""absences"", ""label"": ""Absences"", ""value"": 3.0, ""contribution"": -0.033, ""direction"": ""decreases_risk""}]"
ST1549,21,30.0,39.5,40.6,35.6,38.9,3.4,3,25,3,0,1,1.0,High,"[{""feature"": ""attendance"", ""label"": ""Attendance"", ""value"": 30.0, ""contribution"": 0.1145, ""direction"": ""increases_risk""}, {""feature"": ""avg_grade"", ""label"": ""Average Grade"", ""value"": 39.5, ""contribution"": 0.1131, ""direction"": ""increases_risk""}, {""feature"": ""engagement_score"", ""label"": ""Engagement"", ""value"": 35.6, ""contribution"": 0.0936, ""direction"": ""increases_risk""}, {""feature"": ""assignment_completion"", ""label"": ""Assignment Completion"", ""value"": 40.6, ""contribution"": 0.0737, ""direction"": ""increases_risk""}, {""feature"": ""participation_score"", ""label"": ""Participation"", ""value"": 38.9, ""contribution"": 0.0428, ""direction"": ""increases_risk""}]"
ST1550,22,93.0,65.2,73.9,80.0,60.6,13.2,0,2,4,1,0,0.126,Low,"[{""feature"": ""attendance"", ""label"": ""Attendance"", ""value"": 93.0, ""contribution"": -0.1451, ""direction"": ""decreases_risk""}, {""feature"": ""engagement_score"", ""label"": ""Engagement"", ""value"": 80.0, ""contribution"": -0.1, ""direction"": ""decreases_risk""}, {""feature"": ""previous_failures"", ""label"": ""Previous Failures"", ""value"": 0.0, ""contribution"": -0.0395, ""direction"": ""decreases_risk""}, {""feature"": ""avg_grade"", ""label"": ""Average Grade"", ""value"": 65.2, ""contribution"": -0.0298, ""direction"": ""decreases_risk""}, {""feature"": ""absences"", ""label"": ""Absences"", ""value"": 2.0, ""contribution"": -0.0283, ""direction"": ""decreases_risk""}]"
ST1551,19,83.9,64.5,88.1,79.3,62.9,10.8,1,2,4,0,0,0.1352,Low,"[{""feature"": ""attendance"", ""label"": ""Attendance"", ""value"": 83.9, ""contribution"": -0.1232, ""direction"": ""decreases_risk""}, {""feature"": ""engagement_score"", ""label"": ""Engagement"", ""value"": 79.3, ""contribution"": -0.0991, ""direction"": ""decreases_risk""}, {""feature"": ""assignment_completion"", ""label"": ""Assignment Completion"", ""value"": 88.1, ""contribution"": -0.0939, ""direction"": ""decreases_risk""}, {""feature"": ""absences"", ""label"": ""Absences"", ""value"": 2.0, ""contribution"": -0.0293, ""direction"": ""decreases_risk""}, {""feature"": ""avg_grade"", ""label"": ""Average Grade"", ""value"": 64.5, ""contribution"": 0.0252, ""direction"": ""increases_risk""}]"
ST1552,22,100.0,100.0,100.0,100.0,91.4,24.0,0,0,5,1,0,0.0008,Low,"[{""feature"": ""avg_grade"", ""label"": ""Average Grade"", ""value"": 100.0, ""contribution"": -0.1108, ""direction"": ""decreases_risk""}, {""feature"": ""attendance"", ""label"": ""Attendance"", ""value"": 100.0, ""contribution"": -0.1071, ""direction"": ""decreases_risk""}, {""feature"": ""engagement_score"", ""label"": ""Engagement"", ""value"": 100.0, ""contribution"": -0.0948, ""direction"": ""decreases_risk""}, {""feature"": ""assignment_completion"", ""label"": ""Assignment Completion"", ""value"": 100.0, ""contribution"": -0.0733, ""direction"": ""decreases_risk""}, {""feature"": ""participation_score"", ""label"": ""Participation"", ""value"": 91.4, ""contribution"": -0.0404, ""direction"": ""decreases_risk""}]"
ST1553,18,86.0,100.0,93.4,93.3,80.7,12.5,0,0,4,1,0,0.0096,Low,"[{""feature"": ""attendance"", ""label"": ""Attendance"", ""value"": 86.0, ""contribution"": -0.1063, ""direction"": ""decreases_risk""}, {""feature"": ""avg_grade"", ""label"": ""Average Grade"", ""value"": 100.0, ""contribution"": -0.1034, ""direction"": ""decreases_risk""}, {""feature"": ""engagement_score"", ""label"": ""Engagement"", ""value"": 93.3, ""contribution"": -0.0953, ""direction"": ""decreases_risk""}, {""feature"": ""assignment_completion"", ""label"": ""Assignment Completion"", ""value"": 93.4, ""contribution"": -0.0737, ""direction"": ""decreases_risk""}, {""feature"": ""participation_score"", ""label"": ""Participation"", ""value"": 80.7, ""contribution"": -0.0432, ""direction"": ""decreases_risk""}]"
ST1554,23,68.8,73.3,79.2,67.7,73.3,19.9,0,2,5,1,0,0.1563,Low,"[{""feature"": ""avg_grade"", ""label"": ""Average Grade"", ""value"": 73.3, ""contribution"": -0.0975, ""direction"": ""decreases_risk""}, {""feature"": ""assignment_completion"", ""label"": ""Assignment Completion"", ""value"": 79.2, ""contribution"": -0.0644, ""direction"": ""decreases_risk""}, {""feature"": ""participation_score"", ""label"": ""Participation"", ""value"": 73.3, ""contribution"": -0.0599, ""direction"": ""decreases_risk""}, {""feature"": ""engagement_score"", ""label"": ""Engagement"", ""value"": 67.7, ""contribution"": -0.0589, ""direction"": ""decreases_risk""}, {""feature"": ""attendance"", ""label"": ""Attendance"", ""value"": 68.8, ""contribution"": 0.0558, ""direction"": ""increases_risk""}]"
ST1555,20,92.7,95.6,100.0,81.6,75.5,21.8,0,2,4,1,0,0.0026,Low,"[{""feature"": ""avg_grade"", ""label"": ""Average Grade"", ""value"": 95.6, ""contribution"": -0.1096, ""direction"": ""decreases_risk""}, {""feature"": ""attendance"", ""label"": ""Attendance"", ""value"": 92.7, ""contribution"": -0.1076, ""direction"": ""decreases_risk""}, {""feature"": ""engagement_score"", ""label"": ""Engagement"", ""value"": 81.6, ""contribution"": -0.094, ""direction"": ""decreases_risk""}, {""feature"": ""assignment_completion"", ""label"": ""Assignment Completion"", ""value"": 100.0, ""contribution"": -0.0727, ""direction"": ""decreases_risk""}, {""feature"": ""participation_score"", ""label"": ""Participation"", ""value"": 75.5, ""contribution"": -0.041, ""direction"": ""decreases_risk""}]"
ST1556,21,52.8,48.9,31.8,44.0,44.0,10.7,1,23,5,1,1,0.9666,High,"[{""feature"": ""avg_grade"", ""label"": ""Average Grade"", ""value"": 48.9, ""contribution"": 0.1174, ""direction"": ""increases_risk""}, {""feature"": ""attendance"", ""label"": ""Attendance"", ""value"": 52.8, ""contribution"": 0.1095, ""direction"": ""increases_risk""}, {""feature"": ""engagement_score"", ""label"": ""Engagement"", ""value"": 44.0, ""contribution"": 0.1069, ""direction"": ""increases_risk""}, {""feature"": ""assignment_completion"", ""label"": ""Assignment Completion"", ""value"": 31.8, ""contribution"": 0.0829, ""direction"": ""increases_risk""}, {""feature"": ""participation_score"", ""label"": ""Participation"", ""value"": 44.0, ""contribution"": 0.0501, ""direction"": ""increases_risk""}]"
ST1557,23,76.5,78.2,78.3,57.6,66.4,16.6,1,14,4,0,0,0.1641,Low,"[{""feature"": ""attendance"", ""label"": ""Attendance"", ""value"": 76.5, ""contribution"": -0.1448, ""direction"": ""decreases_risk""}, {""feature"": ""avg_grade"", ""label"": ""Average Grade"", ""value"": 78.2, ""contribution"": -0.1434, ""direction"": ""decreases_risk""}, {""feature"": ""assignment_completion"", ""label"": ""Assignment Completion"", ""value"": 78.3, ""contribution"": -0.0578, ""direction"": ""decreases_risk""}, {""feature"": ""engagement_score"", ""label"": ""Engagement"", ""value"": 57.6, ""contribution"": 0.0536, ""direction"": ""increases_risk""}, {""feature"": ""absences"", ""label"": ""Absences"", ""value"": 14.0, ""contribution"": 0.0483, ""direction"": ""increases_risk""}]"
ST1558,22,55.6,37.3,56.2,33.0,77.5,5.9,5,13,5,0,1,0.9058,High,"[{""feature"": ""avg_grade"", ""label"": ""Average Grade"", ""value"": 37.3, ""contribution"": 0.1261, ""direction"": ""increases_risk""}, {""feature"": ""engagement_score"", ""label"": ""Engagement"", ""value"": 33.0, ""contribution"": 0.1146, ""direction"": ""increases_risk""}, {""feature"": ""attendance"", ""label"": ""Attendance"", ""value"": 55.6, ""contribution"": 0.113, ""direction"": ""increases_risk""}, {""feature"": ""assignment_completion"", ""label"": ""Assignment Completion"", ""value"": 56.2, ""contribution"": 0.0796, ""direction"": ""increases_risk""}, {""feature"": ""participation_score"", ""label"": ""Participation"", ""value"": 77.5, ""contribution"": -0.0701, ""direction"": ""decreases_risk""}]"
ST1559,22,100.0,81.8,75.7,58.7,58.7,15.2,1,0,1,1,0,0.118,Low,"[{""feature"": ""attendance"", ""label"": ""Attendance"", ""value"": 100.0, ""contribution"": -0.1795, ""direction"": ""decreases_risk""}, {""feature"": ""avg_grade"", ""label"": ""Average Grade"", ""value"": 81.8, ""contribution"": -0.1397, ""direction"": ""decreases_risk""}, {""feature"": ""absences"", ""label"": ""Absences"", ""value"": 0.0, ""contribution"": -0.0482, ""direction"": ""decreases_risk""}, {""feature"": ""assignment_completion"", ""label"": ""Assignment Completion"", ""value"": 75.7, ""contribution"": -0.0283, ""direction"": ""decreases_risk""}, {""feature"": ""study_hours"", ""label"": ""Study Hours"", ""value"": 15.2, ""contribution"": -0.0259, ""direction"": ""decreases_risk""}]"
ST1560,20,84.8,69.8,89.8,76.8,61.3,11.5,2,1,5,0,0,0.1458,Low,"[{""feature"": ""attendance"", ""label"": ""Attendance"", ""value"": 84.8, ""contribution"": -0.1151, ""direction"": ""decreases_risk""}, {""feature"": ""engagement_score"", ""label"": ""Engagement"", ""value"": 76.8, ""contribution"": -0.0877, ""direction"": ""decreases_risk""}, {""feature"": ""assignment_completion"", ""label"": ""Assignment Completion"", ""value"": 89.8, ""contribution"": -0.0726, ""direction"": ""decreases_risk""}, {""feature"": ""avg_grade"", ""label"": ""Average Grade"", ""value"": 69.8, ""contribution"": -0.0552, ""direction"": ""decreases_risk""}, {""feature"": ""absences"", ""label"": ""Absences"", ""value"": 1.0, ""contribution"": -0.0226, ""direction"": ""decreases_risk""}]"
ST1561,16,89.0,82.0,91.7,75.0,100.0,7.7,3,0,2,0,0,0.0704,Low,"[{""feature"": ""attendance"", ""label"": ""Attendance"", ""value"": 89.0, ""contribution"": -0.1328, ""direction"": ""decreases_risk""}, {""feature"": ""avg_grade"", ""label"": ""Average Grade"", ""value"": 82.0, ""contribution"": -0.1193, ""direction"": ""decreases_risk""}, {""feature"": ""assignment_completion"", ""label"": ""Assignment Completion"", ""value"": 91.7, ""contribution"": -0.0837, ""direction"": ""decreases_risk""}, {""feature"": ""engagement_score"", ""label"": ""Engagement"", ""value"": 75.0, ""contribution"": -0.0498, ""direction"": ""decreases_risk""}, {""feature"": ""participation_score"", ""label"": ""Participation"", ""value"": 100.0, ""contribution"": -0.0485, ""direction"": ""decreases_risk""}]"
ST1562,19,85.5,66.6,81.0,75.5,72.6,16.5,1,1,4,0,0,0.0917,Low,"[{""feature"": ""attendance"", ""label"": ""Attendance"", ""value"": 85.5, ""contribution"": -0.1138, ""direction"": ""decreases_risk""}, {""feature"": ""engagement_score"", ""label"": ""Engagement"", ""value"": 75.5, ""contribution"": -0.0771, ""direction"": ""decreases_risk""}, {""feature"": ""assignment_completion"", ""label"": ""Assignment Completion"", ""value"": 81.0, ""contribution"": -0.0664, ""direction"": ""decreases_risk""}, {""feature"": ""avg_grade"", ""label"": ""Average Grade"", ""value"": 66.6, ""contribution"": -0.0445, ""direction"": ""decreases_risk""}, {""feature"": ""participation_score"", ""label"": ""Participation"", ""value"": 72.6, ""contribution"": -0.0441, ""direction"": ""decreases_risk""}]"
ST1563,17,60.4,43.3,48.0,19.5,28.8,7.7,3,13,2,1,1,0.9937,High,"[{""feature"": ""avg_grade"", ""label"": ""Average Grade"", ""value"": 43.3, ""contribution"": 0.1134, ""direction"": ""increases_risk""}, {""feature"": ""attendance"", ""label"": ""Attendance"", ""value"": 60.4, ""contribution"": 0.1089, ""direction"": ""increases_risk""}, {""feature"": ""engagement_score"", ""label"": ""Engagement"", ""value"": 19.5, ""contribution"": 0.0983, ""direction"": ""increases_risk""}, {""feature"": ""assignment_completion"", ""label"": ""Assignment Completion"", ""value"": 48.0, ""contribution"": 0.0751, ""direction"": ""increases_risk""}, {""feature"": ""participation_score"", ""label"": ""Participation"", ""value"": 28.8, ""contribution"": 0.0437, ""direction"": ""increases_risk""}]"
ST1564,23,100.0,100.0,100.0,97.4,100.0,22.3,0,0,3,0,0,0.0088,Low,"[{""feature"": ""attendance"", ""label"": ""Attendance"", ""value"": 100.0, ""contribution"": -0.1161, ""direction"": ""decreases_risk""}, {""feature"": ""avg_grade"", ""label"": ""Average Grade"", ""value"": 100.0, ""contribution"": -0.1084, ""direction"": ""decreases_risk""}, {""feature"": ""engagement_score"", ""label"": ""Engagement"", ""value"": 97.4, ""contribution"": -0.0941, ""direction"": ""decreases_risk""}, {""feature"": ""assignment_completion"", ""label"": ""Assignment Completion"", ""value"": 100.0, ""contribution"": -0.0719, ""direction"": ""decreases_risk""}, {""feature"": ""participation_score"", ""label"": ""Participation"", ""value"": 100.0, ""contribution"": -0.0299, ""direction"": ""decreases_risk""}]"
ST1565,17,95.5,100.0,100.0,100.0,86.0,17.3,0,2,4,0,0,0.0092,Low,"[{""feature"": ""attendance"", ""label"": ""Attendance"", ""value"": 95.5, ""contribution"": -0.1128, ""direction"": ""decreases_risk""}, {""feature"": ""avg_grade"", ""label"": ""Average Grade"", ""value"": 100.0, ""contribution"": -0.1066, ""direction"": ""decreases_risk""}, {""feature"": ""engagement_score"", ""label"": ""Engagement"", ""value"": 100.0, ""contribution"": -0.0924, ""direction"": ""decreases_risk""}, {""feature"": ""assignment_completion"", ""label"": ""Assignment Completion"", ""value"": 100.0, ""contribution"": -0.0716, ""direction"": ""decreases_risk""}, {""feature"": ""participation_score"", ""label"": ""Participation"", ""value"": 86.0, ""contribution"": -0.0404, ""direction"": ""decreases_risk""}]"
ST1566,17,86.1,85.1,89.0,52.8,85.6,12.7,0,7,3,1,0,0.1549,Low,"[{""feature"": ""attendance"", ""label"": ""Attendance"", ""value"": 86.1, ""contribution"": -0.1545, ""direction"": ""decreases_risk""}, {""feature"": ""engagement_score"", ""label"": ""Engagement"", ""value"": 52.8, ""contribution"": 0.1217, ""direction"": ""increases_risk""}, {""feature"": ""avg_grade"", ""label"": ""Average Grade"", ""value"": 85.1, ""contribution"": -0.1184, ""direction"": ""decreases_risk""}, {""feature"": ""assignment_completion"", ""label"": ""Assignment Completion"", ""value"": 89.0, ""contribution"": -0.0626, ""direction"": ""decreases_risk""}, {""feature"": ""participation_score"", ""label"": ""Participation"", ""value"": 85.6, ""contribution"": -0.0382, ""direction"": ""decreases_risk""}]"
ST1567,17,85.0,70.7,79.3,81.9,65.5,6.5,0,4,4,1,0,0.0777,Low,"[{""feature"": ""engagement_score"", ""label"": ""Engagement"", ""value"": 81.9, ""contribution"": -0.11, ""direction"": ""decreases_risk""}, {""feature"": ""attendance"", ""label"": ""Attendance"", ""value"": 85.0, ""contribution"": -0.1097, ""direction"": ""decreases_risk""}, {""feature"": ""avg_grade"", ""label"": ""Average Grade"", ""value"": 70.7, ""contribution"": -0.0724, ""direction"": ""decreases_risk""}, {""feature"": ""assignment_completion"", ""label"": ""Assignment Completion"", ""value"": 79.3, ""contribution"": -0.0581, ""direction"": ""decreases_risk""}, {""feature"": ""previous_failures"", ""label"": ""Previous Failures"", ""value"": 0.0, ""contribution"": -0.0297, ""direction"": ""decreases_risk""}]"
ST1568,21,56.8,52.6,67.9,38.1,53.5,11.7,3,15,1,1,1,0.9301,High,"[{""feature"": ""avg_grade"", ""label"": ""Average Grade"", ""value"": 52.6, ""contribution"": 0.1157, ""direction"": ""increases_risk""}, {""feature"": ""attendance"", ""label"": ""Attendance"", ""value"": 56.8, ""contribution"": 0.107, ""direction"": ""increases_risk""}, {""feature"": ""engagement_score"", ""label"": ""Engagement"", ""value"": 38.1, ""contribution"": 0.0969, ""direction"": ""increases_risk""}, {""feature"": ""absences"", ""label"": ""Absences"", ""value"": 15.0, ""contribution"": 0.0366, ""direction"": ""increases_risk""}, {""feature"": ""participation_score"", ""label"": ""Participation"", ""value"": 53.5, ""contribution"": 0.0327, ""direction"": ""increases_risk""}]"
ST1569,20,67.9,75.8,78.4,70.8,79.1,5.1,3,8,5,0,0,0.2019,Low,"[{""feature"": ""engagement_score"", ""label"": ""Engagement"", ""value"": 70.8, ""contribution"": -0.1291, ""direction"": ""decreases_risk""}, {""feature"": ""avg_grade"", ""label"": ""Average Grade"", ""value"": 75.8, ""contribution"": -0.1149, ""direction"": ""decreases_risk""}, {""feature"": ""attendance"", ""label"": ""Attendance"", ""value"": 67.9, ""contribution"": 0.0923, ""direction"": ""increases_risk""}, {""feature"": ""participation_score"", ""label"": ""Participation"", ""value"": 79.1, ""contribution"": -0.0677, ""direction"": ""decreases_risk""}, {""feature"": ""assignment_completion"", ""label"": ""Assignment Completion"", ""value"": 78.4, ""contribution"": -0.0623, ""direction"": ""decreases_risk""}]"
ST1570,23,78.7,86.6,73.6,69.1,79.6,14.6,0,3,3,1,0,0.0782,Low,"[{""feature"": ""avg_grade"", ""label"": ""Average Grade"", ""value"": 86.6, ""contribution"": -0.1163, ""direction"": ""decreases_risk""}, {""feature"": ""attendance"", ""label"": ""Attendance"", ""value"": 78.7, ""contribution"": -0.1104, ""direction"": ""decreases_risk""}, {""feature"": ""engagement_score"", ""label"": ""Engagement"", ""value"": 69.1, ""contribution"": -0.0647, ""direction"": ""decreases_risk""}, {""feature"": ""participation_score"", ""label"": ""Participation"", ""value"": 79.6, ""contribution"": -0.0564, ""direction"": ""decreases_risk""}, {""feature"": ""previous_failures"", ""label"": ""Previous Failures"", ""value"": 0.0, ""contribution"": -0.0386, ""direction"": ""decreases_risk""}]"
ST1571,19,73.2,48.9,53.2,60.9,64.4,4.9,2,5,4,0,1,0.7764,High,"[{""feature"": ""avg_grade"", ""label"": ""Average Grade"", ""value"": 48.9, ""contribution"": 0.1865, ""direction"": ""increases_risk""}, {""feature"": ""assignment_completion"", ""label"": ""Assignment Completion"", ""value"": 53.2, ""contribution"": 0.1419, ""direction"": ""increases_risk""}, {""feature"": ""attendance"", ""label"": ""Attendance"", ""value"": 73.2, ""contribution"": -0.0658, ""direction"": ""decreases_risk""}, {""feature"": ""engagement_score"", ""label"": ""Engagement"", ""value"": 60.9, ""contribution"": 0.0396, ""direction"": ""increases_risk""}, {""feature"": ""absences"", ""label"": ""Absences"", ""value"": 5.0, ""contribution"": -0.0376, ""direction"": ""decreases_risk""}]"
ST1572,18,66.2,58.3,44.7,83.2,58.4,3.1,2,14,2,1,0,0.5964,Medium,"[{""feature"": ""engagement_score"", ""label"": ""Engagement"", ""value"": 83.2, ""contribution"": -0.2259, ""direction"": ""decreases_risk""}, {""feature"": ""avg_grade"", ""label"": ""Average Grade"", ""value"": 58.3, ""contribution"": 0.1044, ""direction"": ""increases_risk""}, {""feature"": ""assignment_completion"", ""label"": ""Assignment Completion"", ""value"": 44.7, ""contribution"": 0.0929, ""direction"": ""increases_risk""}, {""feature"": ""attendance"", ""label"": ""Attendance"", ""value"": 66.2, ""contribution"": 0.0725, ""direction"": ""increases_risk""}, {""feature"": ""absences"", ""label"": ""Absences"", ""value"": 14.0, ""contribution"": 0.0272, ""direction"": ""increases_risk""}]"
ST1573,16,80.6,63.5,86.4,43.3,60.5,11.9,2,6,3,1,0,0.215,Low,"[{""feature"": ""attendance"", ""label"": ""Attendance"", ""value"": 80.6, ""contribution"": -0.1778, ""direction"": ""decreases_risk""}, {""feature"": ""engagement_score"", ""label"": ""Engagement"", ""value"": 43.3, ""contribution"": 0.1208, ""direction"": ""increases_risk""}, {""feature"": ""assignment_completion"", ""label"": ""Assignment Completion"", ""value"": 86.4, ""contribution"": -0.1109, ""direction"": ""decreases_risk""}, {""feature"": ""absences"", ""label"": ""Absences"", ""value"": 6.0, ""contribution"": -0.0625, ""direction"": ""decreases_risk""}, {""feature"": ""participation_score"", ""label"": ""Participation"", ""value"": 60.5, ""contribution"": -0.024, ""direction"": ""decreases_risk""}]"
ST1574,16,66.3,45.4,65.7,57.9,61.2,6.7,4,6,3,0,1,0.9146,High,"[{""feature"": ""avg_grade"", ""label"": ""Average Grade"", ""value"": 45.4, ""contribution"": 0.1563, ""direction"": ""increases_risk""}, {""feature"": ""attendance"", ""label"": ""Attendance"", ""value"": 66.3, ""contribution"": 0.1104, ""direction"": ""increases_risk""}, {""feature"": ""assignment_completion"", ""label"": ""Assignment Completion"", ""value"": 65.7, ""contribution"": 0.0766, ""direction"": ""increases_risk""}, {""feature"": ""engagement_score"", ""label"": ""Engagement"", ""value"": 57.9, ""contribution"": 0.0614, ""direction"": ""increases_risk""}, {""feature"": ""previous_failures"", ""label"": ""Previous Failures"", ""value"": 4.0, ""contribution"": 0.054, ""direction"": ""increases_risk""}]"
ST1575,18,72.8,75.1,79.9,47.6,77.5,13.3,4,9,1,0,1,0.5528,Medium,"[{""feature"": ""engagement_score"", ""label"": ""Engagement"", ""value"": 47.6, ""contribution"": 0.1933, ""direction"": ""increases_risk""}, {""feature"": ""avg_grade"", ""label"": ""Average Grade"", ""value"": 75.1, ""contribution"": -0.064, ""direction"": ""decreases_risk""}, {""feature"": ""previous_failures"", ""label"": ""Previous Failures"", ""value"": 4.0, ""contribution"": 0.0562, ""direction"": ""increases_risk""}, {""feature"": ""assignment_completion"", ""label"": ""Assignment Completion"", ""value"": 79.9, ""contribution"": -0.0485, ""direction"": ""decreases_risk""}, {""feature"": ""participation_score"", ""label"": ""Participation"", ""value"": 77.5, ""contribution"": -0.0439, ""direction"": ""decreases_risk""}]"
ST1576,23,89.9,69.1,76.5,83.5,77.3,10.7,0,0,3,0,0,0.0748,Low,"[{""feature"": ""attendance"", ""label"": ""Attendance"", ""value"": 89.9, ""contribution"": -0.1259, ""direction"": ""decreases_risk""}, {""feature"": ""engagement_score"", ""label"": ""Engagement"", ""value"": 83.5, ""contribution"": -0.0985, ""direction"": ""decreases_risk""}, {""feature"": ""avg_grade"", ""label"": ""Average Grade"", ""value"": 69.1, ""contribution"": -0.0624, ""direction"": ""decreases_risk""}, {""feature"": ""participation_score"", ""label"": ""Participation"", ""value"": 77.3, ""contribution"": -0.0468, ""direction"": ""decreases_risk""}, {""feature"": ""assignment_completion"", ""label"": ""Assignment Completion"", ""value"": 76.5, ""contribution"": -0.0328, ""direction"": ""decreases_risk""}]"
ST1577,20,54.8,64.8,82.7,55.3,78.0,6.6,2,21,4,0,1,0.7923,High,"[{""feature"": ""attendance"", ""label"": ""Attendance"", ""value"": 54.8, ""contribution"": 0.1767, ""direction"": ""increases_risk""}, {""feature"": ""engagement_score"", ""label"": ""Engagement"", ""value"": 55.3, ""contribution"": 0.1267, ""direction"": ""increases_risk""}, {""feature"": ""assignment_completion"", ""label"": ""Assignment Completion"", ""value"": 82.7, ""contribution"": -0.0631, ""direction"": ""decreases_risk""}, {""feature"": ""participation_score"", ""label"": ""Participation"", ""value"": 78.0, ""contribution"": -0.0616, ""direction"": ""decreases_risk""}, {""feature"": ""absences"", ""label"": ""Absences"", ""value"": 21.0, ""contribution"": 0.0609, ""direction"": ""increases_risk""}]"
ST1578,23,56.3,65.0,67.9,68.7,75.8,4.3,2,14,5,1,0,0.2898,Low,"[{""feature"": ""engagement_score"", ""label"": ""Engagement"", ""value"": 68.7, ""contribution"": -0.1881, ""direction"": ""decreases_risk""}, {""feature"": ""attendance"", ""label"": ""Attendance"", ""value"": 56.3, ""contribution"": 0.1031, ""direction"": ""increases_risk""}, {""feature"": ""participation_score"", ""label"": ""Participation"", ""value"": 75.8, ""contribution"": -0.0861, ""direction"": ""decreases_risk""}, {""feature"": ""avg_grade"", ""label"": ""Average Grade"", ""value"": 65.0, ""contribution"": -0.0494, ""direction"": ""decreases_risk""}, {""feature"": ""assignment_completion"", ""label"": ""Assignment Completion"", ""value"": 67.9, ""contribution"": 0.0439, ""direction"": ""increases_risk""}]"
ST1579,16,79.3,70.5,81.9,60.7,70.3,5.4,0,9,5,0,0,0.1324,Low,"[{""feature"": ""attendance"", ""label"": ""Attendance"", ""value"": 79.3, ""contribution"": -0.143, ""direction"": ""decreases_risk""}, {""feature"": ""avg_grade"", ""label"": ""Average Grade"", ""value"": 70.5, ""contribution"": -0.0897, ""direction"": ""decreases_risk""}, {""feature"": ""assignment_completion"", ""label"": ""Assignment Completion"", ""value"": 81.9, ""contribution"": -0.0643, ""direction"": ""decreases_risk""}, {""feature"": ""absences"", ""label"": ""Absences"", ""value"": 9.0, ""contribution"": -0.0423, ""direction"": ""decreases_risk""}, {""feature"": ""previous_failures"", ""label"": ""Previous Failures"", ""value"": 0.0, ""contribution"": -0.0393, ""direction"": ""decreases_risk""}]"
ST1580,16,54.4,48.2,61.7,50.4,50.1,10.8,3,19,2,1,1,0.9786,High,"[{""feature"": ""avg_grade"", ""label"": ""Average Grade"", ""value"": 48.2, ""contribution"": 0.1179, ""direction"": ""increases_risk""}, {""feature"": ""attendance"", ""label"": ""Attendance"", ""value"": 54.4, ""contribution"": 0.1131, ""direction"": ""increases_risk""}, {""feature"": ""engagement_score"", ""label"": ""Engagement"", ""value"": 50.4, ""contribution"": 0.0901, ""direction"": ""increases_risk""}, {""feature"": ""assignment_completion"", ""label"": ""Assignment Completion"", ""value"": 61.7, ""contribution"": 0.0665, ""direction"": ""increases_risk""}, {""feature"": ""participation_score"", ""label"": ""Participation"", ""value"": 50.1, ""contribution"": 0.0426, ""direction"": ""increases_risk""}]"
ST1581,22,100.0,100.0,100.0,100.0,100.0,29.3,0,0,4,1,0,0.0052,Low,"[{""feature"": ""attendance"", ""label"": ""Attendance"", ""value"": 100.0, ""contribution"": -0.1077, ""direction"": ""decreases_risk""}, {""feature"": ""avg_grade"", ""label"": ""Average Grade"", ""value"": 100.0, ""contribution"": -0.107, ""direction"": ""decreases_risk""}, {""feature"": ""engagement_score"", ""label"": ""Engagement"", ""value"": 100.0, ""contribution"": -0.0938, ""direction"": ""decreases_risk""}, {""feature"": ""assignment_completion"", ""label"": ""Assignment Completion"", ""value"": 100.0, ""contribution"": -0.0731, ""direction"": ""decreases_risk""}, {""feature"": ""participation_score"", ""label"": ""Participation"", ""value"": 100.0, ""contribution"": -0.032, ""direction"": ""decreases_risk""}]"
ST1582,16,100.0,91.4,100.0,100.0,74.1,18.7,0,0,1,0,0,0.0085,Low,"[{""feature"": ""attendance"", ""label"": ""Attendance"", ""value"": 100.0, ""contribution"": -0.1182, ""direction"": ""decreases_risk""}, {""feature"": ""avg_grade"", ""label"": ""Average Grade"", ""value"": 91.4, ""contribution"": -0.1115, ""direction"": ""decreases_risk""}, {""feature"": ""engagement_score"", ""label"": ""Engagement"", ""value"": 100.0, ""contribution"": -0.0913, ""direction"": ""decreases_risk""}, {""feature"": ""assignment_completion"", ""label"": ""Assignment Completion"", ""value"": 100.0, ""contribution"": -0.0747, ""direction"": ""decreases_risk""}, {""feature"": ""participation_score"", ""label"": ""Participation"", ""value"": 74.1, ""contribution"": -0.0415, ""direction"": ""decreases_risk""}]"
ST1583,16,100.0,100.0,100.0,88.9,83.6,14.9,0,2,5,0,0,0.0022,Low,"[{""feature"": ""attendance"", ""label"": ""Attendance"", ""value"": 100.0, ""contribution"": -0.1133, ""direction"": ""decreases_risk""}, {""feature"": ""avg_grade"", ""label"": ""Average Grade"", ""value"": 100.0, ""contribution"": -0.1067, ""direction"": ""decreases_risk""}, {""feature"": ""engagement_score"", ""label"": ""Engagement"", ""value"": 88.9, ""contribution"": -0.0946, ""direction"": ""decreases_risk""}, {""feature"": ""assignment_completion"", ""label"": ""Assignment Completion"", ""value"": 100.0, ""contribution"": -0.0718, ""direction"": ""decreases_risk""}, {""feature"": ""participation_score"", ""label"": ""Participation"", ""value"": 83.6, ""contribution"": -0.0429, ""direction"": ""decreases_risk""}]"
ST1584,19,75.6,78.4,100.0,62.8,75.5,12.7,0,9,5,0,0,0.082,Low,"[{""feature"": ""attendance"", ""label"": ""Attendance"", ""value"": 75.6, ""contribution"": -0.1204, ""direction"": ""decreases_risk""}, {""feature"": ""avg_grade"", ""label"": ""Average Grade"", ""value"": 78.4, ""contribution"": -0.1067, ""direction"": ""decreases_risk""}, {""feature"": ""assignment_completion"", ""label"": ""Assignment Completion"", ""value"": 100.0, ""contribution"": -0.0616, ""direction"": ""decreases_risk""}, {""feature"": ""participation_score"", ""label"": ""Participation"", ""value"": 75.5, ""contribution"": -0.0563, ""direction"": ""decreases_risk""}, {""feature"": ""absences"", ""label"": ""Absences"", ""value"": 9.0, ""contribution"": -0.0387, ""direction"": ""decreases_risk""}]"
ST1585,23,79.4,66.2,87.1,89.7,67.0,15.8,2,8,5,1,0,0.0794,Low,"[{""feature"": ""engagement_score"", ""label"": ""Engagement"", ""value"": 89.7, ""contribution"": -0.1143, ""direction"": ""decreases_risk""}, {""feature"": ""attendance"", ""label"": ""Attendance"", ""value"": 79.4, ""contribution"": -0.1037, ""direction"": ""decreases_risk""}, {""feature"": ""assignment_completion"", ""label"": ""Assignment Completion"", ""value"": 87.1, ""contribution"": -0.0834, ""direction"": ""decreases_risk""}, {""feature"": ""avg_grade"", ""label"": ""Average Grade"", ""value"": 66.2, ""contribution"": -0.0439, ""direction"": ""decreases_risk""}, {""feature"": ""absences"", ""label"": ""Absences"", ""value"": 8.0, ""contribution"": -0.0378, ""direction"": ""decreases_risk""}]"
ST1586,21,100.0,98.1,100.0,97.6,92.8,17.2,0,0,3,0,0,0.0023,Low,"[{""feature"": ""attendance"", ""label"": ""Attendance"", ""value"": 100.0, ""contribution"": -0.117, ""direction"": ""decreases_risk""}, {""feature"": ""avg_grade"", ""label"": ""Average Grade"", ""value"": 98.1, ""contribution"": -0.1101, ""direction"": ""decreases_risk""}, {""feature"": ""engagement_score"", ""label"": ""Engagement"", ""value"": 97.6, ""contribution"": -0.0947, ""direction"": ""decreases_risk""}, {""feature"": ""assignment_completion"", ""label"": ""Assignment Completion"", ""value"": 100.0, ""contribution"": -0.0724, ""direction"": ""decreases_risk""}, {""feature"": ""participation_score"", ""label"": ""Participation"", ""value"": 92.8, ""contribution"": -0.0381, ""direction"": ""decreases_risk""}]"
ST1587,16,100.0,100.0,100.0,100.0,82.0,17.1,0,2,2,1,0,0.0072,Low,"[{""feature"": ""attendance"", ""label"": ""Attendance"", ""value"": 100.0, ""contribution"": -0.1105, ""direction"": ""decreases_risk""}, {""feature"": ""avg_grade"", ""label"": ""Average Grade"", ""value"": 100.0, ""contribution"": -0.1042, ""direction"": ""decreases_risk""}, {""feature"": ""engagement_score"", ""label"": ""Engagement"", ""value"": 100.0, ""contribution"": -0.0917, ""direction"": ""decreases_risk""}, {""feature"": ""assignment_completion"", ""label"": ""Assignment Completion"", ""value"": 100.0, ""contribution"": -0.0713, ""direction"": ""decreases_risk""}, {""feature"": ""participation_score"", ""label"": ""Participation"", ""value"": 82.0, ""contribution"": -0.0431, ""direction"": ""decreases_risk""}]"
ST1588,22,100.0,100.0,100.0,99.6,88.6,15.8,0,0,4,0,0,0.0012,Low,"[{""feature"": ""attendance"", ""label"": ""Attendance"", ""value"": 100.0, ""contribution"": -0.1142, ""direction"": ""decreases_risk""}, {""feature"": ""avg_grade"", ""label"": ""Average Grade"", ""value"": 100.0, ""contribution"": -0.1066, ""direction"": ""decreases_risk""}, {""feature"": ""engagement_score"", ""label"": ""Engagement"", ""value"": 99.6, ""contribution"": -0.095, ""direction"": ""decreases_risk""}, {""feature"": ""assignment_completion"", ""label"": ""Assignment Completion"", ""value"": 100.0, ""contribution"": -0.0731, ""direction"": ""decreases_risk""}, {""feature"": ""participation_score"", ""label"": ""Participation"", ""value"": 88.6, ""contribution"": -0.0384, ""direction"": ""decreases_risk""}]"
ST1589,22,43.8,33.3,26.4,16.4,40.9,0.0,2,21,4,1,1,0.9989,High,"[{""feature"": ""avg_grade"", ""label"": ""Average Grade"", ""value"": 33.3, ""contribution"": 0.1147, ""direction"": ""increases_risk""}, {""feature"": ""attendance"", ""label"": ""Attendance"", ""value"": 43.8, ""contribution"": 0.1145, ""direction"": ""increases_risk""}, {""feature"": ""engagement_score"", ""label"": ""Engagement"", ""value"": 16.4, ""contribution"": 0.097, ""direction"": ""increases_risk""}, {""feature"": ""assignment_completion"", ""label"": ""Assignment Completion"", ""value"": 26.4, ""contribution"": 0.0792, ""direction"": ""increases_risk""}, {""feature"": ""participation_score"", ""label"": ""Participation"", ""value"": 40.9, ""contribution"": 0.0459, ""direction"": ""increases_risk""}]"
ST1590,22,42.1,28.3,56.4,34.1,44.6,2.3,2,23,2,0,1,0.9997,High,"[{""feature"": ""attendance"", ""label"": ""Attendance"", ""value"": 42.1, ""contribution"": 0.1176, ""direction"": ""increases_risk""}, {""feature"": ""avg_grade"", ""label"": ""Average Grade"", ""value"": 28.3, ""contribution"": 0.1115, ""direction"": ""increases_risk""}, {""feature"": ""engagement_score"", ""label"": ""Engagement"", ""value"": 34.1, ""contribution"": 0.0943, ""direction"": ""increases_risk""}, {""feature"": ""assignment_completion"", ""label"": ""Assignment Completion"", ""value"": 56.4, ""contribution"": 0.0736, ""direction"": ""increases_risk""}, {""feature"": ""participation_score"", ""label"": ""Participation"", ""value"": 44.6, ""contribution"": 0.0434, ""direction"": ""increases_risk""}]"
ST1591,23,77.5,82.4,71.1,79.3,58.7,14.7,1,10,3,0,0,0.1865,Low,"[{""feature"": ""avg_grade"", ""label"": ""Average Grade"", ""value"": 82.4, ""contribution"": -0.1294, ""direction"": ""decreases_risk""}, {""feature"": ""attendance"", ""label"": ""Attendance"", ""value"": 77.5, ""contribution"": -0.1255, ""direction"": ""decreases_risk""}, {""feature"": ""engagement_score"", ""label"": ""Engagement"", ""value"": 79.3, ""contribution"": -0.1162, ""direction"": ""decreases_risk""}, {""feature"": ""assignment_completion"", ""label"": ""Assignment Completion"", ""value"": 71.1, ""contribution"": 0.053, ""direction"": ""increases_risk""}, {""feature"": ""participation_score"", ""label"": ""Participation"", ""value"": 58.7, ""contribution"": 0.0374, ""direction"": ""increases_risk""}]"
ST1592,17,91.6,86.7,100.0,92.9,92.8,10.7,0,4,4,0,0,0.0064,Low,"[{""feature"": ""attendance"", ""label"": ""Attendance"", ""value"": 91.6, ""contribution"": -0.1136, ""direction"": ""decreases_risk""}, {""feature"": ""avg_grade"", ""label"": ""Average Grade"", ""value"": 86.7, ""contribution"": -0.1081, ""direction"": ""decreases_risk""}, {""feature"": ""engagement_score"", ""label"": ""Engagement"", ""value"": 92.9, ""contribution"": -0.0998, ""direction"": ""decreases_risk""}, {""feature"": ""assignment_completion"", ""label"": ""Assignment Completion"", ""value"": 100.0, ""contribution"": -0.072, ""direction"": ""decreases_risk""}, {""feature"": ""participation_score"", ""label"": ""Participation"", ""value"": 92.8, ""contribution"": -0.042, ""direction"": ""decreases_risk""}]"
ST1593,23,88.8,97.8,100.0,96.5,82.5,18.5,0,6,3,1,0,0.0009,Low,"[{""feature"": ""attendance"", ""label"": ""Attendance"", ""value"": 88.8, ""contribution"": -0.1104, ""direction"": ""decreases_risk""}, {""feature"": ""avg_grade"", ""label"": ""Average Grade"", ""value"": 97.8, ""contribution"": -0.1086, ""direction"": ""decreases_risk""}, {""feature"": ""engagement_score"", ""label"": ""Engagement"", ""value"": 96.5, ""contribution"": -0.0937, ""direction"": ""decreases_risk""}, {""feature"": ""assignment_completion"", ""label"": ""Assignment Completion"", ""value"": 100.0, ""contribution"": -0.0683, ""direction"": ""decreases_risk""}, {""feature"": ""participation_score"", ""label"": ""Participation"", ""value"": 82.5, ""contribution"": -0.0415, ""direction"": ""decreases_risk""}]"
ST1594,18,100.0,100.0,86.5,100.0,93.8,19.2,0,2,2,0,0,0.0108,Low,"[{""feature"": ""attendance"", ""label"": ""Attendance"", ""value"": 100.0, ""contribution"": -0.1165, ""direction"": ""decreases_risk""}, {""feature"": ""avg_grade"", ""label"": ""Average Grade"", ""value"": 100.0, ""contribution"": -0.1095, ""direction"": ""decreases_risk""}, {""feature"": ""engagement_score"", ""label"": ""Engagement"", ""value"": 100.0, ""contribution"": -0.0918, ""direction"": ""decreases_risk""}, {""feature"": ""assignment_completion"", ""label"": ""Assignment Completion"", ""value"": 86.5, ""contribution"": -0.0696, ""direction"": ""decreases_risk""}, {""feature"": ""participation_score"", ""label"": ""Participation"", ""value"": 93.8, ""contribution"": -0.0395, ""direction"": ""decreases_risk""}]"
ST1595,22,79.1,76.9,78.6,70.5,65.9,12.9,1,12,2,0,0,0.1511,Low,"[{""feature"": ""attendance"", ""label"": ""Attendance"", ""value"": 79.1, ""contribution"": -0.1162, ""direction"": ""decreases_risk""}, {""feature"": ""avg_grade"", ""label"": ""Average Grade"", ""value"": 76.9, ""contribution"": -0.104, ""direction"": ""decreases_risk""}, {""feature"": ""engagement_score"", ""label"": ""Engagement"", ""value"": 70.5, ""contribution"": -0.0627, ""direction"": ""decreases_risk""}, {""feature"": ""assignment_completion"", ""label"": ""Assignment Completion"", ""value"": 78.6, ""contribution"": -0.0539, ""direction"": ""decreases_risk""}, {""feature"": ""absences"", ""label"": ""Absences"", ""value"": 12.0, ""contribution"": 0.0414, ""direction"": ""increases_risk""}]"
ST1596,20,100.0,90.7,100.0,88.3,76.6,20.6,0,0,3,1,0,0.0002,Low,"[{""feature"": ""attendance"", ""label"": ""Attendance"", ""value"": 100.0, ""contribution"": -0.112, ""direction"": ""decreases_risk""}, {""feature"": ""avg_grade"", ""label"": ""Average Grade"", ""value"": 90.7, ""contribution"": -0.1093, ""direction"": ""decreases_risk""}, {""feature"": ""engagement_score"", ""label"": ""Engagement"", ""value"": 88.3, ""contribution"": -0.0938, ""direction"": ""decreases_risk""}, {""feature"": ""assignment_completion"", ""label"": ""Assignment Completion"", ""value"": 100.0, ""contribution"": -0.0732, ""direction"": ""decreases_risk""}, {""feature"": ""participation_score"", ""label"": ""Participation"", ""value"": 76.6, ""contribution"": -0.04, ""direction"": ""decreases_risk""}]"
ST1597,22,76.3,68.2,78.6,84.1,86.2,11.9,2,9,2,1,0,0.0293,Low,"[{""feature"": ""engagement_score"", ""label"": ""Engagement"", ""value"": 84.1, ""contribution"": -0.1188, ""direction"": ""decreases_risk""}, {""feature"": ""attendance"", ""label"": ""Attendance"", ""value"": 76.3, ""contribution"": -0.1183, ""direction"": ""decreases_risk""}, {""feature"": ""avg_grade"", ""label"": ""Average Grade"", ""value"": 68.2, ""contribution"": -0.084, ""direction"": ""decreases_risk""}, {""feature"": ""assignment_completion"", ""label"": ""Assignment Completion"", ""value"": 78.6, ""contribution"": -0.0555, ""direction"": ""decreases_risk""}, {""feature"": ""participation_score"", ""label"": ""Participation"", ""value"": 86.2, ""contribution"": -0.0546, ""direction"": ""decreases_risk""}]"
ST1598,21,84.9,83.4,100.0,98.4,100.0,22.0,0,8,2,0,0,0.019,Low,"[{""feature"": ""avg_grade"", ""label"": ""Average Grade"", ""value"": 83.4, ""contribution"": -0.1117, ""direction"": ""decreases_risk""}, {""feature"": ""attendance"", ""label"": ""Attendance"", ""value"": 84.9, ""contribution"": -0.1112, ""direction"": ""decreases_risk""}, {""feature"": ""engagement_score"", ""label"": ""Engagement"", ""value"": 98.4, ""contribution"": -0.0958, ""direction"": ""decreases_risk""}, {""feature"": ""assignment_completion"", ""label"": ""Assignment Completion"", ""value"": 100.0, ""contribution"": -0.0662, ""direction"": ""decreases_risk""}, {""feature"": ""participation_score"", ""label"": ""Participation"", ""value"": 100.0, ""contribution"": -0.0329, ""direction"": ""decreases_risk""}]"
ST1599,21,96.3,89.6,86.6,80.8,83.6,10.1,1,0,1,0,0,0.0082,Low,"[{""feature"": ""attendance"", ""label"": ""Attendance"", ""value"": 96.3, ""contribution"": -0.1281, ""direction"": ""decreases_risk""}, {""feature"": ""avg_grade"", ""label"": ""Average Grade"", ""value"": 89.6, ""contribution"": -0.1117, ""direction"": ""decreases_risk""}, {""feature"": ""engagement_score"", ""label"": ""Engagement"", ""value"": 80.8, ""contribution"": -0.0991, ""direction"": ""decreases_risk""}, {""feature"": ""assignment_completion"", ""label"": ""Assignment Completion"", ""value"": 86.6, ""contribution"": -0.0843, ""direction"": ""decreases_risk""}, {""feature"": ""participation_score"", ""label"": ""Participation"", ""value"": 83.6, ""contribution"": -0.0432, ""direction"": ""decreases_risk""}]"
ST1600,20,69.0,69.8,62.9,61.6,64.7,9.9,3,7,2,0,1,0.6866,High,"[{""feature"": ""attendance"", ""label"": ""Attendance"", ""value"": 69.0, ""contribution"": 0.1204, ""direction"": ""increases_risk""}, {""feature"": ""avg_grade"", ""label"": ""Average Grade"", ""value"": 69.8, ""contribution"": -0.1143, ""direction"": ""decreases_risk""}, {""feature"": ""assignment_completion"", ""label"": ""Assignment Completion"", ""value"": 62.9, ""contribution"": 0.1001, ""direction"": ""increases_risk""}, {""feature"": ""previous_failures"", ""label"": ""Previous Failures"", ""value"": 3.0, ""contribution"": 0.0564, ""direction"": ""increases_risk""}, {""feature"": ""engagement_score"", ""label"": ""Engagement"", ""value"": 61.6, ""contribution"": 0.0539, ""direction"": ""increases_risk""}]"
ST1601,22,71.8,69.7,72.6,58.0,69.7,10.4,1,11,4,1,0,0.2058,Low,"[{""feature"": ""avg_grade"", ""label"": ""Average Grade"", ""value"": 69.7, ""contribution"": -0.1343, ""direction"": ""decreases_risk""}, {""feature"": ""attendance"", ""label"": ""Attendance"", ""value"": 71.8, ""contribution"": -0.1063, ""direction"": ""decreases_risk""}, {""feature"": ""participation_score"", ""label"": ""Participation"", ""value"": 69.7, ""contribution"": -0.0511, ""direction"": ""decreases_risk""}, {""feature"": ""engagement_score"", ""label"": ""Engagement"", ""value"": 58.0, ""contribution"": 0.0442, ""direction"": ""increases_risk""}, {""feature"": ""previous_failures"", ""label"": ""Previous Failures"", ""value"": 1.0, ""contribution"": -0.0179, ""direction"": ""decreases_risk""}]"
ST1602,21,69.7,53.4,72.4,47.0,63.0,15.9,3,10,2,0,1,0.8677,High,"[{""feature"": ""avg_grade"", ""label"": ""Average Grade"", ""value"": 53.4, ""contribution"": 0.1577, ""direction"": ""increases_risk""}, {""feature"": ""engagement_score"", ""label"": ""Engagement"", ""value"": 47.0, ""contribution"": 0.1152, ""direction"": ""increases_risk""}, {""feature"": ""attendance"", ""label"": ""Attendance"", ""value"": 69.7, ""contribution"": 0.0689, ""direction"": ""increases_risk""}, {""feature"": ""previous_failures"", ""label"": ""Previous Failures"", ""value"": 3.0, ""contribution"": 0.0413, ""direction"": ""increases_risk""}, {""feature"": ""study_hours"", ""label"": ""Study Hours"", ""value"": 15.9, ""contribution"": -0.0363, ""direction"": ""decreases_risk""}]"
ST1603,17,99.3,100.0,100.0,87.7,84.4,12.1,0,0,1,1,0,0.0064,Low,"[{""feature"": ""attendance"", ""label"": ""Attendance"", ""value"": 99.3, ""contribution"": -0.1188, ""direction"": ""decreases_risk""}, {""feature"": ""avg_grade"", ""label"": ""Average Grade"", ""value"": 100.0, ""contribution"": -0.1027, ""direction"": ""decreases_risk""}, {""feature"": ""engagement_score"", ""label"": ""Engagement"", ""value"": 87.7, ""contribution"": -0.0985, ""direction"": ""decreases_risk""}, {""feature"": ""assignment_completion"", ""label"": ""Assignment Completion"", ""value"": 100.0, ""contribution"": -0.0745, ""direction"": ""decreases_risk""}, {""feature"": ""participation_score"", ""label"": ""Participation"", ""value"": 84.4, ""contribution"": -0.0427, ""direction"": ""decreases_risk""}]"
ST1604,22,69.7,73.5,77.8,70.6,59.8,7.9,1,12,5,0,0,0.2138,Low,"[{""feature"": ""engagement_score"", ""label"": ""Engagement"", ""value"": 70.6, ""contribution"": -0.1333, ""direction"": ""decreases_risk""}, {""feature"": ""avg_grade"", ""label"": ""Average Grade"", ""value"": 73.5, ""contribution"": -0.1317, ""direction"": ""decreases_risk""}, {""feature"": ""assignment_completion"", ""label"": ""Assignment Completion"", ""value"": 77.8, ""contribution"": -0.0702, ""direction"": ""decreases_risk""}, {""feature"": ""attendance"", ""label"": ""Attendance"", ""value"": 69.7, ""contribution"": 0.0366, ""direction"": ""increases_risk""}, {""feature"": ""absences"", ""label"": ""Absences"", ""value"": 12.0, ""contribution"": 0.0284, ""direction"": ""increases_risk""}]"
ST1605,20,78.6,85.5,83.6,82.9,74.4,20.0,1,12,3,0,0,0.033,Low,"[{""feature"": ""avg_grade"", ""label"": ""Average Grade"", ""value"": 85.5, ""contribution"": -0.126, ""direction"": ""decreases_risk""}, {""feature"": ""engagement_score"", ""label"": ""Engagement"", ""value"": 82.9, ""contribution"": -0.1165, ""direction"": ""decreases_risk""}, {""feature"": ""attendance"", ""label"": ""Attendance"", ""value"": 78.6, ""contribution"": -0.1069, ""direction"": ""decreases_risk""}, {""feature"": ""assignment_completion"", ""label"": ""Assignment Completion"", ""value"": 83.6, ""contribution"": -0.0737, ""direction"": ""decreases_risk""}, {""feature"": ""participation_score"", ""label"": ""Participation"", ""value"": 74.4, ""contribution"": -0.0546, ""direction"": ""decreases_risk""}]"
ST1606,18,62.0,59.0,70.4,65.0,61.9,6.8,0,8,3,0,0,0.5281,Medium,"[{""feature"": ""attendance"", ""label"": ""Attendance"", ""value"": 62.0, ""contribution"": 0.1455, ""direction"": ""increases_risk""}, {""feature"": ""previous_failures"", ""label"": ""Previous Failures"", ""value"": 0.0, ""contribution"": -0.0978, ""direction"": ""decreases_risk""}, {""feature"": ""avg_grade"", ""label"": ""Average Grade"", ""value"": 59.0, ""contribution"": 0.083, ""direction"": ""increases_risk""}, {""feature"": ""absences"", ""label"": ""Absences"", ""value"": 8.0, ""contribution"": -0.0535, ""direction"": ""decreases_risk""}, {""feature"": ""participation_score"", ""label"": ""Participation"", ""value"": 61.9, ""contribution"": -0.0465, ""direction"": ""decreases_risk""}]"
ST1607,20,84.3,75.6,82.1,45.8,70.4,11.4,2,9,3,0,1,0.2726,Low,"[{""feature"": ""attendance"", ""label"": ""Attendance"", ""value"": 84.3, ""contribution"": -0.1793, ""direction"": ""decreases_risk""}, {""feature"": ""engagement_score"", ""label"": ""Engagement"", ""value"": 45.8, ""contribution"": 0.1592, ""direction"": ""increases_risk""}, {""feature"": ""avg_grade"", ""label"": ""Average Grade"", ""value"": 75.6, ""contribution"": -0.0763, ""direction"": ""decreases_risk""}, {""feature"": ""assignment_completion"", ""label"": ""Assignment Completion"", ""value"": 82.1, ""contribution"": -0.0576, ""direction"": ""decreases_risk""}, {""feature"": ""participation_score"", ""label"": ""Participation"", ""value"": 70.4, ""contribution"": -0.0388, ""direction"": ""decreases_risk""}]"
ST1608,23,97.2,100.0,88.9,100.0,93.9,19.2,0,0,3,1,0,0.0004,Low,"[{""feature"": ""attendance"", ""label"": ""Attendance"", ""value"": 97.2, ""contribution"": -0.1129, ""direction"": ""decreases_risk""}, {""feature"": ""avg_grade"", ""label"": ""Average Grade"", ""value"": 100.0, ""contribution"": -0.1091, ""direction"": ""decreases_risk""}, {""feature"": ""engagement_score"", ""label"": ""Engagement"", ""value"": 100.0, ""contribution"": -0.0931, ""direction"": ""decreases_risk""}, {""feature"": ""assignment_completion"", ""label"": ""Assignment Completion"", ""value"": 88.9, ""contribution"": -0.0728, ""direction"": ""decreases_risk""}, {""feature"": ""participation_score"", ""label"": ""Participation"", ""value"": 93.9, ""contribution"": -0.0391, ""direction"": ""decreases_risk""}]"
ST1609,22,69.2,67.6,69.8,73.3,65.6,14.0,2,10,3,0,1,0.5752,Medium,"[{""feature"": ""attendance"", ""label"": ""Attendance"", ""value"": 69.2, ""contribution"": 0.1099, ""direction"": ""increases_risk""}, {""feature"": ""engagement_score"", ""label"": ""Engagement"", ""value"": 73.3, ""contribution"": -0.0935, ""direction"": ""decreases_risk""}, {""feature"": ""assignment_completion"", ""label"": ""Assignment Completion"", ""value"": 69.8, ""contribution"": 0.0726, ""direction"": ""increases_risk""}, {""feature"": ""avg_grade"", ""label"": ""Average Grade"", ""value"": 67.6, ""contribution"": -0.0504, ""direction"": ""decreases_risk""}, {""feature"": ""previous_failures"", ""label"": ""Previous Failures"", ""value"": 2.0, ""contribution"": 0.035, ""direction"": ""increases_risk""}]"
ST1610,22,77.4,67.7,74.5,58.5,70.7,15.1,1,13,4,0,0,0.1515,Low,"[{""feature"": ""attendance"", ""label"": ""Attendance"", ""value"": 77.4, ""contribution"": -0.1785, ""direction"": ""decreases_risk""}, {""feature"": ""avg_grade"", ""label"": ""Average Grade"", ""value"": 67.7, ""contribution"": -0.114, ""direction"": ""decreases_risk""}, {""feature"": ""participation_score"", ""label"": ""Participation"", ""value"": 70.7, ""contribution"": -0.0534, ""direction"": ""decreases_risk""}, {""feature"": ""engagement_score"", ""label"": ""Engagement"", ""value"": 58.5, ""contribution"": 0.0479, ""direction"": ""increases_risk""}, {""feature"": ""absences"", ""label"": ""Absences"", ""value"": 13.0, ""contribution"": 0.0389, ""direction"": ""increases_risk""}]"
ST1611,19,77.1,55.7,90.4,59.8,49.4,10.6,2,7,5,1,0,0.3115,Medium,"[{""feature"": ""attendance"", ""label"": ""Attendance"", ""value"": 77.1, ""contribution"": -0.1558, ""direction"": ""decreases_risk""}, {""feature"": ""assignment_completion"", ""label"": ""Assignment Completion"", ""value"": 90.4, ""contribution"": -0.119, ""direction"": ""decreases_risk""}, {""feature"": ""avg_grade"", ""label"": ""Average Grade"", ""value"": 55.7, ""contribution"": 0.1107, ""direction"": ""increases_risk""}, {""feature"": ""absences"", ""label"": ""Absences"", ""value"": 7.0, ""contribution"": -0.0793, ""direction"": ""decreases_risk""}, {""feature"": ""participation_score"", ""label"": ""Participation"", ""value"": 49.4, ""contribution"": 0.0533, ""direction"": ""increases_risk""}]"
ST1612,22,80.1,70.2,88.3,67.3,63.7,16.6,1,7,5,0,0,0.1346,Low,"[{""feature"": ""attendance"", ""label"": ""Attendance"", ""value"": 80.1, ""contribution"": -0.1071, ""direction"": ""decreases_risk""}, {""feature"": ""avg_grade"", ""label"": ""Average Grade"", ""value"": 70.2, ""contribution"": -0.0665, ""direction"": ""decreases_risk""}, {""feature"": ""assignment_completion"", ""label"": ""Assignment Completion"", ""value"": 88.3, ""contribution"": -0.0651, ""direction"": ""decreases_risk""}, {""feature"": ""absences"", ""label"": ""Absences"", ""value"": 7.0, ""contribution"": -0.0417, ""direction"": ""decreases_risk""}, {""feature"": ""engagement_score"", ""label"": ""Engagement"", ""value"": 67.3, ""contribution"": -0.0254, ""direction"": ""decreases_risk""}]"
ST1613,19,32.8,40.3,30.7,19.6,40.7,4.0,2,26,3,0,1,1.0,High,"[{""feature"": ""attendance"", ""label"": ""Attendance"", ""value"": 32.8, ""contribution"": 0.1167, ""direction"": ""increases_risk""}, {""feature"": ""avg_grade"", ""label"": ""Average Grade"", ""value"": 40.3, ""contribution"": 0.113, ""direction"": ""increases_risk""}, {""feature"": ""engagement_score"", ""label"": ""Engagement"", ""value"": 19.6, ""contribution"": 0.0951, ""direction"": ""increases_risk""}, {""feature"": ""assignment_completion"", ""label"": ""Assignment Completion"", ""value"": 30.7, ""contribution"": 0.0751, ""direction"": ""increases_risk""}, {""feature"": ""participation_score"", ""label"": ""Participation"", ""value"": 40.7, ""contribution"": 0.0442, ""direction"": ""increases_risk""}]"
ST1614,21,66.2,64.9,31.4,61.4,42.1,5.2,2,7,2,1,1,0.8686,High,"[{""feature"": ""attendance"", ""label"": ""Attendance"", ""value"": 66.2, ""contribution"": 0.1338, ""direction"": ""increases_risk""}, {""feature"": ""assignment_completion"", ""label"": ""Assignment Completion"", ""value"": 31.4, ""contribution"": 0.1133, ""direction"": ""increases_risk""}, {""feature"": ""participation_score"", ""label"": ""Participation"", ""value"": 42.1, ""contribution"": 0.0627, ""direction"": ""increases_risk""}, {""feature"": ""absences"", ""label"": ""Absences"", ""value"": 7.0, ""contribution"": -0.0451, ""direction"": ""decreases_risk""}, {""feature"": ""engagement_score"", ""label"": ""Engagement"", ""value"": 61.4, ""contribution"": 0.0433, ""direction"": ""increases_risk""}]"
ST1615,21,67.7,89.0,89.1,78.5,82.8,12.5,1,12,1,1,0,0.1202,Low,"[{""feature"": ""engagement_score"", ""label"": ""Engagement"", ""value"": 78.5, ""contribution"": -0.1598, ""direction"": ""decreases_risk""}, {""feature"": ""avg_grade"", ""label"": ""Average Grade"", ""value"": 89.0, ""contribution"": -0.1344, ""direction"": ""decreases_risk""}, {""feature"": ""assignment_completion"", ""label"": ""Assignment Completion"", ""value"": 89.1, ""contribution"": -0.1031, ""direction"": ""decreases_risk""}, {""feature"": ""attendance"", ""label"": ""Attendance"", ""value"": 67.7, ""contribution"": 0.0911, ""direction"": ""increases_risk""}, {""feature"": ""participation_score"", ""label"": ""Participation"", ""value"": 82.8, ""contribution"": -0.066, ""direction"": ""decreases_risk""}]"
ST1616,17,67.3,62.0,65.6,53.1,46.8,5.1,2,12,3,1,0,0.7625,High,"[{""feature"": ""attendance"", ""label"": ""Attendance"", ""value"": 67.3, ""contribution"": 0.083, ""direction"": ""increases_risk""}, {""feature"": ""engagement_score"", ""label"": ""Engagement"", ""value"": 53.1, ""contribution"": 0.0662, ""direction"": ""increases_risk""}, {""feature"": ""participation_score"", ""label"": ""Participation"", ""value"": 46.8, ""contribution"": 0.0564, ""direction"": ""increases_risk""}, {""feature"": ""assignment_completion"", ""label"": ""Assignment Completion"", ""value"": 65.6, ""contribution"": 0.036, ""direction"": ""increases_risk""}, {""feature"": ""absences"", ""label"": ""Absences"", ""value"": 12.0, ""contribution"": 0.0211, ""direction"": ""increases_risk""}]"
ST1617,18,35.2,31.6,53.8,23.4,33.2,4.7,3,28,5,1,1,0.9996,High,"[{""feature"": ""avg_grade"", ""label"": ""Average Grade"", ""value"": 31.6, ""contribution"": 0.1172, ""direction"": ""increases_risk""}, {""feature"": ""attendance"", ""label"": ""Attendance"", ""value"": 35.2, ""contribution"": 0.1126, ""direction"": ""increases_risk""}, {""feature"": ""engagement_score"", ""label"": ""Engagement"", ""value"": 23.4, ""contribution"": 0.0974, ""direction"": ""increases_risk""}, {""feature"": ""assignment_completion"", ""label"": ""Assignment Completion"", ""value"": 53.8, ""contribution"": 0.077, ""direction"": ""increases_risk""}, {""feature"": ""participation_score"", ""label"": ""Participation"", ""value"": 33.2, ""contribution"": 0.0463, ""direction"": ""increases_risk""}]"
ST1618,16,32.3,53.7,32.6,20.1,54.4,2.0,4,20,2,0,1,0.9958,High,"[{""feature"": ""attendance"", ""label"": ""Attendance"", ""value"": 32.3, ""contribution"": 0.1168, ""direction"": ""increases_risk""}, {""feature"": ""avg_grade"", ""label"": ""Average Grade"", ""value"": 53.7, ""contribution"": 0.1058, ""direction"": ""increases_risk""}, {""feature"": ""engagement_score"", ""label"": ""Engagement"", ""value"": 20.1, ""contribution"": 0.099, ""direction"": ""increases_risk""}, {""feature"": ""assignment_completion"", ""label"": ""Assignment Completion"", ""value"": 32.6, ""contribution"": 0.073, ""direction"": ""increases_risk""}, {""feature"": ""absences"", ""label"": ""Absences"", ""value"": 20.0, ""contribution"": 0.0366, ""direction"": ""increases_risk""}]"
ST1619,17,96.1,90.9,100.0,95.0,78.9,15.5,1,0,5,1,0,0.0007,Low,"[{""feature"": ""attendance"", ""label"": ""Attendance"", ""value"": 96.1, ""contribution"": -0.1115, ""direction"": ""decreases_risk""}, {""feature"": ""avg_grade"", ""label"": ""Average Grade"", ""value"": 90.9, ""contribution"": -0.1093, ""direction"": ""decreases_risk""}, {""feature"": ""engagement_score"", ""label"": ""Engagement"", ""value"": 95.0, ""contribution"": -0.0952, ""direction"": ""decreases_risk""}, {""feature"": ""assignment_completion"", ""label"": ""Assignment Completion"", ""value"": 100.0, ""contribution"": -0.0799, ""direction"": ""decreases_risk""}, {""feature"": ""participation_score"", ""label"": ""Participation"", ""value"": 78.9, ""contribution"": -0.0418, ""direction"": ""decreases_risk""}]"
ST1620,19,93.0,84.5,100.0,100.0,78.9,17.7,0,0,4,1,0,0.0003,Low,"[{""feature"": ""attendance"", ""label"": ""Attendance"", ""value"": 93.0, ""contribution"": -0.1088, ""direction"": ""decreases_risk""}, {""feature"": ""avg_grade"", ""label"": ""Average Grade"", ""value"": 84.5, ""contribution"": -0.1045, ""direction"": ""decreases_risk""}, {""feature"": ""engagement_score"", ""label"": ""Engagement"", ""value"": 100.0, ""contribution"": -0.0933, ""direction"": ""decreases_risk""}, {""feature"": ""assignment_completion"", ""label"": ""Assignment Completion"", ""value"": 100.0, ""contribution"": -0.074, ""direction"": ""decreases_risk""}, {""feature"": ""participation_score"", ""label"": ""Participation"", ""value"": 78.9, ""contribution"": -0.0429, ""direction"": ""decreases_risk""}]"
ST1621,19,45.5,29.2,46.7,42.5,36.1,1.9,3,16,4,0,1,0.9997,High,"[{""feature"": ""avg_grade"", ""label"": ""Average Grade"", ""value"": 29.2, ""contribution"": 0.1141, ""direction"": ""increases_risk""}, {""feature"": ""attendance"", ""label"": ""Attendance"", ""value"": 45.5, ""contribution"": 0.1127, ""direction"": ""increases_risk""}, {""feature"": ""engagement_score"", ""label"": ""Engagement"", ""value"": 42.5, ""contribution"": 0.0953, ""direction"": ""increases_risk""}, {""feature"": ""assignment_completion"", ""label"": ""Assignment Completion"", ""value"": 46.7, ""contribution"": 0.0755, ""direction"": ""increases_risk""}, {""feature"": ""participation_score"", ""label"": ""Participation"", ""value"": 36.1, ""contribution"": 0.0428, ""direction"": ""increases_risk""}]"
ST1622,17,100.0,100.0,96.0,77.0,92.0,19.1,0,3,3,1,0,0.0032,Low,"[{""feature"": ""avg_grade"", ""label"": ""Average Grade"", ""value"": 100.0, ""contribution"": -0.113, ""direction"": ""decreases_risk""}, {""feature"": ""attendance"", ""label"": ""Attendance"", ""value"": 100.0, ""contribution"": -0.1111, ""direction"": ""decreases_risk""}, {""feature"": ""engagement_score"", ""label"": ""Engagement"", ""value"": 77.0, ""contribution"": -0.0906, ""direction"": ""decreases_risk""}, {""feature"": ""assignment_completion"", ""label"": ""Assignment Completion"", ""value"": 96.0, ""contribution"": -0.067, ""direction"": ""decreases_risk""}, {""feature"": ""participation_score"", ""label"": ""Participation"", ""value"": 92.0, ""contribution"": -0.0429, ""direction"": ""decreases_risk""}]"
ST1623,19,97.8,100.0,100.0,97.5,95.8,16.5,0,1,4,0,0,0.0039,Low,"[{""feature"": ""attendance"", ""label"": ""Attendance"", ""value"": 97.8, ""contribution"": -0.1142, ""direction"": ""decreases_risk""}, {""feature"": ""avg_grade"", ""label"": ""Average Grade"", ""value"": 100.0, ""contribution"": -0.1059, ""direction"": ""decreases_risk""}, {""feature"": ""engagement_score"", ""label"": ""Engagement"", ""value"": 97.5, ""contribution"": -0.0952, ""direction"": ""decreases_risk""}, {""feature"": ""assignment_completion"", ""label"": ""Assignment Completion"", ""value"": 100.0, ""contribution"": -0.0729, ""direction"": ""decreases_risk""}, {""feature"": ""participation_score"", ""label"": ""Participation"", ""value"": 95.8, ""contribution"": -0.0381, ""direction"": ""decreases_risk""}]"
ST1624,20,95.6,100.0,96.2,80.5,82.9,17.7,1,0,1,0,0,0.0068,Low,"[{""feature"": ""attendance"", ""label"": ""Attendance"", ""value"": 95.6, ""contribution"": -0.1217, ""direction"": ""decreases_risk""}, {""feature"": ""avg_grade"", ""label"": ""Average Grade"", ""value"": 100.0, ""contribution"": -0.111, ""direction"": ""decreases_risk""}, {""feature"": ""engagement_score"", ""label"": ""Engagement"", ""value"": 80.5, ""contribution"": -0.0967, ""direction"": ""decreases_risk""}, {""feature"": ""assignment_completion"", ""label"": ""Assignment Completion"", ""value"": 96.2, ""contribution"": -0.0796, ""direction"": ""decreases_risk""}, {""feature"": ""participation_score"", ""label"": ""Participation"", ""value"": 82.9, ""contribution"": -0.0437, ""direction"": ""decreases_risk""}]"
ST1625,17,73.0,53.4,72.5,69.6,68.0,8.9,3,8,1,0,1,0.4833,Medium,"[{""feature"": ""avg_grade"", ""label"": ""Average Grade"", ""value"": 53.4, ""contribution"": 0.1626, ""direction"": ""increases_risk""}, {""feature"": ""engagement_score"", ""label"": ""Engagement"", ""value"": 69.6, ""contribution"": -0.1257, ""direction"": ""decreases_risk""}, {""feature"": ""attendance"", ""label"": ""Attendance"", ""value"": 73.0, ""contribution"": -0.0624, ""direction"": ""decreases_risk""}, {""feature"": ""previous_failures"", ""label"": ""Previous Failures"", ""value"": 3.0, ""contribution"": 0.0479, ""direction"": ""increases_risk""}, {""feature"": ""absences"", ""label"": ""Absences"", ""value"": 8.0, ""contribution"": -0.0368, ""direction"": ""decreases_risk""}]"
ST1626,18,73.6,84.6,90.4,79.1,70.2,14.4,1,8,1,1,0,0.0353,Low,"[{""feature"": ""avg_grade"", ""label"": ""Average Grade"", ""value"": 84.6, ""contribution"": -0.1154, ""direction"": ""decreases_risk""}, {""feature"": ""engagement_score"", ""label"": ""Engagement"", ""value"": 79.1, ""contribution"": -0.1022, ""direction"": ""decreases_risk""}, {""feature"": ""assignment_completion"", ""label"": ""Assignment Completion"", ""value"": 90.4, ""contribution"": -0.0853, ""direction"": ""decreases_risk""}, {""feature"": ""attendance"", ""label"": ""Attendance"", ""value"": 73.6, ""contribution"": -0.0683, ""direction"": ""decreases_risk""}, {""feature"": ""absences"", ""label"": ""Absences"", ""value"": 8.0, ""contribution"": -0.0342, ""direction"": ""decreases_risk""}]"
ST1627,18,81.9,83.6,85.9,52.4,71.3,15.5,1,5,4,1,0,0.1169,Low,"[{""feature"": ""attendance"", ""label"": ""Attendance"", ""value"": 81.9, ""contribution"": -0.146, ""direction"": ""decreases_risk""}, {""feature"": ""avg_grade"", ""label"": ""Average Grade"", ""value"": 83.6, ""contribution"": -0.1275, ""direction"": ""decreases_risk""}, {""feature"": ""engagement_score"", ""label"": ""Engagement"", ""value"": 52.4, ""contribution"": 0.1104, ""direction"": ""increases_risk""}, {""feature"": ""assignment_completion"", ""label"": ""Assignment Completion"", ""value"": 85.9, ""contribution"": -0.0858, ""direction"": ""decreases_risk""}, {""feature"": ""absences"", ""label"": ""Absences"", ""value"": 5.0, ""contribution"": -0.0424, ""direction"": ""decreases_risk""}]"
ST1628,20,75.3,88.8,76.3,88.6,68.5,17.3,1,5,3,0,0,0.0488,Low,"[{""feature"": ""avg_grade"", ""label"": ""Average Grade"", ""value"": 88.8, ""contribution"": -0.1281, ""direction"": ""decreases_risk""}, {""feature"": ""engagement_score"", ""label"": ""Engagement"", ""value"": 88.6, ""contribution"": -0.1022, ""direction"": ""decreases_risk""}, {""feature"": ""attendance"", ""label"": ""Attendance"", ""value"": 75.3, ""contribution"": -0.0967, ""direction"": ""decreases_risk""}, {""feature"": ""assignment_completion"", ""label"": ""Assignment Completion"", ""value"": 76.3, ""contribution"": -0.0474, ""direction"": ""decreases_risk""}, {""feature"": ""absences"", ""label"": ""Absences"", ""value"": 5.0, ""contribution"": -0.0342, ""direction"": ""decreases_risk""}]"
ST1629,18,93.4,72.5,100.0,72.1,92.2,15.5,1,2,2,0,0,0.0652,Low,"[{""feature"": ""attendance"", ""label"": ""Attendance"", ""value"": 93.4, ""contribution"": -0.1194, ""direction"": ""decreases_risk""}, {""feature"": ""assignment_completion"", ""label"": ""Assignment Completion"", ""value"": 100.0, ""contribution"": -0.0722, ""direction"": ""decreases_risk""}, {""feature"": ""engagement_score"", ""label"": ""Engagement"", ""value"": 72.1, ""contribution"": -0.0702, ""direction"": ""decreases_risk""}, {""feature"": ""avg_grade"", ""label"": ""Average Grade"", ""value"": 72.5, ""contribution"": -0.0643, ""direction"": ""decreases_risk""}, {""feature"": ""participation_score"", ""label"": ""Participation"", ""value"": 92.2, ""contribution"": -0.0478, ""direction"": ""decreases_risk""}]"
ST1630,21,90.6,99.7,89.7,73.5,88.7,11.0,1,2,1,1,0,0.0302,Low,"[{""feature"": ""attendance"", ""label"": ""Attendance"", ""value"": 90.6, ""contribution"": -0.1224, ""direction"": ""decreases_risk""}, {""feature"": ""avg_grade"", ""label"": ""Average Grade"", ""value"": 99.7, ""contribution"": -0.1136, ""direction"": ""decreases_risk""}, {""feature"": ""assignment_completion"", ""label"": ""Assignment Completion"", ""value"": 89.7, ""contribution"": -0.0869, ""direction"": ""decreases_risk""}, {""feature"": ""engagement_score"", ""label"": ""Engagement"", ""value"": 73.5, ""contribution"": -0.0661, ""direction"": ""decreases_risk""}, {""feature"": ""participation_score"", ""label"": ""Participation"", ""value"": 88.7, ""contribution"": -0.048, ""direction"": ""decreases_risk""}]"
ST1631,18,30.0,34.6,30.5,25.6,28.4,4.8,6,22,3,0,1,1.0,High,"[{""feature"": ""attendance"", ""label"": ""Attendance"", ""value"": 30.0, ""contribution"": 0.1136, ""direction"": ""increases_risk""}, {""feature"": ""avg_grade"", ""label"": ""Average Grade"", ""value"": 34.6, ""contribution"": 0.1127, ""direction"": ""increases_risk""}, {""feature"": ""engagement_score"", ""label"": ""Engagement"", ""value"": 25.6, ""contribution"": 0.0933, ""direction"": ""increases_risk""}, {""feature"": ""assignment_completion"", ""label"": ""Assignment Completion"", ""value"": 30.5, ""contribution"": 0.0734, ""direction"": ""increases_risk""}, {""feature"": ""participation_score"", ""label"": ""Participation"", ""value"": 28.4, ""contribution"": 0.0422, ""direction"": ""increases_risk""}]"
ST1632,19,67.8,65.4,72.8,68.4,64.3,10.4,1,12,2,0,0,0.3164,Medium,"[{""feature"": ""engagement_score"", ""label"": ""Engagement"", ""value"": 68.4, ""contribution"": -0.1612, ""direction"": ""decreases_risk""}, {""feature"": ""attendance"", ""label"": ""Attendance"", ""value"": 67.8, ""contribution"": 0.1012, ""direction"": ""increases_risk""}, {""feature"": ""participation_score"", ""label"": ""Participation"", ""value"": 64.3, ""contribution"": -0.0644, ""direction"": ""decreases_risk""}, {""feature"": ""avg_grade"", ""label"": ""Average Grade"", ""value"": 65.4, ""contribution"": -0.0626, ""direction"": ""decreases_risk""}, {""feature"": ""previous_failures"", ""label"": ""Previous Failures"", ""value"": 1.0, ""contribution"": -0.0258, ""direction"": ""decreases_risk""}]"
ST1633,19,53.9,59.4,62.6,37.3,52.3,10.4,1,17,1,0,1,0.9613,High,"[{""feature"": ""attendance"", ""label"": ""Attendance"", ""value"": 53.9, ""contribution"": 0.12, ""direction"": ""increases_risk""}, {""feature"": ""engagement_score"", ""label"": ""Engagement"", ""value"": 37.3, ""contribution"": 0.107, ""direction"": ""increases_risk""}, {""feature"": ""avg_grade"", ""label"": ""Average Grade"", ""value"": 59.4, ""contribution"": 0.0829, ""direction"": ""increases_risk""}, {""feature"": ""assignment_completion"", ""label"": ""Assignment Completion"", ""value"": 62.6, ""contribution"": 0.0596, ""direction"": ""increases_risk""}, {""feature"": ""participation_score"", ""label"": ""Participation"", ""value"": 52.3, ""contribution"": 0.0466, ""direction"": ""increases_risk""}]"
ST1634,17,100.0,77.0,87.9,85.9,62.4,16.3,1,0,1,1,0,0.0422,Low,"[{""feature"": ""attendance"", ""label"": ""Attendance"", ""value"": 100.0, ""contribution"": -0.1206, ""direction"": ""decreases_risk""}, {""feature"": ""engagement_score"", ""label"": ""Engagement"", ""value"": 85.9, ""contribution"": -0.1053, ""direction"": ""decreases_risk""}, {""feature"": ""assignment_completion"", ""label"": ""Assignment Completion"", ""value"": 87.9, ""contribution"": -0.08, ""direction"": ""decreases_risk""}, {""feature"": ""avg_grade"", ""label"": ""Average Grade"", ""value"": 77.0, ""contribution"": -0.0797, ""direction"": ""decreases_risk""}, {""feature"": ""absences"", ""label"": ""Absences"", ""value"": 0.0, ""contribution"": -0.0267, ""direction"": ""decreases_risk""}]"
ST1635,21,66.0,68.5,80.2,80.4,72.6,10.5,2,11,4,1,0,0.0919,Low,"[{""feature"": ""engagement_score"", ""label"": ""Engagement"", ""value"": 80.4, ""contribution"": -0.1981, ""direction"": ""decreases_risk""}, {""feature"": ""avg_grade"", ""label"": ""Average Grade"", ""value"": 68.5, ""contribution"": -0.1186, ""direction"": ""decreases_risk""}, {""feature"": ""attendance"", ""label"": ""Attendance"", ""value"": 66.0, ""contribution"": 0.0861, ""direction"": ""increases_risk""}, {""feature"": ""assignment_completion"", ""label"": ""Assignment Completion"", ""value"": 80.2, ""contribution"": -0.0857, ""direction"": ""decreases_risk""}, {""feature"": ""participation_score"", ""label"": ""Participation"", ""value"": 72.6, ""contribution"": -0.0707, ""direction"": ""decreases_risk""}]"
ST1636,17,77.9,79.7,90.3,83.4,73.4,12.5,2,14,4,0,0,0.0275,Low,"[{""feature"": ""engagement_score"", ""label"": ""Engagement"", ""value"": 83.4, ""contribution"": -0.1224, ""direction"": ""decreases_risk""}, {""feature"": ""avg_grade"", ""label"": ""Average Grade"", ""value"": 79.7, ""contribution"": -0.1181, ""direction"": ""decreases_risk""}, {""feature"": ""attendance"", ""label"": ""Attendance"", ""value"": 77.9, ""contribution"": -0.1112, ""direction"": ""decreases_risk""}, {""feature"": ""assignment_completion"", ""label"": ""Assignment Completion"", ""value"": 90.3, ""contribution"": -0.085, ""direction"": ""decreases_risk""}, {""feature"": ""participation_score"", ""label"": ""Participation"", ""value"": 73.4, ""contribution"": -0.0587, ""direction"": ""decreases_risk""}]"
ST1637,18,100.0,100.0,100.0,100.0,94.6,25.9,0,6,2,1,0,0.0013,Low,"[{""feature"": ""attendance"", ""label"": ""Attendance"", ""value"": 100.0, ""contribution"": -0.1108, ""direction"": ""decreases_risk""}, {""feature"": ""avg_grade"", ""label"": ""Average Grade"", ""value"": 100.0, ""contribution"": -0.1081, ""direction"": ""decreases_risk""}, {""feature"": ""engagement_score"", ""label"": ""Engagement"", ""value"": 100.0, ""contribution"": -0.094, ""direction"": ""decreases_risk""}, {""feature"": ""assignment_completion"", ""label"": ""Assignment Completion"", ""value"": 100.0, ""contribution"": -0.0693, ""direction"": ""decreases_risk""}, {""feature"": ""participation_score"", ""label"": ""Participation"", ""value"": 94.6, ""contribution"": -0.0411, ""direction"": ""decreases_risk""}]"
ST1638,22,100.0,100.0,81.5,86.4,71.0,17.3,1,0,3,1,0,0.0159,Low,"[{""feature"": ""attendance"", ""label"": ""Attendance"", ""value"": 100.0, ""contribution"": -0.1178, ""direction"": ""decreases_risk""}, {""feature"": ""avg_grade"", ""label"": ""Average Grade"", ""value"": 100.0, ""contribution"": -0.1143, ""direction"": ""decreases_risk""}, {""feature"": ""engagement_score"", ""label"": ""Engagement"", ""value"": 86.4, ""contribution"": -0.0948, ""direction"": ""decreases_risk""}, {""feature"": ""assignment_completion"", ""label"": ""Assignment Completion"", ""value"": 81.5, ""contribution"": -0.0706, ""direction"": ""decreases_risk""}, {""feature"": ""absences"", ""label"": ""Absences"", ""value"": 0.0, ""contribution"": -0.0278, ""direction"": ""decreases_risk""}]"
ST1639,23,100.0,100.0,100.0,100.0,76.1,23.0,0,0,2,0,0,0.0011,Low,"[{""feature"": ""attendance"", ""label"": ""Attendance"", ""value"": 100.0, ""contribution"": -0.118, ""direction"": ""decreases_risk""}, {""feature"": ""avg_grade"", ""label"": ""Average Grade"", ""value"": 100.0, ""contribution"": -0.1106, ""direction"": ""decreases_risk""}, {""feature"": ""engagement_score"", ""label"": ""Engagement"", ""value"": 100.0, ""contribution"": -0.0922, ""direction"": ""decreases_risk""}, {""feature"": ""assignment_completion"", ""label"": ""Assignment Completion"", ""value"": 100.0, ""contribution"": -0.0739, ""direction"": ""decreases_risk""}, {""feature"": ""participation_score"", ""label"": ""Participation"", ""value"": 76.1, ""contribution"": -0.041, ""direction"": ""decreases_risk""}]"
ST1640,21,100.0,100.0,100.0,95.9,95.4,21.6,0,0,3,1,0,0.0003,Low,"[{""feature"": ""attendance"", ""label"": ""Attendance"", ""value"": 100.0, ""contribution"": -0.1116, ""direction"": ""decreases_risk""}, {""feature"": ""avg_grade"", ""label"": ""Average Grade"", ""value"": 100.0, ""contribution"": -0.1091, ""direction"": ""decreases_risk""}, {""feature"": ""engagement_score"", ""label"": ""Engagement"", ""value"": 95.9, ""contribution"": -0.0947, ""direction"": ""decreases_risk""}, {""feature"": ""assignment_completion"", ""label"": ""Assignment Completion"", ""value"": 100.0, ""contribution"": -0.0728, ""direction"": ""decreases_risk""}, {""feature"": ""participation_score"", ""label"": ""Participation"", ""value"": 95.4, ""contribution"": -0.0392, ""direction"": ""decreases_risk""}]"
ST1641,23,100.0,97.2,100.0,100.0,83.8,20.4,0,3,1,0,0,0.0155,Low,"[{""feature"": ""attendance"", ""label"": ""Attendance"", ""value"": 100.0, ""contribution"": -0.1161, ""direction"": ""decreases_risk""}, {""feature"": ""avg_grade"", ""label"": ""Average Grade"", ""value"": 97.2, ""contribution"": -0.1113, ""direction"": ""decreases_risk""}, {""feature"": ""engagement_score"", ""label"": ""Engagement"", ""value"": 100.0, ""contribution"": -0.0921, ""direction"": ""decreases_risk""}, {""feature"": ""assignment_completion"", ""label"": ""Assignment Completion"", ""value"": 100.0, ""contribution"": -0.0718, ""direction"": ""decreases_risk""}, {""feature"": ""participation_score"", ""label"": ""Participation"", ""value"": 83.8, ""contribution"": -0.0428, ""direction"": ""decreases_risk""}]"
ST1642,22,33.2,42.0,37.4,42.8,39.8,7.3,3,22,5,0,1,0.9996,High,"[{""feature"": ""avg_grade"", ""label"": ""Average Grade"", ""value"": 42.0, ""contribution"": 0.116, ""direction"": ""increases_risk""}, {""feature"": ""attendance"", ""label"": ""Attendance"", ""value"": 33.2, ""contribution"": 0.1137, ""direction"": ""increases_risk""}, {""feature"": ""engagement_score"", ""label"": ""Engagement"", ""value"": 42.8, ""contribution"": 0.0975, ""direction"": ""increases_risk""}, {""feature"": ""assignment_completion"", ""label"": ""Assignment Completion"", ""value"": 37.4, ""contribution"": 0.074, ""direction"": ""increases_risk""}, {""feature"": ""participation_score"", ""label"": ""Participation"", ""value"": 39.8, ""contribution"": 0.045, ""direction"": ""increases_risk""}]"
ST1643,19,62.0,72.9,72.8,69.9,75.8,13.1,0,14,4,0,1,0.4959,Medium,"[{""feature"": ""attendance"", ""label"": ""Attendance"", ""value"": 62.0, ""contribution"": 0.1824, ""direction"": ""increases_risk""}, {""feature"": ""engagement_score"", ""label"": ""Engagement"", ""value"": 69.9, ""contribution"": -0.1133, ""direction"": ""decreases_risk""}, {""feature"": ""avg_grade"", ""label"": ""Average Grade"", ""value"": 72.9, ""contribution"": -0.0924, ""direction"": ""decreases_risk""}, {""feature"": ""participation_score"", ""label"": ""Participation"", ""value"": 75.8, ""contribution"": -0.0534, ""direction"": ""decreases_risk""}, {""feature"": ""absences"", ""label"": ""Absences"", ""value"": 14.0, ""contribution"": 0.0529, ""direction"": ""increases_risk""}]"
ST1644,22,52.2,42.5,48.8,28.0,49.2,5.1,3,23,5,1,1,0.9995,High,"[{""feature"": ""avg_grade"", ""label"": ""Average Grade"", ""value"": 42.5, ""contribution"": 0.1184, ""direction"": ""increases_risk""}, {""feature"": ""attendance"", ""label"": ""Attendance"", ""value"": 52.2, ""contribution"": 0.1129, ""direction"": ""increases_risk""}, {""feature"": ""engagement_score"", ""label"": ""Engagement"", ""value"": 28.0, ""contribution"": 0.0986, ""direction"": ""increases_risk""}, {""feature"": ""assignment_completion"", ""label"": ""Assignment Completion"", ""value"": 48.8, ""contribution"": 0.0772, ""direction"": ""increases_risk""}, {""feature"": ""participation_score"", ""label"": ""Participation"", ""value"": 49.2, ""contribution"": 0.0433, ""direction"": ""increases_risk""}]"
ST1645,18,84.6,59.3,89.8,60.3,68.6,10.8,2,5,2,0,0,0.2414,Low,"[{""feature"": ""attendance"", ""label"": ""Attendance"", ""value"": 84.6, ""contribution"": -0.1966, ""direction"": ""decreases_risk""}, {""feature"": ""avg_grade"", ""label"": ""Average Grade"", ""value"": 59.3, ""contribution"": 0.1217, ""direction"": ""increases_risk""}, {""feature"": ""assignment_completion"", ""label"": ""Assignment Completion"", ""value"": 89.8, ""contribution"": -0.1205, ""direction"": ""decreases_risk""}, {""feature"": ""absences"", ""label"": ""Absences"", ""value"": 5.0, ""contribution"": -0.0674, ""direction"": ""decreases_risk""}, {""feature"": ""engagement_score"", ""label"": ""Engagement"", ""value"": 60.3, ""contribution"": 0.0286, ""direction"": ""increases_risk""}]"
ST1646,19,60.0,65.2,58.8,62.2,55.0,12.1,3,16,5,0,0,0.8019,High,"[{""feature"": ""attendance"", ""label"": ""Attendance"", ""value"": 60.0, ""contribution"": 0.1439, ""direction"": ""increases_risk""}, {""feature"": ""assignment_completion"", ""label"": ""Assignment Completion"", ""value"": 58.8, ""contribution"": 0.0927, ""direction"": ""increases_risk""}, {""feature"": ""absences"", ""label"": ""Absences"", ""value"": 16.0, ""contribution"": 0.0419, ""direction"": ""increases_risk""}, {""feature"": ""engagement_score"", ""label"": ""Engagement"", ""value"": 62.2, ""contribution"": 0.0353, ""direction"": ""increases_risk""}, {""feature"": ""family_support"", ""label"": ""Family Support"", ""value"": 5.0, ""contribution"": -0.0323, ""direction"": ""decreases_risk""}]"
ST1647,20,95.1,88.5,100.0,73.6,72.0,15.9,0,3,3,1,0,0.0189,Low,"[{""feature"": ""avg_grade"", ""label"": ""Average Grade"", ""value"": 88.5, ""contribution"": -0.1141, ""direction"": ""decreases_risk""}, {""feature"": ""attendance"", ""label"": ""Attendance"", ""value"": 95.1, ""contribution"": -0.1122, ""direction"": ""decreases_risk""}, {""feature"": ""assignment_completion"", ""label"": ""Assignment Completion"", ""value"": 100.0, ""contribution"": -0.0724, ""direction"": ""decreases_risk""}, {""feature"": ""engagement_score"", ""label"": ""Engagement"", ""value"": 73.6, ""contribution"": -0.0626, ""direction"": ""decreases_risk""}, {""feature"": ""participation_score"", ""label"": ""Participation"", ""value"": 72.0, ""contribution"": -0.0367, ""direction"": ""decreases_risk""}]"
ST1648,23,78.8,79.9,65.8,66.9,61.9,11.2,3,6,1,1,1,0.5244,Medium,"[{""feature"": ""assignment_completion"", ""label"": ""Assignment Completion"", ""value"": 65.8, ""contribution"": 0.1508, ""direction"": ""increases_risk""}, {""feature"": ""avg_grade"", ""label"": ""Average Grade"", ""value"": 79.9, ""contribution"": -0.1152, ""direction"": ""decreases_risk""}, {""feature"": ""attendance"", ""label"": ""Attendance"", ""value"": 78.8, ""contribution"": -0.089, ""direction"": ""decreases_risk""}, {""feature"": ""previous_failures"", ""label"": ""Previous Failures"", ""value"": 3.0, ""contribution"": 0.0598, ""direction"": ""increases_risk""}, {""feature"": ""absences"", ""label"": ""Absences"", ""value"": 6.0, ""contribution"": -0.034, ""direction"": ""decreases_risk""}]"
ST1649,22,83.8,61.6,65.7,57.5,43.9,8.9,0,9,2,0,0,0.2703,Low,"[{""feature"": ""attendance"", ""label"": ""Attendance"", ""value"": 83.8, ""contribution"": -0.2107, ""direction"": ""decreases_risk""}, {""feature"": ""previous_failures"", ""label"": ""Previous Failures"", ""value"": 0.0, ""contribution"": -0.0829, ""direction"": ""decreases_risk""}, {""feature"": ""participation_score"", ""label"": ""Participation"", ""value"": 43.9, ""contribution"": 0.0634, ""direction"": ""increases_risk""}, {""feature"": ""absences"", ""label"": ""Absences"", ""value"": 9.0, ""contribution"": -0.0556, ""direction"": ""decreases_risk""}, {""feature"": ""assignment_completion"", ""label"": ""Assignment Completion"", ""value"": 65.7, ""contribution"": 0.0483, ""direction"": ""increases_risk""}]"
ST1650,19,83.2,74.6,87.2,73.6,82.0,15.0,0,3,5,0,0,0.0826,Low,"[{""feature"": ""attendance"", ""label"": ""Attendance"", ""value"": 83.2, ""contribution"": -0.0952, ""direction"": ""decreases_risk""}, {""feature"": ""avg_grade"", ""label"": ""Average Grade"", ""value"": 74.6, ""contribution"": -0.0665, ""direction"": ""decreases_risk""}, {""feature"": ""participation_score"", ""label"": ""Participation"", ""value"": 82.0, ""contribution"": -0.0637, ""direction"": ""decreases_risk""}, {""feature"": ""engagement_score"", ""label"": ""Engagement"", ""value"": 73.6, ""contribution"": -0.0624, ""direction"": ""decreases_risk""}, {""feature"": ""assignment_completion"", ""label"": ""Assignment Completion"", ""value"": 87.2, ""contribution"": -0.0579, ""direction"": ""decreases_risk""}]"
ST1651,21,67.8,71.3,82.4,69.0,49.9,14.7,3,15,4,1,0,0.3703,Medium,"[{""feature"": ""avg_grade"", ""label"": ""Average Grade"", ""value"": 71.3, ""contribution"": -0.1273, ""direction"": ""decreases_risk""}, {""feature"": ""engagement_score"", ""label"": ""Engagement"", ""value"": 69.0, ""contribution"": -0.1157, ""direction"": ""decreases_risk""}, {""feature"": ""attendance"", ""label"": ""Attendance"", ""value"": 67.8, ""contribution"": 0.0844, ""direction"": ""increases_risk""}, {""feature"": ""participation_score"", ""label"": ""Participation"", ""value"": 49.9, ""contribution"": 0.0762, ""direction"": ""increases_risk""}, {""feature"": ""assignment_completion"", ""label"": ""Assignment Completion"", ""value"": 82.4, ""contribution"": -0.0747, ""direction"": ""decreases_risk""}]"
ST1652,17,84.2,68.9,53.9,38.0,70.2,13.1,4,4,4,1,0,0.4211,Medium,"[{""feature"": ""attendance"", ""label"": ""Attendance"", ""value"": 84.2, ""contribution"": -0.1714, ""direction"": ""decreases_risk""}, {""feature"": ""assignment_completion"", ""label"": ""Assignment Completion"", ""value"": 53.9, ""contribution"": 0.1383, ""direction"": ""increases_risk""}, {""feature"": ""engagement_score"", ""label"": ""Engagement"", ""value"": 38.0, ""contribution"": 0.1173, ""direction"": ""increases_risk""}, {""feature"": ""avg_grade"", ""label"": ""Average Grade"", ""value"": 68.9, ""contribution"": -0.1068, ""direction"": ""decreases_risk""}, {""feature"": ""previous_failures"", ""label"": ""Previous Failures"", ""value"": 4.0, ""contribution"": 0.0368, ""direction"": ""increases_risk""}]"
ST1653,22,74.2,86.0,74.3,84.2,72.0,14.7,1,8,2,1,0,0.0682,Low,"[{""feature"": ""avg_grade"", ""label"": ""Average Grade"", ""value"": 86.0, ""contribution"": -0.1231, ""direction"": ""decreases_risk""}, {""feature"": ""engagement_score"", ""label"": ""Engagement"", ""value"": 84.2, ""contribution"": -0.1034, ""direction"": ""decreases_risk""}, {""feature"": ""attendance"", ""label"": ""Attendance"", ""value"": 74.2, ""contribution"": -0.0963, ""direction"": ""decreases_risk""}, {""feature"": ""absences"", ""label"": ""Absences"", ""value"": 8.0, ""contribution"": -0.0391, ""direction"": ""decreases_risk""}, {""feature"": ""participation_score"", ""label"": ""Participation"", ""value"": 72.0, ""contribution"": -0.0388, ""direction"": ""decreases_risk""}]"
ST1654,20,100.0,100.0,81.8,100.0,95.4,17.7,1,0,4,1,0,0.0097,Low,"[{""feature"": ""attendance"", ""label"": ""Attendance"", ""value"": 100.0, ""contribution"": -0.1134, ""direction"": ""decreases_risk""}, {""feature"": ""avg_grade"", ""label"": ""Average Grade"", ""value"": 100.0, ""contribution"": -0.1108, ""direction"": ""decreases_risk""}, {""feature"": ""engagement_score"", ""label"": ""Engagement"", ""value"": 100.0, ""contribution"": -0.096, ""direction"": ""decreases_risk""}, {""feature"": ""assignment_completion"", ""label"": ""Assignment Completion"", ""value"": 81.8, ""contribution"": -0.0682, ""direction"": ""decreases_risk""}, {""feature"": ""participation_score"", ""label"": ""Participation"", ""value"": 95.4, ""contribution"": -0.0399, ""direction"": ""decreases_risk""}]"
ST1655,20,90.1,87.5,89.3,100.0,72.2,15.2,0,1,5,1,0,0.0027,Low,"[{""feature"": ""avg_grade"", ""label"": ""Average Grade"", ""value"": 87.5, ""contribution"": -0.109, ""direction"": ""decreases_risk""}, {""feature"": ""attendance"", ""label"": ""Attendance"", ""value"": 90.1, ""contribution"": -0.1075, ""direction"": ""decreases_risk""}, {""feature"": ""engagement_score"", ""label"": ""Engagement"", ""value"": 100.0, ""contribution"": -0.0924, ""direction"": ""decreases_risk""}, {""feature"": ""assignment_completion"", ""label"": ""Assignment Completion"", ""value"": 89.3, ""contribution"": -0.0757, ""direction"": ""decreases_risk""}, {""feature"": ""participation_score"", ""label"": ""Participation"", ""value"": 72.2, ""contribution"": -0.034, ""direction"": ""decreases_risk""}]"
ST1656,22,77.4,69.5,70.5,72.2,59.3,11.1,1,7,1,0,0,0.1605,Low,"[{""feature"": ""attendance"", ""label"": ""Attendance"", ""value"": 77.4, ""contribution"": -0.1342, ""direction"": ""decreases_risk""}, {""feature"": ""avg_grade"", ""label"": ""Average Grade"", ""value"": 69.5, ""contribution"": -0.0986, ""direction"": ""decreases_risk""}, {""feature"": ""engagement_score"", ""label"": ""Engagement"", ""value"": 72.2, ""contribution"": -0.0828, ""direction"": ""decreases_risk""}, {""feature"": ""absences"", ""label"": ""Absences"", ""value"": 7.0, ""contribution"": -0.06, ""direction"": ""decreases_risk""}, {""feature"": ""assignment_completion"", ""label"": ""Assignment Completion"", ""value"": 70.5, ""contribution"": 0.0261, ""direction"": ""increases_risk""}]"
ST1657,21,69.9,64.2,57.3,60.6,67.6,11.5,2,3,2,0,1,0.7831,High,"[{""feature"": ""assignment_completion"", ""label"": ""Assignment Completion"", ""value"": 57.3, ""contribution"": 0.1379, ""direction"": ""increases_risk""}, {""feature"": ""attendance"", ""label"": ""Attendance"", ""value"": 69.9, ""contribution"": 0.0692, ""direction"": ""increases_risk""}, {""feature"": ""engagement_score"", ""label"": ""Engagement"", ""value"": 60.6, ""contribution"": 0.0475, ""direction"": ""increases_risk""}, {""feature"": ""avg_grade"", ""label"": ""Average Grade"", ""value"": 64.2, ""contribution"": 0.0358, ""direction"": ""increases_risk""}, {""feature"": ""absences"", ""label"": ""Absences"", ""value"": 3.0, ""contribution"": -0.0303, ""direction"": ""decreases_risk""}]"
ST1658,16,83.6,75.2,85.7,77.4,92.0,18.1,0,5,1,1,0,0.0594,Low,"[{""feature"": ""attendance"", ""label"": ""Attendance"", ""value"": 83.6, ""contribution"": -0.1006, ""direction"": ""decreases_risk""}, {""feature"": ""engagement_score"", ""label"": ""Engagement"", ""value"": 77.4, ""contribution"": -0.0953, ""direction"": ""decreases_risk""}, {""feature"": ""assignment_completion"", ""label"": ""Assignment Completion"", ""value"": 85.7, ""contribution"": -0.0639, ""direction"": ""decreases_risk""}, {""feature"": ""avg_grade"", ""label"": ""Average Grade"", ""value"": 75.2, ""contribution"": -0.0617, ""direction"": ""decreases_risk""}, {""feature"": ""participation_score"", ""label"": ""Participation"", ""value"": 92.0, ""contribution"": -0.0536, ""direction"": ""decreases_risk""}]"
ST1659,18,68.7,68.1,57.6,66.1,86.0,14.1,0,9,1,1,0,0.296,Low,"[{""feature"": ""avg_grade"", ""label"": ""Average Grade"", ""value"": 68.1, ""contribution"": -0.1147, ""direction"": ""decreases_risk""}, {""feature"": ""assignment_completion"", ""label"": ""Assignment Completion"", ""value"": 57.6, ""contribution"": 0.0931, ""direction"": ""increases_risk""}, {""feature"": ""previous_failures"", ""label"": ""Previous Failures"", ""value"": 0.0, ""contribution"": -0.087, ""direction"": ""decreases_risk""}, {""feature"": ""participation_score"", ""label"": ""Participation"", ""value"": 86.0, ""contribution"": -0.0741, ""direction"": ""decreases_risk""}, {""feature"": ""attendance"", ""label"": ""Attendance"", ""value"": 68.7, ""contribution"": 0.067, ""direction"": ""increases_risk""}]"
ST1660,17,70.2,72.4,59.7,65.8,60.5,6.1,1,13,5,0,0,0.4332,Medium,"[{""feature"": ""avg_grade"", ""label"": ""Average Grade"", ""value"": 72.4, ""contribution"": -0.1646, ""direction"": ""decreases_risk""}, {""feature"": ""assignment_completion"", ""label"": ""Assignment Completion"", ""value"": 59.7, ""contribution"": 0.1043, ""direction"": ""increases_risk""}, {""feature"": ""absences"", ""label"": ""Absences"", ""value"": 13.0, ""contribution"": 0.0373, ""direction"": ""increases_risk""}, {""feature"": ""family_support"", ""label"": ""Family Support"", ""value"": 5.0, ""contribution"": -0.0241, ""direction"": ""decreases_risk""}, {""feature"": ""participation_score"", ""label"": ""Participation"", ""value"": 60.5, ""contribution"": -0.0176, ""direction"": ""decreases_risk""}]"
ST1661,21,75.8,63.7,82.3,50.6,79.6,12.1,1,10,2,0,0,0.2788,Low,"[{""feature"": ""attendance"", ""label"": ""Attendance"", ""value"": 75.8, ""contribution"": -0.1871, ""direction"": ""decreases_risk""}, {""feature"": ""engagement_score"", ""label"": ""Engagement"", ""value"": 50.6, ""contribution"": 0.1408, ""direction"": ""increases_risk""}, {""feature"": ""assignment_completion"", ""label"": ""Assignment Completion"", ""value"": 82.3, ""contribution"": -0.086, ""direction"": ""decreases_risk""}, {""feature"": ""participation_score"", ""label"": ""Participation"", ""value"": 79.6, ""contribution"": -0.0755, ""direction"": ""decreases_risk""}, {""feature"": ""study_hours"", ""label"": ""Study Hours"", ""value"": 12.1, ""contribution"": -0.0156, ""direction"": ""decreases_risk""}]"
ST1662,16,48.9,32.0,54.9,47.2,43.1,4.8,4,16,1,1,1,0.9977,High,"[{""feature"": ""attendance"", ""label"": ""Attendance"", ""value"": 48.9, ""contribution"": 0.1124, ""direction"": ""increases_risk""}, {""feature"": ""avg_grade"", ""label"": ""Average Grade"", ""value"": 32.0, ""contribution"": 0.112, ""direction"": ""increases_risk""}, {""feature"": ""engagement_score"", ""label"": ""Engagement"", ""value"": 47.2, ""contribution"": 0.0925, ""direction"": ""increases_risk""}, {""feature"": ""assignment_completion"", ""label"": ""Assignment Completion"", ""value"": 54.9, ""contribution"": 0.0747, ""direction"": ""increases_risk""}, {""feature"": ""participation_score"", ""label"": ""Participation"", ""value"": 43.1, ""contribution"": 0.0406, ""direction"": ""increases_risk""}]"
ST1663,17,55.6,35.8,58.2,66.0,62.2,3.3,3,14,1,0,1,0.9271,High,"[{""feature"": ""avg_grade"", ""label"": ""Average Grade"", ""value"": 35.8, ""contribution"": 0.1475, ""direction"": ""increases_risk""}, {""feature"": ""attendance"", ""label"": ""Attendance"", ""value"": 55.6, ""contribution"": 0.1142, ""direction"": ""increases_risk""}, {""feature"": ""assignment_completion"", ""label"": ""Assignment Completion"", ""value"": 58.2, ""contribution"": 0.0846, ""direction"": ""increases_risk""}, {""feature"": ""previous_failures"", ""label"": ""Previous Failures"", ""value"": 3.0, ""contribution"": 0.0374, ""direction"": ""increases_risk""}, {""feature"": ""absences"", ""label"": ""Absences"", ""value"": 14.0, ""contribution"": 0.037, ""direction"": ""increases_risk""}]"
ST1664,20,100.0,100.0,89.4,89.2,71.7,20.5,0,0,5,0,0,0.0043,Low,"[{""feature"": ""avg_grade"", ""label"": ""Average Grade"", ""value"": 100.0, ""contribution"": -0.1166, ""direction"": ""decreases_risk""}, {""feature"": ""attendance"", ""label"": ""Attendance"", ""value"": 100.0, ""contribution"": -0.1125, ""direction"": ""decreases_risk""}, {""feature"": ""engagement_score"", ""label"": ""Engagement"", ""value"": 89.2, ""contribution"": -0.0944, ""direction"": ""decreases_risk""}, {""feature"": ""assignment_completion"", ""label"": ""Assignment Completion"", ""value"": 89.4, ""contribution"": -0.0753, ""direction"": ""decreases_risk""}, {""feature"": ""participation_score"", ""label"": ""Participation"", ""value"": 71.7, ""contribution"": -0.0317, ""direction"": ""decreases_risk""}]"
ST1665,21,39.0,38.5,31.6,24.6,49.1,8.8,3,26,3,1,1,0.9973,High,"[{""feature"": ""attendance"", ""label"": ""Attendance"", ""value"": 39.0, ""contribution"": 0.116, ""direction"": ""increases_risk""}, {""feature"": ""avg_grade"", ""label"": ""Average Grade"", ""value"": 38.5, ""contribution"": 0.1158, ""direction"": ""increases_risk""}, {""feature"": ""engagement_score"", ""label"": ""Engagement"", ""value"": 24.6, ""contribution"": 0.096, ""direction"": ""increases_risk""}, {""feature"": ""assignment_completion"", ""label"": ""Assignment Completion"", ""value"": 31.6, ""contribution"": 0.0762, ""direction"": ""increases_risk""}, {""feature"": ""participation_score"", ""label"": ""Participation"", ""value"": 49.1, ""contribution"": 0.0404, ""direction"": ""increases_risk""}]"
ST1666,20,94.2,77.7,79.8,66.2,49.7,15.2,1,0,4,0,0,0.105,Low,"[{""feature"": ""attendance"", ""label"": ""Attendance"", ""value"": 94.2, ""contribution"": -0.1538, ""direction"": ""decreases_risk""}, {""feature"": ""avg_grade"", ""label"": ""Average Grade"", ""value"": 77.7, ""contribution"": -0.1132, ""direction"": ""decreases_risk""}, {""feature"": ""assignment_completion"", ""label"": ""Assignment Completion"", ""value"": 79.8, ""contribution"": -0.067, ""direction"": ""decreases_risk""}, {""feature"": ""absences"", ""label"": ""Absences"", ""value"": 0.0, ""contribution"": -0.0509, ""direction"": ""decreases_risk""}, {""feature"": ""participation_score"", ""label"": ""Participation"", ""value"": 49.7, ""contribution"": 0.042, ""direction"": ""increases_risk""}]"
ST1667,22,66.6,51.4,61.6,57.9,41.0,9.4,3,10,2,0,1,0.9446,High,"[{""feature"": ""avg_grade"", ""label"": ""Average Grade"", ""value"": 51.4, ""contribution"": 0.133, ""direction"": ""increases_risk""}, {""feature"": ""attendance"", ""label"": ""Attendance"", ""value"": 66.6, ""contribution"": 0.1002, ""direction"": ""increases_risk""}, {""feature"": ""assignment_completion"", ""label"": ""Assignment Completion"", ""value"": 61.6, ""contribution"": 0.0694, ""direction"": ""increases_risk""}, {""feature"": ""engagement_score"", ""label"": ""Engagement"", ""value"": 57.9, ""contribution"": 0.0469, ""direction"": ""increases_risk""}, {""feature"": ""participation_score"", ""label"": ""Participation"", ""value"": 41.0, ""contribution"": 0.0448, ""direction"": ""increases_risk""}]"
ST1668,23,100.0,62.4,92.1,67.3,72.2,14.0,0,0,4,0,0,0.1379,Low,"[{""feature"": ""attendance"", ""label"": ""Attendance"", ""value"": 100.0, ""contribution"": -0.152, ""direction"": ""decreases_risk""}, {""feature"": ""assignment_completion"", ""label"": ""Assignment Completion"", ""value"": 92.1, ""contribution"": -0.0774, ""direction"": ""decreases_risk""}, {""feature"": ""participation_score"", ""label"": ""Participation"", ""value"": 72.2, ""contribution"": -0.0463, ""direction"": ""decreases_risk""}, {""feature"": ""absences"", ""label"": ""Absences"", ""value"": 0.0, ""contribution"": -0.0419, ""direction"": ""decreases_risk""}, {""feature"": ""previous_failures"", ""label"": ""Previous Failures"", ""value"": 0.0, ""contribution"": -0.0331, ""direction"": ""decreases_risk""}]"
ST1669,17,82.0,90.6,96.0,87.6,59.3,18.0,0,2,5,0,0,0.0473,Low,"[{""feature"": ""avg_grade"", ""label"": ""Average Grade"", ""value"": 90.6, ""contribution"": -0.1284, ""direction"": ""decreases_risk""}, {""feature"": ""attendance"", ""label"": ""Attendance"", ""value"": 82.0, ""contribution"": -0.1044, ""direction"": ""decreases_risk""}, {""feature"": ""engagement_score"", ""label"": ""Engagement"", ""value"": 87.6, ""contribution"": -0.1042, ""direction"": ""decreases_risk""}, {""feature"": ""assignment_completion"", ""label"": ""Assignment Completion"", ""value"": 96.0, ""contribution"": -0.071, ""direction"": ""decreases_risk""}, {""feature"": ""absences"", ""label"": ""Absences"", ""value"": 2.0, ""contribution"": -0.0352, ""direction"": ""decreases_risk""}]"
ST1670,23,100.0,100.0,100.0,98.2,98.0,22.3,0,1,4,1,0,0.0005,Low,"[{""feature"": ""avg_grade"", ""label"": ""Average Grade"", ""value"": 100.0, ""contribution"": -0.1084, ""direction"": ""decreases_risk""}, {""feature"": ""attendance"", ""label"": ""Attendance"", ""value"": 100.0, ""contribution"": -0.108, ""direction"": ""decreases_risk""}, {""feature"": ""engagement_score"", ""label"": ""Engagement"", ""value"": 98.2, ""contribution"": -0.0958, ""direction"": ""decreases_risk""}, {""feature"": ""assignment_completion"", ""label"": ""Assignment Completion"", ""value"": 100.0, ""contribution"": -0.0741, ""direction"": ""decreases_risk""}, {""feature"": ""participation_score"", ""label"": ""Participation"", ""value"": 98.0, ""contribution"": -0.039, ""direction"": ""decreases_risk""}]"
ST1671,20,88.0,87.2,77.2,82.7,80.4,8.8,0,5,3,0,0,0.0298,Low,"[{""feature"": ""attendance"", ""label"": ""Attendance"", ""value"": 88.0, ""contribution"": -0.1167, ""direction"": ""decreases_risk""}, {""feature"": ""avg_grade"", ""label"": ""Average Grade"", ""value"": 87.2, ""contribution"": -0.1133, ""direction"": ""decreases_risk""}, {""feature"": ""engagement_score"", ""label"": ""Engagement"", ""value"": 82.7, ""contribution"": -0.0916, ""direction"": ""decreases_risk""}, {""feature"": ""participation_score"", ""label"": ""Participation"", ""value"": 80.4, ""contribution"": -0.0448, ""direction"": ""decreases_risk""}, {""feature"": ""assignment_completion"", ""label"": ""Assignment Completion"", ""value"": 77.2, ""contribution"": -0.0385, ""direction"": ""decreases_risk""}]"
ST1672,21,100.0,100.0,100.0,97.7,84.3,25.0,0,4,2,0,0,0.0025,Low,"[{""feature"": ""attendance"", ""label"": ""Attendance"", ""value"": 100.0, ""contribution"": -0.1163, ""direction"": ""decreases_risk""}, {""feature"": ""avg_grade"", ""label"": ""Average Grade"", ""value"": 100.0, ""contribution"": -0.1096, ""direction"": ""decreases_risk""}, {""feature"": ""engagement_score"", ""label"": ""Engagement"", ""value"": 97.7, ""contribution"": -0.0952, ""direction"": ""decreases_risk""}, {""feature"": ""assignment_completion"", ""label"": ""Assignment Completion"", ""value"": 100.0, ""contribution"": -0.0713, ""direction"": ""decreases_risk""}, {""feature"": ""participation_score"", ""label"": ""Participation"", ""value"": 84.3, ""contribution"": -0.042, ""direction"": ""decreases_risk""}]"
ST1673,16,55.8,64.6,57.8,45.5,43.8,10.8,4,19,2,0,1,0.9659,High,"[{""feature"": ""attendance"", ""label"": ""Attendance"", ""value"": 55.8, ""contribution"": 0.1374, ""direction"": ""increases_risk""}, {""feature"": ""engagement_score"", ""label"": ""Engagement"", ""value"": 45.5, ""contribution"": 0.1034, ""direction"": ""increases_risk""}, {""feature"": ""assignment_completion"", ""label"": ""Assignment Completion"", ""value"": 57.8, ""contribution"": 0.0852, ""direction"": ""increases_risk""}, {""feature"": ""participation_score"", ""label"": ""Participation"", ""value"": 43.8, ""contribution"": 0.0508, ""direction"": ""increases_risk""}, {""feature"": ""absences"", ""label"": ""Absences"", ""value"": 19.0, ""contribution"": 0.0386, ""direction"": ""increases_risk""}]"
ST1674,20,47.1,45.1,49.1,37.5,41.5,3.6,5,26,3,0,1,1.0,High,"[{""feature"": ""attendance"", ""label"": ""Attendance"", ""value"": 47.1, ""contribution"": 0.1133, ""direction"": ""increases_risk""}, {""feature"": ""avg_grade"", ""label"": ""Average Grade"", ""value"": 45.1, ""contribution"": 0.1124, ""direction"": ""increases_risk""}, {""feature"": ""engagement_score"", ""label"": ""Engagement"", ""value"": 37.5, ""contribution"": 0.0936, ""direction"": ""increases_risk""}, {""feature"": ""assignment_completion"", ""label"": ""Assignment Completion"", ""value"": 49.1, ""contribution"": 0.073, ""direction"": ""increases_risk""}, {""feature"": ""participation_score"", ""label"": ""Participation"", ""value"": 41.5, ""contribution"": 0.0427, ""direction"": ""increases_risk""}]"
ST1675,21,97.2,94.5,100.0,73.8,68.5,12.5,1,1,3,1,0,0.0624,Low,"[{""feature"": ""attendance"", ""label"": ""Attendance"", ""value"": 97.2, ""contribution"": -0.1203, ""direction"": ""decreases_risk""}, {""feature"": ""avg_grade"", ""label"": ""Average Grade"", ""value"": 94.5, ""contribution"": -0.1188, ""direction"": ""decreases_risk""}, {""feature"": ""assignment_completion"", ""label"": ""Assignment Completion"", ""value"": 100.0, ""contribution"": -0.086, ""direction"": ""decreases_risk""}, {""feature"": ""engagement_score"", ""label"": ""Engagement"", ""value"": 73.8, ""contribution"": -0.0493, ""direction"": ""decreases_risk""}, {""feature"": ""absences"", ""label"": ""Absences"", ""value"": 1.0, ""contribution"": -0.0275, ""direction"": ""decreases_risk""}]"
ST1676,20,65.1,71.0,55.3,84.7,62.7,12.2,2,11,1,0,0,0.4796,Medium,"[{""feature"": ""engagement_score"", ""label"": ""Engagement"", ""value"": 84.7, ""contribution"": -0.183, ""direction"": ""decreases_risk""}, {""feature"": ""attendance"", ""label"": ""Attendance"", ""value"": 65.1, ""contribution"": 0.1325, ""direction"": ""increases_risk""}, {""feature"": ""assignment_completion"", ""label"": ""Assignment Completion"", ""value"": 55.3, ""contribution"": 0.1182, ""direction"": ""increases_risk""}, {""feature"": ""avg_grade"", ""label"": ""Average Grade"", ""value"": 71.0, ""contribution"": -0.1136, ""direction"": ""decreases_risk""}, {""feature"": ""participation_score"", ""label"": ""Participation"", ""value"": 62.7, ""contribution"": -0.0275, ""direction"": ""decreases_risk""}]"
ST1677,16,87.4,90.0,90.4,83.2,79.3,14.4,2,1,1,1,0,0.0077,Low,"[{""feature"": ""attendance"", ""label"": ""Attendance"", ""value"": 87.4, ""contribution"": -0.1199, ""direction"": ""decreases_risk""}, {""feature"": ""avg_grade"", ""label"": ""Average Grade"", ""value"": 90.0, ""contribution"": -0.1118, ""direction"": ""decreases_risk""}, {""feature"": ""engagement_score"", ""label"": ""Engagement"", ""value"": 83.2, ""contribution"": -0.096, ""direction"": ""decreases_risk""}, {""feature"": ""assignment_completion"", ""label"": ""Assignment Completion"", ""value"": 90.4, ""contribution"": -0.0853, ""direction"": ""decreases_risk""}, {""feature"": ""participation_score"", ""label"": ""Participation"", ""value"": 79.3, ""contribution"": -0.046, ""direction"": ""decreases_risk""}]"
ST1678,20,90.1,86.7,100.0,88.6,73.4,15.8,0,6,3,0,0,0.0004,Low,"[{""feature"": ""attendance"", ""label"": ""Attendance"", ""value"": 90.1, ""contribution"": -0.1157, ""direction"": ""decreases_risk""}, {""feature"": ""avg_grade"", ""label"": ""Average Grade"", ""value"": 86.7, ""contribution"": -0.1077, ""direction"": ""decreases_risk""}, {""feature"": ""engagement_score"", ""label"": ""Engagement"", ""value"": 88.6, ""contribution"": -0.0927, ""direction"": ""decreases_risk""}, {""feature"": ""assignment_completion"", ""label"": ""Assignment Completion"", ""value"": 100.0, ""contribution"": -0.069, ""direction"": ""decreases_risk""}, {""feature"": ""participation_score"", ""label"": ""Participation"", ""value"": 73.4, ""contribution"": -0.0406, ""direction"": ""decreases_risk""}]"
ST1679,23,73.0,57.0,52.7,50.0,75.6,10.7,2,10,1,1,1,0.7804,High,"[{""feature"": ""avg_grade"", ""label"": ""Average Grade"", ""value"": 57.0, ""contribution"": 0.1368, ""direction"": ""increases_risk""}, {""feature"": ""assignment_completion"", ""label"": ""Assignment Completion"", ""value"": 52.7, ""contribution"": 0.1232, ""direction"": ""increases_risk""}, {""feature"": ""engagement_score"", ""label"": ""Engagement"", ""value"": 50.0, ""contribution"": 0.1178, ""direction"": ""increases_risk""}, {""feature"": ""attendance"", ""label"": ""Attendance"", ""value"": 73.0, ""contribution"": -0.0674, ""direction"": ""decreases_risk""}, {""feature"": ""participation_score"", ""label"": ""Participation"", ""value"": 75.6, ""contribution"": -0.0592, ""direction"": ""decreases_risk""}]"
ST1680,21,73.3,87.2,73.2,61.7,60.6,10.5,2,11,3,0,0,0.1357,Low,"[{""feature"": ""avg_grade"", ""label"": ""Average Grade"", ""value"": 87.2, ""contribution"": -0.1857, ""direction"": ""decreases_risk""}, {""feature"": ""attendance"", ""label"": ""Attendance"", ""value"": 73.3, ""contribution"": -0.1418, ""direction"": ""decreases_risk""}, {""feature"": ""participation_score"", ""label"": ""Participation"", ""value"": 60.6, ""contribution"": -0.0266, ""direction"": ""decreases_risk""}, {""feature"": ""assignment_completion"", ""label"": ""Assignment Completion"", ""value"": 73.2, ""contribution"": -0.0119, ""direction"": ""decreases_risk""}, {""feature"": ""absences"", ""label"": ""Absences"", ""value"": 11.0, ""contribution"": 0.0116, ""direction"": ""increases_risk""}]"
ST1681,17,30.1,29.7,39.0,33.9,59.0,0.8,3,21,2,0,1,0.9955,High,"[{""feature"": ""attendance"", ""label"": ""Attendance"", ""value"": 30.1, ""contribution"": 0.1191, ""direction"": ""increases_risk""}, {""feature"": ""avg_grade"", ""label"": ""Average Grade"", ""value"": 29.7, ""contribution"": 0.1138, ""direction"": ""increases_risk""}, {""feature"": ""engagement_score"", ""label"": ""Engagement"", ""value"": 33.9, ""contribution"": 0.0984, ""direction"": ""increases_risk""}, {""feature"": ""assignment_completion"", ""label"": ""Assignment Completion"", ""value"": 39.0, ""contribution"": 0.0741, ""direction"": ""increases_risk""}, {""feature"": ""absences"", ""label"": ""Absences"", ""value"": 21.0, ""contribution"": 0.0352, ""direction"": ""increases_risk""}]"
ST1682,23,69.4,78.5,83.3,89.9,63.3,15.3,2,12,2,0,1,0.411,Medium,"[{""feature"": ""engagement_score"", ""label"": ""Engagement"", ""value"": 89.9, ""contribution"": -0.1205, ""direction"": ""decreases_risk""}, {""feature"": ""attendance"", ""label"": ""Attendance"", ""value"": 69.4, ""contribution"": 0.1098, ""direction"": ""increases_risk""}, {""feature"": ""avg_grade"", ""label"": ""Average Grade"", ""value"": 78.5, ""contribution"": -0.0994, ""direction"": ""decreases_risk""}, {""feature"": ""assignment_completion"", ""label"": ""Assignment Completion"", ""value"": 83.3, ""contribution"": -0.0604, ""direction"": ""decreases_risk""}, {""feature"": ""absences"", ""label"": ""Absences"", ""value"": 12.0, ""contribution"": 0.0398, ""direction"": ""increases_risk""}]"
ST1683,23,48.7,51.7,43.2,45.8,54.8,5.9,2,19,1,0,1,0.9976,High,"[{""feature"": ""attendance"", ""label"": ""Attendance"", ""value"": 48.7, ""contribution"": 0.1186, ""direction"": ""increases_risk""}, {""feature"": ""avg_grade"", ""label"": ""Average Grade"", ""value"": 51.7, ""contribution"": 0.1124, ""direction"": ""increases_risk""}, {""feature"": ""engagement_score"", ""label"": ""Engagement"", ""value"": 45.8, ""contribution"": 0.0986, ""direction"": ""increases_risk""}, {""feature"": ""assignment_completion"", ""label"": ""Assignment Completion"", ""value"": 43.2, ""contribution"": 0.0736, ""direction"": ""increases_risk""}, {""feature"": ""absences"", ""label"": ""Absences"", ""value"": 19.0, ""contribution"": 0.0371, ""direction"": ""increases_risk""}]"
ST1684,17,64.4,71.6,81.8,59.6,79.7,12.0,1,13,3,0,1,0.7294,High,"[{""feature"": ""attendance"", ""label"": ""Attendance"", ""value"": 64.4, ""contribution"": 0.2128, ""direction"": ""increases_risk""}, {""feature"": ""engagement_score"", ""label"": ""Engagement"", ""value"": 59.6, ""contribution"": 0.1241, ""direction"": ""increases_risk""}, {""feature"": ""avg_grade"", ""label"": ""Average Grade"", ""value"": 71.6, ""contribution"": -0.0761, ""direction"": ""decreases_risk""}, {""feature"": ""absences"", ""label"": ""Absences"", ""value"": 13.0, ""contribution"": 0.0571, ""direction"": ""increases_risk""}, {""feature"": ""assignment_completion"", ""label"": ""Assignment Completion"", ""value"": 81.8, ""contribution"": -0.054, ""direction"": ""decreases_risk""}]"
ST1685,22,62.3,53.5,71.6,56.2,69.3,4.4,2,11,1,0,1,0.9163,High,"[{""feature"": ""attendance"", ""label"": ""Attendance"", ""value"": 62.3, ""contribution"": 0.1449, ""direction"": ""increases_risk""}, {""feature"": ""avg_grade"", ""label"": ""Average Grade"", ""value"": 53.5, ""contribution"": 0.1334, ""direction"": ""increases_risk""}, {""feature"": ""engagement_score"", ""label"": ""Engagement"", ""value"": 56.2, ""contribution"": 0.0779, ""direction"": ""increases_risk""}, {""feature"": ""participation_score"", ""label"": ""Participation"", ""value"": 69.3, ""contribution"": -0.0349, ""direction"": ""decreases_risk""}, {""feature"": ""assignment_completion"", ""label"": ""Assignment Completion"", ""value"": 71.6, ""contribution"": 0.0347, ""direction"": ""increases_risk""}]"
ST1686,19,75.3,81.3,91.3,83.5,69.6,13.3,0,12,4,0,0,0.0087,Low,"[{""feature"": ""avg_grade"", ""label"": ""Average Grade"", ""value"": 81.3, ""contribution"": -0.1259, ""direction"": ""decreases_risk""}, {""feature"": ""engagement_score"", ""label"": ""Engagement"", ""value"": 83.5, ""contribution"": -0.1213, ""direction"": ""decreases_risk""}, {""feature"": ""attendance"", ""label"": ""Attendance"", ""value"": 75.3, ""contribution"": -0.0981, ""direction"": ""decreases_risk""}, {""feature"": ""assignment_completion"", ""label"": ""Assignment Completion"", ""value"": 91.3, ""contribution"": -0.0772, ""direction"": ""decreases_risk""}, {""feature"": ""participation_score"", ""label"": ""Participation"", ""value"": 69.6, ""contribution"": -0.0438, ""direction"": ""decreases_risk""}]"
ST1687,20,72.6,70.6,71.0,87.1,74.8,14.4,0,16,5,1,0,0.1503,Low,"[{""feature"": ""engagement_score"", ""label"": ""Engagement"", ""value"": 87.1, ""contribution"": -0.1298, ""direction"": ""decreases_risk""}, {""feature"": ""avg_grade"", ""label"": ""Average Grade"", ""value"": 70.6, ""contribution"": -0.1001, ""direction"": ""decreases_risk""}, {""feature"": ""attendance"", ""label"": ""Attendance"", ""value"": 72.6, ""contribution"": -0.0588, ""direction"": ""decreases_risk""}, {""feature"": ""participation_score"", ""label"": ""Participation"", ""value"": 74.8, ""contribution"": -0.0578, ""direction"": ""decreases_risk""}, {""feature"": ""assignment_completion"", ""label"": ""Assignment Completion"", ""value"": 71.0, ""contribution"": 0.0464, ""direction"": ""increases_risk""}]"
ST1688,19,73.1,60.5,81.6,74.3,74.2,14.3,1,6,5,1,0,0.2136,Low,"[{""feature"": ""avg_grade"", ""label"": ""Average Grade"", ""value"": 60.5, ""contribution"": 0.1193, ""direction"": ""increases_risk""}, {""feature"": ""assignment_completion"", ""label"": ""Assignment Completion"", ""value"": 81.6, ""contribution"": -0.0936, ""direction"": ""decreases_risk""}, {""feature"": ""engagement_score"", ""label"": ""Engagement"", ""value"": 74.3, ""contribution"": -0.0913, ""direction"": ""decreases_risk""}, {""feature"": ""participation_score"", ""label"": ""Participation"", ""value"": 74.2, ""contribution"": -0.0675, ""direction"": ""decreases_risk""}, {""feature"": ""attendance"", ""label"": ""Attendance"", ""value"": 73.1, ""contribution"": -0.054, ""direction"": ""decreases_risk""}]"
ST1689,22,89.1,87.1,85.8,92.2,73.8,13.4,0,6,4,1,0,0.0009,Low,"[{""feature"": ""attendance"", ""label"": ""Attendance"", ""value"": 89.1, ""contribution"": -0.1105, ""direction"": ""decreases_risk""}, {""feature"": ""avg_grade"", ""label"": ""Average Grade"", ""value"": 87.1, ""contribution"": -0.1025, ""direction"": ""decreases_risk""}, {""feature"": ""engagement_score"", ""label"": ""Engagement"", ""value"": 92.2, ""contribution"": -0.0909, ""direction"": ""decreases_risk""}, {""feature"": ""assignment_completion"", ""label"": ""Assignment Completion"", ""value"": 85.8, ""contribution"": -0.073, ""direction"": ""decreases_risk""}, {""feature"": ""participation_score"", ""label"": ""Participation"", ""value"": 73.8, ""contribution"": -0.0427, ""direction"": ""decreases_risk""}]"
ST1690,23,78.0,52.6,66.7,64.0,65.5,5.5,3,0,5,0,0,0.6551,High,"[{""feature"": ""avg_grade"", ""label"": ""Average Grade"", ""value"": 52.6, ""contribution"": 0.1799, ""direction"": ""increases_risk""}, {""feature"": ""attendance"", ""label"": ""Attendance"", ""value"": 78.0, ""contribution"": -0.1118, ""direction"": ""decreases_risk""}, {""feature"": ""assignment_completion"", ""label"": ""Assignment Completion"", ""value"": 66.7, ""contribution"": 0.098, ""direction"": ""increases_risk""}, {""feature"": ""previous_failures"", ""label"": ""Previous Failures"", ""value"": 3.0, ""contribution"": 0.0557, ""direction"": ""increases_risk""}, {""feature"": ""absences"", ""label"": ""Absences"", ""value"": 0.0, ""contribution"": -0.0507, ""direction"": ""decreases_risk""}]"
ST1691,22,72.3,46.9,90.6,44.9,79.4,9.1,3,12,5,1,1,0.592,Medium,"[{""feature"": ""avg_grade"", ""label"": ""Average Grade"", ""value"": 46.9, ""contribution"": 0.1661, ""direction"": ""increases_risk""}, {""feature"": ""engagement_score"", ""label"": ""Engagement"", ""value"": 44.9, ""contribution"": 0.1413, ""direction"": ""increases_risk""}, {""feature"": ""assignment_completion"", ""label"": ""Assignment Completion"", ""value"": 90.6, ""contribution"": -0.1227, ""direction"": ""decreases_risk""}, {""feature"": ""participation_score"", ""label"": ""Participation"", ""value"": 79.4, ""contribution"": -0.0748, ""direction"": ""decreases_risk""}, {""feature"": ""attendance"", ""label"": ""Attendance"", ""value"": 72.3, ""contribution"": -0.0632, ""direction"": ""decreases_risk""}]"
ST1692,23,67.5,62.0,69.9,49.3,64.9,11.0,3,6,4,1,0,0.5878,Medium,"[{""feature"": ""attendance"", ""label"": ""Attendance"", ""value"": 67.5, ""contribution"": 0.1016, ""direction"": ""increases_risk""}, {""feature"": ""engagement_score"", ""label"": ""Engagement"", ""value"": 49.3, ""contribution"": 0.098, ""direction"": ""increases_risk""}, {""feature"": ""participation_score"", ""label"": ""Participation"", ""value"": 64.9, ""contribution"": -0.0588, ""direction"": ""decreases_risk""}, {""feature"": ""absences"", ""label"": ""Absences"", ""value"": 6.0, ""contribution"": -0.0587, ""direction"": ""decreases_risk""}, {""feature"": ""previous_failures"", ""label"": ""Previous Failures"", ""value"": 3.0, ""contribution"": 0.038, ""direction"": ""increases_risk""}]"
ST1693,23,46.2,46.5,38.7,30.5,52.7,6.3,2,17,2,1,1,0.9957,High,"[{""feature"": ""attendance"", ""label"": ""Attendance"", ""value"": 46.2, ""contribution"": 0.1165, ""direction"": ""increases_risk""}, {""feature"": ""avg_grade"", ""label"": ""Average Grade"", ""value"": 46.5, ""contribution"": 0.1132, ""direction"": ""increases_risk""}, {""feature"": ""engagement_score"", ""label"": ""Engagement"", ""value"": 30.5, ""contribution"": 0.0982, ""direction"": ""increases_risk""}, {""feature"": ""assignment_completion"", ""label"": ""Assignment Completion"", ""value"": 38.7, ""contribution"": 0.0756, ""direction"": ""increases_risk""}, {""feature"": ""participation_score"", ""label"": ""Participation"", ""value"": 52.7, ""contribution"": 0.038, ""direction"": ""increases_risk""}]"
ST1694,16,48.0,48.5,54.1,29.7,55.1,3.9,1,14,3,0,1,0.9932,High,"[{""feature"": ""attendance"", ""label"": ""Attendance"", ""value"": 48.0, ""contribution"": 0.1175, ""direction"": ""increases_risk""}, {""feature"": ""avg_grade"", ""label"": ""Average Grade"", ""value"": 48.5, ""contribution"": 0.1159, ""direction"": ""increases_risk""}, {""feature"": ""engagement_score"", ""label"": ""Engagement"", ""value"": 29.7, ""contribution"": 0.1107, ""direction"": ""increases_risk""}, {""feature"": ""assignment_completion"", ""label"": ""Assignment Completion"", ""value"": 54.1, ""contribution"": 0.0782, ""direction"": ""increases_risk""}, {""feature"": ""participation_score"", ""label"": ""Participation"", ""value"": 55.1, ""contribution"": 0.0345, ""direction"": ""increases_risk""}]"
ST1695,18,87.7,84.0,74.0,85.5,57.2,14.6,0,4,5,1,1,0.3539,Medium,"[{""feature"": ""attendance"", ""label"": ""Attendance"", ""value"": 87.7, ""contribution"": -0.0904, ""direction"": ""decreases_risk""}, {""feature"": ""avg_grade"", ""label"": ""Average Grade"", ""value"": 84.0, ""contribution"": -0.0891, ""direction"": ""decreases_risk""}, {""feature"": ""participation_score"", ""label"": ""Participation"", ""value"": 57.2, ""contribution"": 0.0867, ""direction"": ""increases_risk""}, {""feature"": ""engagement_score"", ""label"": ""Engagement"", ""value"": 85.5, ""contribution"": -0.0738, ""direction"": ""decreases_risk""}, {""feature"": ""assignment_completion"", ""label"": ""Assignment Completion"", ""value"": 74.0, ""contribution"": 0.0601, ""direction"": ""increases_risk""}]"
ST1696,21,76.5,50.4,62.1,64.4,67.8,14.8,5,11,4,1,1,0.7645,High,"[{""feature"": ""avg_grade"", ""label"": ""Average Grade"", ""value"": 50.4, ""contribution"": 0.2057, ""direction"": ""increases_risk""}, {""feature"": ""attendance"", ""label"": ""Attendance"", ""value"": 76.5, ""contribution"": -0.1127, ""direction"": ""decreases_risk""}, {""feature"": ""assignment_completion"", ""label"": ""Assignment Completion"", ""value"": 62.1, ""contribution"": 0.1088, ""direction"": ""increases_risk""}, {""feature"": ""previous_failures"", ""label"": ""Previous Failures"", ""value"": 5.0, ""contribution"": 0.0609, ""direction"": ""increases_risk""}, {""feature"": ""engagement_score"", ""label"": ""Engagement"", ""value"": 64.4, ""contribution"": 0.029, ""direction"": ""increases_risk""}]"
ST1697,20,81.1,71.5,79.6,81.4,65.5,15.4,2,1,2,0,0,0.1163,Low,"[{""feature"": ""attendance"", ""label"": ""Attendance"", ""value"": 81.1, ""contribution"": -0.1183, ""direction"": ""decreases_risk""}, {""feature"": ""engagement_score"", ""label"": ""Engagement"", ""value"": 81.4, ""contribution"": -0.0982, ""direction"": ""decreases_risk""}, {""feature"": ""avg_grade"", ""label"": ""Average Grade"", ""value"": 71.5, ""contribution"": -0.0809, ""direction"": ""decreases_risk""}, {""feature"": ""assignment_completion"", ""label"": ""Assignment Completion"", ""value"": 79.6, ""contribution"": -0.0578, ""direction"": ""decreases_risk""}, {""feature"": ""study_hours"", ""label"": ""Study Hours"", ""value"": 15.4, ""contribution"": -0.0203, ""direction"": ""decreases_risk""}]"
ST1698,16,77.9,87.4,75.2,45.2,61.2,7.0,0,7,1,1,0,0.2155,Low,"[{""feature"": ""avg_grade"", ""label"": ""Average Grade"", ""value"": 87.4, ""contribution"": -0.1484, ""direction"": ""decreases_risk""}, {""feature"": ""engagement_score"", ""label"": ""Engagement"", ""value"": 45.2, ""contribution"": 0.1414, ""direction"": ""increases_risk""}, {""feature"": ""attendance"", ""label"": ""Attendance"", ""value"": 77.9, ""contribution"": -0.1388, ""direction"": ""decreases_risk""}, {""feature"": ""absences"", ""label"": ""Absences"", ""value"": 7.0, ""contribution"": -0.0477, ""direction"": ""decreases_risk""}, {""feature"": ""previous_failures"", ""label"": ""Previous Failures"", ""value"": 0.0, ""contribution"": -0.045, ""direction"": ""decreases_risk""}]"
ST1699,16,70.5,72.1,96.9,100.0,100.0,15.3,1,9,1,1,0,0.0956,Low,"[{""feature"": ""engagement_score"", ""label"": ""Engagement"", ""value"": 100.0, ""contribution"": -0.1294, ""direction"": ""decreases_risk""}, {""feature"": ""avg_grade"", ""label"": ""Average Grade"", ""value"": 72.1, ""contribution"": -0.0985, ""direction"": ""decreases_risk""}, {""feature"": ""assignment_completion"", ""label"": ""Assignment Completion"", ""value"": 96.9, ""contribution"": -0.0745, ""direction"": ""decreases_risk""}, {""feature"": ""participation_score"", ""label"": ""Participation"", ""value"": 100.0, ""contribution"": -0.0381, ""direction"": ""decreases_risk""}, {""feature"": ""absences"", ""label"": ""Absences"", ""value"": 9.0, ""contribution"": -0.0291, ""direction"": ""decreases_risk""}]"
ST1700,20,50.7,46.9,56.0,31.0,42.5,10.8,4,22,2,1,1,0.988,High,"[{""feature"": ""attendance"", ""label"": ""Attendance"", ""value"": 50.7, ""contribution"": 0.1154, ""direction"": ""increases_risk""}, {""feature"": ""avg_grade"", ""label"": ""Average Grade"", ""value"": 46.9, ""contribution"": 0.1127, ""direction"": ""increases_risk""}, {""feature"": ""engagement_score"", ""label"": ""Engagement"", ""value"": 31.0, ""contribution"": 0.0922, ""direction"": ""increases_risk""}, {""feature"": ""assignment_completion"", ""label"": ""Assignment Completion"", ""value"": 56.0, ""contribution"": 0.0754, ""direction"": ""increases_risk""}, {""feature"": ""participation_score"", ""label"": ""Participation"", ""value"": 42.5, ""contribution"": 0.0434, ""direction"": ""increases_risk""}]"
ST1701,20,78.3,60.7,79.8,83.2,54.8,6.5,0,9,5,1,0,0.2751,Low,"[{""feature"": ""engagement_score"", ""label"": ""Engagement"", ""value"": 83.2, ""contribution"": -0.1411, ""direction"": ""decreases_risk""}, {""feature"": ""avg_grade"", ""label"": ""Average Grade"", ""value"": 60.7, ""contribution"": 0.1081, ""direction"": ""increases_risk""}, {""feature"": ""attendance"", ""label"": ""Attendance"", ""value"": 78.3, ""contribution"": -0.0977, ""direction"": ""decreases_risk""}, {""feature"": ""assignment_completion"", ""label"": ""Assignment Completion"", ""value"": 79.8, ""contribution"": -0.0628, ""direction"": ""decreases_risk""}, {""feature"": ""participation_score"", ""label"": ""Participation"", ""value"": 54.8, ""contribution"": 0.0511, ""direction"": ""increases_risk""}]"
ST1702,17,79.4,76.3,72.6,59.6,83.7,13.1,2,4,3,1,0,0.1085,Low,"[{""feature"": ""attendance"", ""label"": ""Attendance"", ""value"": 79.4, ""contribution"": -0.1799, ""direction"": ""decreases_risk""}, {""feature"": ""avg_grade"", ""label"": ""Average Grade"", ""value"": 76.3, ""contribution"": -0.1278, ""direction"": ""decreases_risk""}, {""feature"": ""participation_score"", ""label"": ""Participation"", ""value"": 83.7, ""contribution"": -0.0546, ""direction"": ""decreases_risk""}, {""feature"": ""engagement_score"", ""label"": ""Engagement"", ""value"": 59.6, ""contribution"": 0.0386, ""direction"": ""increases_risk""}, {""feature"": ""absences"", ""label"": ""Absences"", ""value"": 4.0, ""contribution"": -0.0342, ""direction"": ""decreases_risk""}]"
ST1703,17,72.9,47.1,55.7,39.1,40.9,5.9,2,8,1,1,1,0.9032,High,"[{""feature"": ""avg_grade"", ""label"": ""Average Grade"", ""value"": 47.1, ""contribution"": 0.1633, ""direction"": ""increases_risk""}, {""feature"": ""engagement_score"", ""label"": ""Engagement"", ""value"": 39.1, ""contribution"": 0.1208, ""direction"": ""increases_risk""}, {""feature"": ""assignment_completion"", ""label"": ""Assignment Completion"", ""value"": 55.7, ""contribution"": 0.1143, ""direction"": ""increases_risk""}, {""feature"": ""participation_score"", ""label"": ""Participation"", ""value"": 40.9, ""contribution"": 0.0556, ""direction"": ""increases_risk""}, {""feature"": ""attendance"", ""label"": ""Attendance"", ""value"": 72.9, ""contribution"": -0.0504, ""direction"": ""decreases_risk""}]"
ST1704,17,100.0,100.0,100.0,87.7,93.5,22.1,0,5,5,1,0,0.0012,Low,"[{""feature"": ""avg_grade"", ""label"": ""Average Grade"", ""value"": 100.0, ""contribution"": -0.1099, ""direction"": ""decreases_risk""}, {""feature"": ""attendance"", ""label"": ""Attendance"", ""value"": 100.0, ""contribution"": -0.1056, ""direction"": ""decreases_risk""}, {""feature"": ""engagement_score"", ""label"": ""Engagement"", ""value"": 87.7, ""contribution"": -0.0961, ""direction"": ""decreases_risk""}, {""feature"": ""assignment_completion"", ""label"": ""Assignment Completion"", ""value"": 100.0, ""contribution"": -0.0701, ""direction"": ""decreases_risk""}, {""feature"": ""participation_score"", ""label"": ""Participation"", ""value"": 93.5, ""contribution"": -0.0414, ""direction"": ""decreases_risk""}]"
ST1705,20,100.0,100.0,100.0,100.0,100.0,21.6,0,2,3,0,0,0.0283,Low,"[{""feature"": ""attendance"", ""label"": ""Attendance"", ""value"": 100.0, ""contribution"": -0.1133, ""direction"": ""decreases_risk""}, {""feature"": ""avg_grade"", ""label"": ""Average Grade"", ""value"": 100.0, ""contribution"": -0.1054, ""direction"": ""decreases_risk""}, {""feature"": ""engagement_score"", ""label"": ""Engagement"", ""value"": 100.0, ""contribution"": -0.0898, ""direction"": ""decreases_risk""}, {""feature"": ""assignment_completion"", ""label"": ""Assignment Completion"", ""value"": 100.0, ""contribution"": -0.0692, ""direction"": ""decreases_risk""}, {""feature"": ""participation_score"", ""label"": ""Participation"", ""value"": 100.0, ""contribution"": -0.0247, ""direction"": ""decreases_risk""}]"
ST1706,16,63.4,53.5,62.3,43.6,57.3,11.8,3,10,2,1,1,0.931,High,"[{""feature"": ""attendance"", ""label"": ""Attendance"", ""value"": 63.4, ""contribution"": 0.1137, ""direction"": ""increases_risk""}, {""feature"": ""avg_grade"", ""label"": ""Average Grade"", ""value"": 53.5, ""contribution"": 0.1117, ""direction"": ""increases_risk""}, {""feature"": ""engagement_score"", ""label"": ""Engagement"", ""value"": 43.6, ""contribution"": 0.1064, ""direction"": ""increases_risk""}, {""feature"": ""assignment_completion"", ""label"": ""Assignment Completion"", ""value"": 62.3, ""contribution"": 0.0601, ""direction"": ""increases_risk""}, {""feature"": ""participation_score"", ""label"": ""Participation"", ""value"": 57.3, ""contribution"": 0.0213, ""direction"": ""increases_risk""}]"
ST1707,20,76.0,62.3,83.1,57.3,50.0,12.0,0,8,5,1,0,0.2493,Low,"[{""feature"": ""attendance"", ""label"": ""Attendance"", ""value"": 76.0, ""contribution"": -0.1462, ""direction"": ""decreases_risk""}, {""feature"": ""assignment_completion"", ""label"": ""Assignment Completion"", ""value"": 83.1, ""contribution"": -0.0785, ""direction"": ""decreases_risk""}, {""feature"": ""absences"", ""label"": ""Absences"", ""value"": 8.0, ""contribution"": -0.0658, ""direction"": ""decreases_risk""}, {""feature"": ""participation_score"", ""label"": ""Participation"", ""value"": 50.0, ""contribution"": 0.0631, ""direction"": ""increases_risk""}, {""feature"": ""previous_failures"", ""label"": ""Previous Failures"", ""value"": 0.0, ""contribution"": -0.0546, ""direction"": ""decreases_risk""}]"
ST1708,19,72.5,69.3,71.6,51.7,70.5,14.7,0,9,2,1,0,0.2422,Low,"[{""feature"": ""engagement_score"", ""label"": ""Engagement"", ""value"": 51.7, ""contribution"": 0.122, ""direction"": ""increases_risk""}, {""feature"": ""avg_grade"", ""label"": ""Average Grade"", ""value"": 69.3, ""contribution"": -0.1085, ""direction"": ""decreases_risk""}, {""feature"": ""attendance"", ""label"": ""Attendance"", ""value"": 72.5, ""contribution"": -0.0847, ""direction"": ""decreases_risk""}, {""feature"": ""previous_failures"", ""label"": ""Previous Failures"", ""value"": 0.0, ""contribution"": -0.065, ""direction"": ""decreases_risk""}, {""feature"": ""absences"", ""label"": ""Absences"", ""value"": 9.0, ""contribution"": -0.0477, ""direction"": ""decreases_risk""}]"
ST1709,19,100.0,86.8,100.0,100.0,82.2,17.6,0,0,4,0,0,0.0046,Low,"[{""feature"": ""attendance"", ""label"": ""Attendance"", ""value"": 100.0, ""contribution"": -0.1127, ""direction"": ""decreases_risk""}, {""feature"": ""avg_grade"", ""label"": ""Average Grade"", ""value"": 86.8, ""contribution"": -0.1082, ""direction"": ""decreases_risk""}, {""feature"": ""engagement_score"", ""label"": ""Engagement"", ""value"": 100.0, ""contribution"": -0.0928, ""direction"": ""decreases_risk""}, {""feature"": ""assignment_completion"", ""label"": ""Assignment Completion"", ""value"": 100.0, ""contribution"": -0.0737, ""direction"": ""decreases_risk""}, {""feature"": ""participation_score"", ""label"": ""Participation"", ""value"": 82.2, ""contribution"": -0.0414, ""direction"": ""decreases_risk""}]"
ST1710,21,86.0,77.0,97.9,78.0,85.3,11.1,0,0,5,0,0,0.0605,Low,"[{""feature"": ""attendance"", ""label"": ""Attendance"", ""value"": 86.0, ""contribution"": -0.105, ""direction"": ""decreases_risk""}, {""feature"": ""engagement_score"", ""label"": ""Engagement"", ""value"": 78.0, ""contribution"": -0.0971, ""direction"": ""decreases_risk""}, {""feature"": ""avg_grade"", ""label"": ""Average Grade"", ""value"": 77.0, ""contribution"": -0.0731, ""direction"": ""decreases_risk""}, {""feature"": ""assignment_completion"", ""label"": ""Assignment Completion"", ""value"": 97.9, ""contribution"": -0.0645, ""direction"": ""decreases_risk""}, {""feature"": ""participation_score"", ""label"": ""Participation"", ""value"": 85.3, ""contribution"": -0.043, ""direction"": ""decreases_risk""}]"
ST1711,20,54.3,57.4,43.5,52.6,33.3,1.0,3,14,3,1,1,0.965,High,"[{""feature"": ""attendance"", ""label"": ""Attendance"", ""value"": 54.3, ""contribution"": 0.1079, ""direction"": ""increases_risk""}, {""feature"": ""avg_grade"", ""label"": ""Average Grade"", ""value"": 57.4, ""contribution"": 0.0881, ""direction"": ""increases_risk""}, {""feature"": ""engagement_score"", ""label"": ""Engagement"", ""value"": 52.6, ""contribution"": 0.0798, ""direction"": ""increases_risk""}, {""feature"": ""assignment_completion"", ""label"": ""Assignment Completion"", ""value"": 43.5, ""contribution"": 0.0785, ""direction"": ""increases_risk""}, {""feature"": ""participation_score"", ""label"": ""Participation"", ""value"": 33.3, ""contribution"": 0.0517, ""direction"": ""increases_risk""}]"
ST1712,21,63.1,67.4,76.5,48.7,68.0,2.8,3,17,4,1,1,0.7085,High,"[{""feature"": ""attendance"", ""label"": ""Attendance"", ""value"": 63.1, ""contribution"": 0.16, ""direction"": ""increases_risk""}, {""feature"": ""engagement_score"", ""label"": ""Engagement"", ""value"": 48.7, ""contribution"": 0.1534, ""direction"": ""increases_risk""}, {""feature"": ""avg_grade"", ""label"": ""Average Grade"", ""value"": 67.4, ""contribution"": -0.0651, ""direction"": ""decreases_risk""}, {""feature"": ""assignment_completion"", ""label"": ""Assignment Completion"", ""value"": 76.5, ""contribution"": -0.0579, ""direction"": ""decreases_risk""}, {""feature"": ""absences"", ""label"": ""Absences"", ""value"": 17.0, ""contribution"": 0.0555, ""direction"": ""increases_risk""}]"
ST1713,22,82.3,75.7,83.9,69.7,85.2,12.1,2,5,2,1,0,0.0647,Low,"[{""feature"": ""attendance"", ""label"": ""Attendance"", ""value"": 82.3, ""contribution"": -0.1233, ""direction"": ""decreases_risk""}, {""feature"": ""assignment_completion"", ""label"": ""Assignment Completion"", ""value"": 83.9, ""contribution"": -0.076, ""direction"": ""decreases_risk""}, {""feature"": ""avg_grade"", ""label"": ""Average Grade"", ""value"": 75.7, ""contribution"": -0.0702, ""direction"": ""decreases_risk""}, {""feature"": ""engagement_score"", ""label"": ""Engagement"", ""value"": 69.7, ""contribution"": -0.0602, ""direction"": ""decreases_risk""}, {""feature"": ""participation_score"", ""label"": ""Participation"", ""value"": 85.2, ""contribution"": -0.0567, ""direction"": ""decreases_risk""}]"
ST1714,23,79.6,78.6,72.2,65.2,64.8,20.1,2,7,5,0,0,0.1264,Low,"[{""feature"": ""attendance"", ""label"": ""Attendance"", ""value"": 79.6, ""contribution"": -0.1473, ""direction"": ""decreases_risk""}, {""feature"": ""avg_grade"", ""label"": ""Average Grade"", ""value"": 78.6, ""contribution"": -0.1433, ""direction"": ""decreases_risk""}, {""feature"": ""absences"", ""label"": ""Absences"", ""value"": 7.0, ""contribution"": -0.0466, ""direction"": ""decreases_risk""}, {""feature"": ""participation_score"", ""label"": ""Participation"", ""value"": 64.8, ""contribution"": -0.0307, ""direction"": ""decreases_risk""}, {""feature"": ""family_support"", ""label"": ""Family Support"", ""value"": 5.0, ""contribution"": -0.0084, ""direction"": ""decreases_risk""}]"
ST1715,22,92.0,64.9,77.7,72.6,71.4,15.2,1,3,1,1,0,0.1545,Low,"[{""feature"": ""attendance"", ""label"": ""Attendance"", ""value"": 92.0, ""contribution"": -0.1401, ""direction"": ""decreases_risk""}, {""feature"": ""engagement_score"", ""label"": ""Engagement"", ""value"": 72.6, ""contribution"": -0.0644, ""direction"": ""decreases_risk""}, {""feature"": ""assignment_completion"", ""label"": ""Assignment Completion"", ""value"": 77.7, ""contribution"": -0.0627, ""direction"": ""decreases_risk""}, {""feature"": ""participation_score"", ""label"": ""Participation"", ""value"": 71.4, ""contribution"": -0.035, ""direction"": ""decreases_risk""}, {""feature"": ""absences"", ""label"": ""Absences"", ""value"": 3.0, ""contribution"": -0.0344, ""direction"": ""decreases_risk""}]"
ST1716,20,100.0,98.8,100.0,100.0,100.0,23.6,1,7,2,1,0,0.0134,Low,"[{""feature"": ""avg_grade"", ""label"": ""Average Grade"", ""value"": 98.8, ""contribution"": -0.1128, ""direction"": ""decreases_risk""}, {""feature"": ""attendance"", ""label"": ""Attendance"", ""value"": 100.0, ""contribution"": -0.1114, ""direction"": ""decreases_risk""}, {""feature"": ""engagement_score"", ""label"": ""Engagement"", ""value"": 100.0, ""contribution"": -0.0956, ""direction"": ""decreases_risk""}, {""feature"": ""assignment_completion"", ""label"": ""Assignment Completion"", ""value"": 100.0, ""contribution"": -0.0753, ""direction"": ""decreases_risk""}, {""feature"": ""participation_score"", ""label"": ""Participation"", ""value"": 100.0, ""contribution"": -0.0308, ""direction"": ""decreases_risk""}]"
ST1717,19,83.2,78.9,68.6,71.0,55.0,9.6,1,6,5,0,0,0.2275,Low,"[{""feature"": ""attendance"", ""label"": ""Attendance"", ""value"": 83.2, ""contribution"": -0.1316, ""direction"": ""decreases_risk""}, {""feature"": ""avg_grade"", ""label"": ""Average Grade"", ""value"": 78.9, ""contribution"": -0.1234, ""direction"": ""decreases_risk""}, {""feature"": ""assignment_completion"", ""label"": ""Assignment Completion"", ""value"": 68.6, ""contribution"": 0.0779, ""direction"": ""increases_risk""}, {""feature"": ""engagement_score"", ""label"": ""Engagement"", ""value"": 71.0, ""contribution"": -0.0694, ""direction"": ""decreases_risk""}, {""feature"": ""absences"", ""label"": ""Absences"", ""value"": 6.0, ""contribution"": -0.0507, ""direction"": ""decreases_risk""}]"
ST1718,17,82.7,52.9,67.4,63.9,59.1,7.5,3,9,3,0,1,0.7009,High,"[{""feature"": ""avg_grade"", ""label"": ""Average Grade"", ""value"": 52.9, ""contribution"": 0.1968, ""direction"": ""increases_risk""}, {""feature"": ""attendance"", ""label"": ""Attendance"", ""value"": 82.7, ""contribution"": -0.1559, ""direction"": ""decreases_risk""}, {""feature"": ""assignment_completion"", ""label"": ""Assignment Completion"", ""value"": 67.4, ""contribution"": 0.0933, ""direction"": ""increases_risk""}, {""feature"": ""previous_failures"", ""label"": ""Previous Failures"", ""value"": 3.0, ""contribution"": 0.0572, ""direction"": ""increases_risk""}, {""feature"": ""absences"", ""label"": ""Absences"", ""value"": 9.0, ""contribution"": -0.0391, ""direction"": ""decreases_risk""}]"
ST1719,20,100.0,94.9,100.0,100.0,87.6,22.0,0,0,1,0,0,0.0035,Low,"[{""feature"": ""attendance"", ""label"": ""Attendance"", ""value"": 100.0, ""contribution"": -0.1182, ""direction"": ""decreases_risk""}, {""feature"": ""avg_grade"", ""label"": ""Average Grade"", ""value"": 94.9, ""contribution"": -0.1124, ""direction"": ""decreases_risk""}, {""feature"": ""engagement_score"", ""label"": ""Engagement"", ""value"": 100.0, ""contribution"": -0.0942, ""direction"": ""decreases_risk""}, {""feature"": ""assignment_completion"", ""label"": ""Assignment Completion"", ""value"": 100.0, ""contribution"": -0.0738, ""direction"": ""decreases_risk""}, {""feature"": ""participation_score"", ""label"": ""Participation"", ""value"": 87.6, ""contribution"": -0.0402, ""direction"": ""decreases_risk""}]"
ST1720,17,70.2,80.1,100.0,73.6,74.6,21.0,1,10,3,1,0,0.0671,Low,"[{""feature"": ""avg_grade"", ""label"": ""Average Grade"", ""value"": 80.1, ""contribution"": -0.138, ""direction"": ""decreases_risk""}, {""feature"": ""engagement_score"", ""label"": ""Engagement"", ""value"": 73.6, ""contribution"": -0.1061, ""direction"": ""decreases_risk""}, {""feature"": ""assignment_completion"", ""label"": ""Assignment Completion"", ""value"": 100.0, ""contribution"": -0.0997, ""direction"": ""decreases_risk""}, {""feature"": ""participation_score"", ""label"": ""Participation"", ""value"": 74.6, ""contribution"": -0.0655, ""direction"": ""decreases_risk""}, {""feature"": ""attendance"", ""label"": ""Attendance"", ""value"": 70.2, ""contribution"": 0.026, ""direction"": ""increases_risk""}]"
ST1721,23,93.9,84.4,100.0,100.0,84.7,21.7,0,2,2,1,0,0.0017,Low,"[{""feature"": ""attendance"", ""label"": ""Attendance"", ""value"": 93.9, ""contribution"": -0.1121, ""direction"": ""decreases_risk""}, {""feature"": ""avg_grade"", ""label"": ""Average Grade"", ""value"": 84.4, ""contribution"": -0.1079, ""direction"": ""decreases_risk""}, {""feature"": ""engagement_score"", ""label"": ""Engagement"", ""value"": 100.0, ""contribution"": -0.0943, ""direction"": ""decreases_risk""}, {""feature"": ""assignment_completion"", ""label"": ""Assignment Completion"", ""value"": 100.0, ""contribution"": -0.0722, ""direction"": ""decreases_risk""}, {""feature"": ""participation_score"", ""label"": ""Participation"", ""value"": 84.7, ""contribution"": -0.0408, ""direction"": ""decreases_risk""}]"
ST1722,22,100.0,80.9,94.4,86.9,82.3,18.8,2,0,3,1,0,0.0042,Low,"[{""feature"": ""attendance"", ""label"": ""Attendance"", ""value"": 100.0, ""contribution"": -0.1241, ""direction"": ""decreases_risk""}, {""feature"": ""avg_grade"", ""label"": ""Average Grade"", ""value"": 80.9, ""contribution"": -0.1128, ""direction"": ""decreases_risk""}, {""feature"": ""engagement_score"", ""label"": ""Engagement"", ""value"": 86.9, ""contribution"": -0.0969, ""direction"": ""decreases_risk""}, {""feature"": ""assignment_completion"", ""label"": ""Assignment Completion"", ""value"": 94.4, ""contribution"": -0.0805, ""direction"": ""decreases_risk""}, {""feature"": ""participation_score"", ""label"": ""Participation"", ""value"": 82.3, ""contribution"": -0.0431, ""direction"": ""decreases_risk""}]"
ST1723,16,82.0,71.3,59.2,65.8,69.1,11.9,0,6,2,1,1,0.211,Low,"[{""feature"": ""attendance"", ""label"": ""Attendance"", ""value"": 82.0, ""contribution"": -0.145, ""direction"": ""decreases_risk""}, {""feature"": ""assignment_completion"", ""label"": ""Assignment Completion"", ""value"": 59.2, ""contribution"": 0.1154, ""direction"": ""increases_risk""}, {""feature"": ""avg_grade"", ""label"": ""Average Grade"", ""value"": 71.3, ""contribution"": -0.1118, ""direction"": ""decreases_risk""}, {""feature"": ""previous_failures"", ""label"": ""Previous Failures"", ""value"": 0.0, ""contribution"": -0.0715, ""direction"": ""decreases_risk""}, {""feature"": ""absences"", ""label"": ""Absences"", ""value"": 6.0, ""contribution"": -0.0475, ""direction"": ""decreases_risk""}]"
ST1724,22,100.0,100.0,100.0,100.0,90.6,22.0,0,3,2,0,0,0.0042,Low,"[{""feature"": ""attendance"", ""label"": ""Attendance"", ""value"": 100.0, ""contribution"": -0.1164, ""direction"": ""decreases_risk""}, {""feature"": ""avg_grade"", ""label"": ""Average Grade"", ""value"": 100.0, ""contribution"": -0.1104, ""direction"": ""decreases_risk""}, {""feature"": ""engagement_score"", ""label"": ""Engagement"", ""value"": 100.0, ""contribution"": -0.0942, ""direction"": ""decreases_risk""}, {""feature"": ""assignment_completion"", ""label"": ""Assignment Completion"", ""value"": 100.0, ""contribution"": -0.0714, ""direction"": ""decreases_risk""}, {""feature"": ""participation_score"", ""label"": ""Participation"", ""value"": 90.6, ""contribution"": -0.04, ""direction"": ""decreases_risk""}]"
ST1725,16,76.0,55.9,70.6,52.4,53.3,7.0,3,6,5,1,1,0.679,High,"[{""feature"": ""avg_grade"", ""label"": ""Average Grade"", ""value"": 55.9, ""contribution"": 0.1236, ""direction"": ""increases_risk""}, {""feature"": ""attendance"", ""label"": ""Attendance"", ""value"": 76.0, ""contribution"": -0.1195, ""direction"": ""decreases_risk""}, {""feature"": ""engagement_score"", ""label"": ""Engagement"", ""value"": 52.4, ""contribution"": 0.1086, ""direction"": ""increases_risk""}, {""feature"": ""absences"", ""label"": ""Absences"", ""value"": 6.0, ""contribution"": -0.0576, ""direction"": ""decreases_risk""}, {""feature"": ""participation_score"", ""label"": ""Participation"", ""value"": 53.3, ""contribution"": 0.0502, ""direction"": ""increases_risk""}]"
ST1726,21,68.8,52.3,68.7,72.6,56.1,4.3,2,11,1,0,0,0.599,Medium,"[{""feature"": ""engagement_score"", ""label"": ""Engagement"", ""value"": 72.6, ""contribution"": -0.1871, ""direction"": ""decreases_risk""}, {""feature"": ""avg_grade"", ""label"": ""Average Grade"", ""value"": 52.3, ""contribution"": 0.1203, ""direction"": ""increases_risk""}, {""feature"": ""attendance"", ""label"": ""Attendance"", ""value"": 68.8, ""contribution"": 0.0652, ""direction"": ""increases_risk""}, {""feature"": ""participation_score"", ""label"": ""Participation"", ""value"": 56.1, ""contribution"": 0.0344, ""direction"": ""increases_risk""}, {""feature"": ""assignment_completion"", ""label"": ""Assignment Completion"", ""value"": 68.7, ""contribution"": 0.0322, ""direction"": ""increases_risk""}]"
ST1727,16,93.5,82.5,100.0,78.4,71.0,9.7,1,4,4,0,0,0.016,Low,"[{""feature"": ""attendance"", ""label"": ""Attendance"", ""value"": 93.5, ""contribution"": -0.1206, ""direction"": ""decreases_risk""}, {""feature"": ""avg_grade"", ""label"": ""Average Grade"", ""value"": 82.5, ""contribution"": -0.113, ""direction"": ""decreases_risk""}, {""feature"": ""engagement_score"", ""label"": ""Engagement"", ""value"": 78.4, ""contribution"": -0.0943, ""direction"": ""decreases_risk""}, {""feature"": ""assignment_completion"", ""label"": ""Assignment Completion"", ""value"": 100.0, ""contribution"": -0.0833, ""direction"": ""decreases_risk""}, {""feature"": ""participation_score"", ""label"": ""Participation"", ""value"": 71.0, ""contribution"": -0.0323, ""direction"": ""decreases_risk""}]"
ST1728,19,100.0,100.0,100.0,100.0,97.9,23.3,0,0,1,0,0,0.0153,Low,"[{""feature"": ""attendance"", ""label"": ""Attendance"", ""value"": 100.0, ""contribution"": -0.1176, ""direction"": ""decreases_risk""}, {""feature"": ""avg_grade"", ""label"": ""Average Grade"", ""value"": 100.0, ""contribution"": -0.1076, ""direction"": ""decreases_risk""}, {""feature"": ""engagement_score"", ""label"": ""Engagement"", ""value"": 100.0, ""contribution"": -0.0918, ""direction"": ""decreases_risk""}, {""feature"": ""assignment_completion"", ""label"": ""Assignment Completion"", ""value"": 100.0, ""contribution"": -0.0732, ""direction"": ""decreases_risk""}, {""feature"": ""participation_score"", ""label"": ""Participation"", ""value"": 97.9, ""contribution"": -0.0391, ""direction"": ""decreases_risk""}]"
ST1729,21,100.0,89.8,100.0,86.1,85.5,15.6,0,3,3,1,0,0.0011,Low,"[{""feature"": ""attendance"", ""label"": ""Attendance"", ""value"": 100.0, ""contribution"": -0.1105, ""direction"": ""decreases_risk""}, {""feature"": ""avg_grade"", ""label"": ""Average Grade"", ""value"": 89.8, ""contribution"": -0.1068, ""direction"": ""decreases_risk""}, {""feature"": ""engagement_score"", ""label"": ""Engagement"", ""value"": 86.1, ""contribution"": -0.0962, ""direction"": ""decreases_risk""}, {""feature"": ""assignment_completion"", ""label"": ""Assignment Completion"", ""value"": 100.0, ""contribution"": -0.0705, ""direction"": ""decreases_risk""}, {""feature"": ""participation_score"", ""label"": ""Participation"", ""value"": 85.5, ""contribution"": -0.0387, ""direction"": ""decreases_risk""}]"
ST1730,21,59.0,54.2,48.1,71.7,30.8,2.0,2,15,4,1,1,0.7484,High,"[{""feature"": ""engagement_score"", ""label"": ""Engagement"", ""value"": 71.7, ""contribution"": -0.1549, ""direction"": ""decreases_risk""}, {""feature"": ""attendance"", ""label"": ""Attendance"", ""value"": 59.0, ""contribution"": 0.0986, ""direction"": ""increases_risk""}, {""feature"": ""assignment_completion"", ""label"": ""Assignment Completion"", ""value"": 48.1, ""contribution"": 0.0969, ""direction"": ""increases_risk""}, {""feature"": ""avg_grade"", ""label"": ""Average Grade"", ""value"": 54.2, ""contribution"": 0.0952, ""direction"": ""increases_risk""}, {""feature"": ""participation_score"", ""label"": ""Participation"", ""value"": 30.8, ""contribution"": 0.0823, ""direction"": ""increases_risk""}]"
ST1731,19,100.0,100.0,100.0,100.0,98.9,24.4,0,0,5,1,0,0.0008,Low,"[{""feature"": ""avg_grade"", ""label"": ""Average Grade"", ""value"": 100.0, ""contribution"": -0.1107, ""direction"": ""decreases_risk""}, {""feature"": ""attendance"", ""label"": ""Attendance"", ""value"": 100.0, ""contribution"": -0.1071, ""direction"": ""decreases_risk""}, {""feature"": ""engagement_score"", ""label"": ""Engagement"", ""value"": 100.0, ""contribution"": -0.0946, ""direction"": ""decreases_risk""}, {""feature"": ""assignment_completion"", ""label"": ""Assignment Completion"", ""value"": 100.0, ""contribution"": -0.0733, ""direction"": ""decreases_risk""}, {""feature"": ""participation_score"", ""label"": ""Participation"", ""value"": 98.9, ""contribution"": -0.0398, ""direction"": ""decreases_risk""}]"
ST1732,23,81.5,75.9,85.0,69.1,69.8,12.6,0,0,2,1,0,0.1051,Low,"[{""feature"": ""attendance"", ""label"": ""Attendance"", ""value"": 81.5, ""contribution"": -0.0986, ""direction"": ""decreases_risk""}, {""feature"": ""assignment_completion"", ""label"": ""Assignment Completion"", ""value"": 85.0, ""contribution"": -0.0746, ""direction"": ""decreases_risk""}, {""feature"": ""avg_grade"", ""label"": ""Average Grade"", ""value"": 75.9, ""contribution"": -0.058, ""direction"": ""decreases_risk""}, {""feature"": ""engagement_score"", ""label"": ""Engagement"", ""value"": 69.1, ""contribution"": -0.0544, ""direction"": ""decreases_risk""}, {""feature"": ""participation_score"", ""label"": ""Participation"", ""value"": 69.8, ""contribution"": -0.0355, ""direction"": ""decreases_risk""}]"
ST1733,22,93.8,97.0,93.1,89.8,75.1,13.8,0,1,1,0,0,0.0012,Low,"[{""feature"": ""attendance"", ""label"": ""Attendance"", ""value"": 93.8, ""contribution"": -0.1227, ""direction"": ""decreases_risk""}, {""feature"": ""avg_grade"", ""label"": ""Average Grade"", ""value"": 97.0, ""contribution"": -0.1081, ""direction"": ""decreases_risk""}, {""feature"": ""engagement_score"", ""label"": ""Engagement"", ""value"": 89.8, ""contribution"": -0.0956, ""direction"": ""decreases_risk""}, {""feature"": ""assignment_completion"", ""label"": ""Assignment Completion"", ""value"": 93.1, ""contribution"": -0.0756, ""direction"": ""decreases_risk""}, {""feature"": ""participation_score"", ""label"": ""Participation"", ""value"": 75.1, ""contribution"": -0.042, ""direction"": ""decreases_risk""}]"
ST1734,17,78.9,64.6,73.1,53.4,74.7,7.3,3,9,4,1,0,0.2556,Low,"[{""feature"": ""attendance"", ""label"": ""Attendance"", ""value"": 78.9, ""contribution"": -0.1945, ""direction"": ""decreases_risk""}, {""feature"": ""engagement_score"", ""label"": ""Engagement"", ""value"": 53.4, ""contribution"": 0.0875, ""direction"": ""increases_risk""}, {""feature"": ""participation_score"", ""label"": ""Participation"", ""value"": 74.7, ""contribution"": -0.0773, ""direction"": ""decreases_risk""}, {""feature"": ""absences"", ""label"": ""Absences"", ""value"": 9.0, ""contribution"": -0.0407, ""direction"": ""decreases_risk""}, {""feature"": ""previous_failures"", ""label"": ""Previous Failures"", ""value"": 3.0, ""contribution"": 0.0334, ""direction"": ""increases_risk""}]"
ST1735,21,92.1,83.7,96.5,84.1,77.7,14.1,0,8,5,0,0,0.009,Low,"[{""feature"": ""attendance"", ""label"": ""Attendance"", ""value"": 92.1, ""contribution"": -0.1116, ""direction"": ""decreases_risk""}, {""feature"": ""avg_grade"", ""label"": ""Average Grade"", ""value"": 83.7, ""contribution"": -0.1069, ""direction"": ""decreases_risk""}, {""feature"": ""engagement_score"", ""label"": ""Engagement"", ""value"": 84.1, ""contribution"": -0.0977, ""direction"": ""decreases_risk""}, {""feature"": ""assignment_completion"", ""label"": ""Assignment Completion"", ""value"": 96.5, ""contribution"": -0.0644, ""direction"": ""decreases_risk""}, {""feature"": ""participation_score"", ""label"": ""Participation"", ""value"": 77.7, ""contribution"": -0.0447, ""direction"": ""decreases_risk""}]"
ST1736,21,78.0,66.2,63.1,55.5,64.3,8.3,1,9,3,1,1,0.5143,Medium,"[{""feature"": ""attendance"", ""label"": ""Attendance"", ""value"": 78.0, ""contribution"": -0.1221, ""direction"": ""decreases_risk""}, {""feature"": ""engagement_score"", ""label"": ""Engagement"", ""value"": 55.5, ""contribution"": 0.1202, ""direction"": ""increases_risk""}, {""feature"": ""assignment_completion"", ""label"": ""Assignment Completion"", ""value"": 63.1, ""contribution"": 0.1198, ""direction"": ""increases_risk""}, {""feature"": ""avg_grade"", ""label"": ""Average Grade"", ""value"": 66.2, ""contribution"": -0.0549, ""direction"": ""decreases_risk""}, {""feature"": ""absences"", ""label"": ""Absences"", ""value"": 9.0, ""contribution"": -0.0306, ""direction"": ""decreases_risk""}]"
ST1737,18,68.9,55.3,81.7,63.1,54.8,12.2,3,14,1,1,1,0.8566,High,"[{""feature"": ""avg_grade"", ""label"": ""Average Grade"", ""value"": 55.3, ""contribution"": 0.1239, ""direction"": ""increases_risk""}, {""feature"": ""attendance"", ""label"": ""Attendance"", ""value"": 68.9, ""contribution"": 0.1052, ""direction"": ""increases_risk""}, {""feature"": ""assignment_completion"", ""label"": ""Assignment Completion"", ""value"": 81.7, ""contribution"": -0.0667, ""direction"": ""decreases_risk""}, {""feature"": ""absences"", ""label"": ""Absences"", ""value"": 14.0, ""contribution"": 0.0579, ""direction"": ""increases_risk""}, {""feature"": ""participation_score"", ""label"": ""Participation"", ""value"": 54.8, ""contribution"": 0.0555, ""direction"": ""increases_risk""}]"
ST1738,21,39.7,30.0,45.8,49.1,42.1,0.0,4,17,3,1,1,0.9986,High,"[{""feature"": ""avg_grade"", ""label"": ""Average Grade"", ""value"": 30.0, ""contribution"": 0.1162, ""direction"": ""increases_risk""}, {""feature"": ""attendance"", ""label"": ""Attendance"", ""value"": 39.7, ""contribution"": 0.1128, ""direction"": ""increases_risk""}, {""feature"": ""engagement_score"", ""label"": ""Engagement"", ""value"": 49.1, ""contribution"": 0.0917, ""direction"": ""increases_risk""}, {""feature"": ""assignment_completion"", ""label"": ""Assignment Completion"", ""value"": 45.8, ""contribution"": 0.0751, ""direction"": ""increases_risk""}, {""feature"": ""participation_score"", ""label"": ""Participation"", ""value"": 42.1, ""contribution"": 0.0428, ""direction"": ""increases_risk""}]"
ST1739,23,81.8,82.0,66.5,61.3,57.5,7.0,0,6,2,0,0,0.1899,Low,"[{""feature"": ""attendance"", ""label"": ""Attendance"", ""value"": 81.8, ""contribution"": -0.163, ""direction"": ""decreases_risk""}, {""feature"": ""avg_grade"", ""label"": ""Average Grade"", ""value"": 82.0, ""contribution"": -0.1414, ""direction"": ""decreases_risk""}, {""feature"": ""assignment_completion"", ""label"": ""Assignment Completion"", ""value"": 66.5, ""contribution"": 0.0803, ""direction"": ""increases_risk""}, {""feature"": ""previous_failures"", ""label"": ""Previous Failures"", ""value"": 0.0, ""contribution"": -0.0681, ""direction"": ""decreases_risk""}, {""feature"": ""absences"", ""label"": ""Absences"", ""value"": 6.0, ""contribution"": -0.0573, ""direction"": ""decreases_risk""}]"
ST1740,22,84.2,70.5,75.1,52.2,60.9,10.3,1,9,3,1,0,0.1611,Low,"[{""feature"": ""attendance"", ""label"": ""Attendance"", ""value"": 84.2, ""contribution"": -0.1969, ""direction"": ""decreases_risk""}, {""feature"": ""engagement_score"", ""label"": ""Engagement"", ""value"": 52.2, ""contribution"": 0.117, ""direction"": ""increases_risk""}, {""feature"": ""avg_grade"", ""label"": ""Average Grade"", ""value"": 70.5, ""contribution"": -0.1042, ""direction"": ""decreases_risk""}, {""feature"": ""absences"", ""label"": ""Absences"", ""value"": 9.0, ""contribution"": -0.0451, ""direction"": ""decreases_risk""}, {""feature"": ""assignment_completion"", ""label"": ""Assignment Completion"", ""value"": 75.1, ""contribution"": -0.044, ""direction"": ""decreases_risk""}]"
ST1741,22,100.0,100.0,100.0,93.2,78.5,19.0,0,0,1,1,0,0.0068,Low,"[{""feature"": ""attendance"", ""label"": ""Attendance"", ""value"": 100.0, ""contribution"": -0.1131, ""direction"": ""decreases_risk""}, {""feature"": ""avg_grade"", ""label"": ""Average Grade"", ""value"": 100.0, ""contribution"": -0.1064, ""direction"": ""decreases_risk""}, {""feature"": ""engagement_score"", ""label"": ""Engagement"", ""value"": 93.2, ""contribution"": -0.094, ""direction"": ""decreases_risk""}, {""feature"": ""assignment_completion"", ""label"": ""Assignment Completion"", ""value"": 100.0, ""contribution"": -0.0746, ""direction"": ""decreases_risk""}, {""feature"": ""participation_score"", ""label"": ""Participation"", ""value"": 78.5, ""contribution"": -0.0431, ""direction"": ""decreases_risk""}]"
ST1742,21,41.2,49.7,64.5,43.2,48.3,7.9,3,23,2,0,1,0.997,High,"[{""feature"": ""attendance"", ""label"": ""Attendance"", ""value"": 41.2, ""contribution"": 0.1194, ""direction"": ""increases_risk""}, {""feature"": ""avg_grade"", ""label"": ""Average Grade"", ""value"": 49.7, ""contribution"": 0.1155, ""direction"": ""increases_risk""}, {""feature"": ""engagement_score"", ""label"": ""Engagement"", ""value"": 43.2, ""contribution"": 0.0954, ""direction"": ""increases_risk""}, {""feature"": ""assignment_completion"", ""label"": ""Assignment Completion"", ""value"": 64.5, ""contribution"": 0.0573, ""direction"": ""increases_risk""}, {""feature"": ""participation_score"", ""label"": ""Participation"", ""value"": 48.3, ""contribution"": 0.0409, ""direction"": ""increases_risk""}]"
ST1743,18,89.8,86.3,90.4,100.0,50.5,13.8,1,6,5,1,0,0.0381,Low,"[{""feature"": ""attendance"", ""label"": ""Attendance"", ""value"": 89.8, ""contribution"": -0.1273, ""direction"": ""decreases_risk""}, {""feature"": ""avg_grade"", ""label"": ""Average Grade"", ""value"": 86.3, ""contribution"": -0.1257, ""direction"": ""decreases_risk""}, {""feature"": ""engagement_score"", ""label"": ""Engagement"", ""value"": 100.0, ""contribution"": -0.1029, ""direction"": ""decreases_risk""}, {""feature"": ""assignment_completion"", ""label"": ""Assignment Completion"", ""value"": 90.4, ""contribution"": -0.0866, ""direction"": ""decreases_risk""}, {""feature"": ""participation_score"", ""label"": ""Participation"", ""value"": 50.5, ""contribution"": 0.0537, ""direction"": ""increases_risk""}]"
ST1744,22,100.0,89.8,100.0,91.3,63.4,11.8,0,1,1,1,0,0.0261,Low,"[{""feature"": ""attendance"", ""label"": ""Attendance"", ""value"": 100.0, ""contribution"": -0.1196, ""direction"": ""decreases_risk""}, {""feature"": ""avg_grade"", ""label"": ""Average Grade"", ""value"": 89.8, ""contribution"": -0.1098, ""direction"": ""decreases_risk""}, {""feature"": ""engagement_score"", ""label"": ""Engagement"", ""value"": 91.3, ""contribution"": -0.0991, ""direction"": ""decreases_risk""}, {""feature"": ""assignment_completion"", ""label"": ""Assignment Completion"", ""value"": 100.0, ""contribution"": -0.0782, ""direction"": ""decreases_risk""}, {""feature"": ""absences"", ""label"": ""Absences"", ""value"": 1.0, ""contribution"": -0.0313, ""direction"": ""decreases_risk""}]"
ST1745,18,76.5,79.6,81.9,80.6,84.4,12.1,0,7,5,0,0,0.0163,Low,"[{""feature"": ""engagement_score"", ""label"": ""Engagement"", ""value"": 80.6, ""contribution"": -0.1047, ""direction"": ""decreases_risk""}, {""feature"": ""attendance"", ""label"": ""Attendance"", ""value"": 76.5, ""contribution"": -0.0978, ""direction"": ""decreases_risk""}, {""feature"": ""avg_grade"", ""label"": ""Average Grade"", ""value"": 79.6, ""contribution"": -0.0971, ""direction"": ""decreases_risk""}, {""feature"": ""assignment_completion"", ""label"": ""Assignment Completion"", ""value"": 81.9, ""contribution"": -0.059, ""direction"": ""decreases_risk""}, {""feature"": ""participation_score"", ""label"": ""Participation"", ""value"": 84.4, ""contribution"": -0.0491, ""direction"": ""decreases_risk""}]"
ST1746,20,89.9,100.0,92.7,96.7,99.0,17.7,0,1,3,0,0,0.0013,Low,"[{""feature"": ""attendance"", ""label"": ""Attendance"", ""value"": 89.9, ""contribution"": -0.1172, ""direction"": ""decreases_risk""}, {""feature"": ""avg_grade"", ""label"": ""Average Grade"", ""value"": 100.0, ""contribution"": -0.1092, ""direction"": ""decreases_risk""}, {""feature"": ""engagement_score"", ""label"": ""Engagement"", ""value"": 96.7, ""contribution"": -0.094, ""direction"": ""decreases_risk""}, {""feature"": ""assignment_completion"", ""label"": ""Assignment Completion"", ""value"": 92.7, ""contribution"": -0.0713, ""direction"": ""decreases_risk""}, {""feature"": ""participation_score"", ""label"": ""Participation"", ""value"": 99.0, ""contribution"": -0.0375, ""direction"": ""decreases_risk""}]"
ST1747,18,90.9,69.5,65.0,63.0,79.3,15.6,1,9,3,0,0,0.1764,Low,"[{""feature"": ""attendance"", ""label"": ""Attendance"", ""value"": 90.9, ""contribution"": -0.1779, ""direction"": ""decreases_risk""}, {""feature"": ""avg_grade"", ""label"": ""Average Grade"", ""value"": 69.5, ""contribution"": -0.1032, ""direction"": ""decreases_risk""}, {""feature"": ""assignment_completion"", ""label"": ""Assignment Completion"", ""value"": 65.0, ""contribution"": 0.0889, ""direction"": ""increases_risk""}, {""feature"": ""participation_score"", ""label"": ""Participation"", ""value"": 79.3, ""contribution"": -0.0489, ""direction"": ""decreases_risk""}, {""feature"": ""absences"", ""label"": ""Absences"", ""value"": 9.0, ""contribution"": -0.0409, ""direction"": ""decreases_risk""}]"
ST1748,18,66.7,65.9,74.5,38.4,69.7,6.7,0,14,5,1,0,0.5777,Medium,"[{""feature"": ""engagement_score"", ""label"": ""Engagement"", ""value"": 38.4, ""contribution"": 0.1691, ""direction"": ""increases_risk""}, {""feature"": ""attendance"", ""label"": ""Attendance"", ""value"": 66.7, ""contribution"": 0.0973, ""direction"": ""increases_risk""}, {""feature"": ""participation_score"", ""label"": ""Participation"", ""value"": 69.7, ""contribution"": -0.0648, ""direction"": ""decreases_risk""}, {""feature"": ""previous_failures"", ""label"": ""Previous Failures"", ""value"": 0.0, ""contribution"": -0.0643, ""direction"": ""decreases_risk""}, {""feature"": ""avg_grade"", ""label"": ""Average Grade"", ""value"": 65.9, ""contribution"": -0.0588, ""direction"": ""decreases_risk""}]"
ST1749,17,72.1,68.3,86.4,72.5,71.3,10.5,1,11,2,1,0,0.0923,Low,"[{""feature"": ""engagement_score"", ""label"": ""Engagement"", ""value"": 72.5, ""contribution"": -0.1009, ""direction"": ""decreases_risk""}, {""feature"": ""avg_grade"", ""label"": ""Average Grade"", ""value"": 68.3, ""contribution"": -0.0909, ""direction"": ""decreases_risk""}, {""feature"": ""assignment_completion"", ""label"": ""Assignment Completion"", ""value"": 86.4, ""contribution"": -0.0895, ""direction"": ""decreases_risk""}, {""feature"": ""participation_score"", ""label"": ""Participation"", ""value"": 71.3, ""contribution"": -0.0588, ""direction"": ""decreases_risk""}, {""feature"": ""attendance"", ""label"": ""Attendance"", ""value"": 72.1, ""contribution"": -0.0559, ""direction"": ""decreases_risk""}]"
ST1750,23,100.0,100.0,100.0,100.0,85.3,26.6,0,0,5,1,0,0.0018,Low,"[{""feature"": ""avg_grade"", ""label"": ""Average Grade"", ""value"": 100.0, ""contribution"": -0.1111, ""direction"": ""decreases_risk""}, {""feature"": ""attendance"", ""label"": ""Attendance"", ""value"": 100.0, ""contribution"": -0.1068, ""direction"": ""decreases_risk""}, {""feature"": ""engagement_score"", ""label"": ""Engagement"", ""value"": 100.0, ""contribution"": -0.0952, ""direction"": ""decreases_risk""}, {""feature"": ""assignment_completion"", ""label"": ""Assignment Completion"", ""value"": 100.0, ""contribution"": -0.0733, ""direction"": ""decreases_risk""}, {""feature"": ""participation_score"", ""label"": ""Participation"", ""value"": 85.3, ""contribution"": -0.0393, ""direction"": ""decreases_risk""}]"
ST1751,17,90.0,78.0,99.2,85.6,58.3,12.0,0,4,2,1,0,0.0709,Low,"[{""feature"": ""attendance"", ""label"": ""Attendance"", ""value"": 90.0, ""contribution"": -0.1305, ""direction"": ""decreases_risk""}, {""feature"": ""engagement_score"", ""label"": ""Engagement"", ""value"": 85.6, ""contribution"": -0.1125, ""direction"": ""decreases_risk""}, {""feature"": ""avg_grade"", ""label"": ""Average Grade"", ""value"": 78.0, ""contribution"": -0.0935, ""direction"": ""decreases_risk""}, {""feature"": ""assignment_completion"", ""label"": ""Assignment Completion"", ""value"": 99.2, ""contribution"": -0.0682, ""direction"": ""decreases_risk""}, {""feature"": ""participation_score"", ""label"": ""Participation"", ""value"": 58.3, ""contribution"": 0.044, ""direction"": ""increases_risk""}]"
ST1752,16,59.8,59.4,75.8,54.0,70.2,10.3,5,15,2,1,1,0.8657,High,"[{""feature"": ""attendance"", ""label"": ""Attendance"", ""value"": 59.8, ""contribution"": 0.1392, ""direction"": ""increases_risk""}, {""feature"": ""avg_grade"", ""label"": ""Average Grade"", ""value"": 59.4, ""contribution"": 0.0977, ""direction"": ""increases_risk""}, {""feature"": ""engagement_score"", ""label"": ""Engagement"", ""value"": 54.0, ""contribution"": 0.0934, ""direction"": ""increases_risk""}, {""feature"": ""absences"", ""label"": ""Absences"", ""value"": 15.0, ""contribution"": 0.047, ""direction"": ""increases_risk""}, {""feature"": ""participation_score"", ""label"": ""Participation"", ""value"": 70.2, ""contribution"": -0.0424, ""direction"": ""decreases_risk""}]"
ST1753,23,100.0,99.5,100.0,100.0,95.0,22.4,0,1,3,1,0,0.0005,Low,"[{""feature"": ""attendance"", ""label"": ""Attendance"", ""value"": 100.0, ""contribution"": -0.111, ""direction"": ""decreases_risk""}, {""feature"": ""avg_grade"", ""label"": ""Average Grade"", ""value"": 99.5, ""contribution"": -0.1096, ""direction"": ""decreases_risk""}, {""feature"": ""engagement_score"", ""label"": ""Engagement"", ""value"": 100.0, ""contribution"": -0.094, ""direction"": ""decreases_risk""}, {""feature"": ""assignment_completion"", ""label"": ""Assignment Completion"", ""value"": 100.0, ""contribution"": -0.0729, ""direction"": ""decreases_risk""}, {""feature"": ""participation_score"", ""label"": ""Participation"", ""value"": 95.0, ""contribution"": -0.0389, ""direction"": ""decreases_risk""}]"
ST1754,20,100.0,98.1,91.4,92.6,100.0,19.0,0,2,4,0,0,0.0128,Low,"[{""feature"": ""attendance"", ""label"": ""Attendance"", ""value"": 100.0, ""contribution"": -0.1122, ""direction"": ""decreases_risk""}, {""feature"": ""avg_grade"", ""label"": ""Average Grade"", ""value"": 98.1, ""contribution"": -0.1118, ""direction"": ""decreases_risk""}, {""feature"": ""engagement_score"", ""label"": ""Engagement"", ""value"": 92.6, ""contribution"": -0.0948, ""direction"": ""decreases_risk""}, {""feature"": ""assignment_completion"", ""label"": ""Assignment Completion"", ""value"": 91.4, ""contribution"": -0.0717, ""direction"": ""decreases_risk""}, {""feature"": ""participation_score"", ""label"": ""Participation"", ""value"": 100.0, ""contribution"": -0.0289, ""direction"": ""decreases_risk""}]"
ST1755,19,64.4,78.7,81.5,64.7,51.7,8.9,1,10,2,1,1,0.6141,High,"[{""feature"": ""attendance"", ""label"": ""Attendance"", ""value"": 64.4, ""contribution"": 0.1817, ""direction"": ""increases_risk""}, {""feature"": ""avg_grade"", ""label"": ""Average Grade"", ""value"": 78.7, ""contribution"": -0.1348, ""direction"": ""decreases_risk""}, {""feature"": ""assignment_completion"", ""label"": ""Assignment Completion"", ""value"": 81.5, ""contribution"": -0.0736, ""direction"": ""decreases_risk""}, {""feature"": ""participation_score"", ""label"": ""Participation"", ""value"": 51.7, ""contribution"": 0.0734, ""direction"": ""increases_risk""}, {""feature"": ""engagement_score"", ""label"": ""Engagement"", ""value"": 64.7, ""contribution"": 0.0327, ""direction"": ""increases_risk""}]"
ST1756,21,74.4,64.1,80.6,49.9,85.9,11.4,1,5,4,0,1,0.2785,Low,"[{""feature"": ""attendance"", ""label"": ""Attendance"", ""value"": 74.4, ""contribution"": -0.1487, ""direction"": ""decreases_risk""}, {""feature"": ""engagement_score"", ""label"": ""Engagement"", ""value"": 49.9, ""contribution"": 0.1478, ""direction"": ""increases_risk""}, {""feature"": ""assignment_completion"", ""label"": ""Assignment Completion"", ""value"": 80.6, ""contribution"": -0.0886, ""direction"": ""decreases_risk""}, {""feature"": ""participation_score"", ""label"": ""Participation"", ""value"": 85.9, ""contribution"": -0.0627, ""direction"": ""decreases_risk""}, {""feature"": ""absences"", ""label"": ""Absences"", ""value"": 5.0, ""contribution"": -0.0599, ""direction"": ""decreases_risk""}]"
ST1757,19,69.0,64.6,68.2,69.6,60.5,10.4,1,11,1,1,1,0.6241,High,"[{""feature"": ""engagement_score"", ""label"": ""Engagement"", ""value"": 69.6, ""contribution"": -0.1184, ""direction"": ""decreases_risk""}, {""feature"": ""attendance"", ""label"": ""Attendance"", ""value"": 69.0, ""contribution"": 0.1019, ""direction"": ""increases_risk""}, {""feature"": ""assignment_completion"", ""label"": ""Assignment Completion"", ""value"": 68.2, ""contribution"": 0.0732, ""direction"": ""increases_risk""}, {""feature"": ""avg_grade"", ""label"": ""Average Grade"", ""value"": 64.6, ""contribution"": 0.0376, ""direction"": ""increases_risk""}, {""feature"": ""family_support"", ""label"": ""Family Support"", ""value"": 1.0, ""contribution"": 0.0239, ""direction"": ""increases_risk""}]"
ST1758,17,53.9,35.1,40.6,34.5,56.7,1.9,2,11,4,0,1,0.9907,High,"[{""feature"": ""avg_grade"", ""label"": ""Average Grade"", ""value"": 35.1, ""contribution"": 0.1182, ""direction"": ""increases_risk""}, {""feature"": ""attendance"", ""label"": ""Attendance"", ""value"": 53.9, ""contribution"": 0.1134, ""direction"": ""increases_risk""}, {""feature"": ""engagement_score"", ""label"": ""Engagement"", ""value"": 34.5, ""contribution"": 0.1067, ""direction"": ""increases_risk""}, {""feature"": ""assignment_completion"", ""label"": ""Assignment Completion"", ""value"": 40.6, ""contribution"": 0.0799, ""direction"": ""increases_risk""}, {""feature"": ""participation_score"", ""label"": ""Participation"", ""value"": 56.7, ""contribution"": 0.0315, ""direction"": ""increases_risk""}]"
ST1759,21,61.8,58.2,72.3,50.1,80.1,10.9,5,12,4,1,1,0.8778,High,"[{""feature"": ""attendance"", ""label"": ""Attendance"", ""value"": 61.8, ""contribution"": 0.1404, ""direction"": ""increases_risk""}, {""feature"": ""engagement_score"", ""label"": ""Engagement"", ""value"": 50.1, ""contribution"": 0.1183, ""direction"": ""increases_risk""}, {""feature"": ""avg_grade"", ""label"": ""Average Grade"", ""value"": 58.2, ""contribution"": 0.1042, ""direction"": ""increases_risk""}, {""feature"": ""participation_score"", ""label"": ""Participation"", ""value"": 80.1, ""contribution"": -0.0607, ""direction"": ""decreases_risk""}, {""feature"": ""absences"", ""label"": ""Absences"", ""value"": 12.0, ""contribution"": 0.0378, ""direction"": ""increases_risk""}]"
ST1760,17,51.6,69.9,48.1,37.8,47.5,15.1,1,15,3,1,1,0.8283,High,"[{""feature"": ""attendance"", ""label"": ""Attendance"", ""value"": 51.6, ""contribution"": 0.1626, ""direction"": ""increases_risk""}, {""feature"": ""engagement_score"", ""label"": ""Engagement"", ""value"": 37.8, ""contribution"": 0.1314, ""direction"": ""increases_risk""}, {""feature"": ""assignment_completion"", ""label"": ""Assignment Completion"", ""value"": 48.1, ""contribution"": 0.0982, ""direction"": ""increases_risk""}, {""feature"": ""avg_grade"", ""label"": ""Average Grade"", ""value"": 69.9, ""contribution"": -0.0926, ""direction"": ""decreases_risk""}, {""feature"": ""participation_score"", ""label"": ""Participation"", ""value"": 47.5, ""contribution"": 0.052, ""direction"": ""increases_risk""}]"
ST1761,20,34.7,20.0,37.7,17.4,24.7,3.4,4,24,4,1,1,0.9995,High,"[{""feature"": ""avg_grade"", ""label"": ""Average Grade"", ""value"": 20.0, ""contribution"": 0.1145, ""direction"": ""increases_risk""}, {""feature"": ""attendance"", ""label"": ""Attendance"", ""value"": 34.7, ""contribution"": 0.1116, ""direction"": ""increases_risk""}, {""feature"": ""engagement_score"", ""label"": ""Engagement"", ""value"": 17.4, ""contribution"": 0.0952, ""direction"": ""increases_risk""}, {""feature"": ""assignment_completion"", ""label"": ""Assignment Completion"", ""value"": 37.7, ""contribution"": 0.0775, ""direction"": ""increases_risk""}, {""feature"": ""participation_score"", ""label"": ""Participation"", ""value"": 24.7, ""contribution"": 0.0435, ""direction"": ""increases_risk""}]"
ST1762,23,87.5,73.1,75.6,88.2,59.6,13.9,2,10,4,0,0,0.0919,Low,"[{""feature"": ""attendance"", ""label"": ""Attendance"", ""value"": 87.5, ""contribution"": -0.1443, ""direction"": ""decreases_risk""}, {""feature"": ""engagement_score"", ""label"": ""Engagement"", ""value"": 88.2, ""contribution"": -0.1256, ""direction"": ""decreases_risk""}, {""feature"": ""avg_grade"", ""label"": ""Average Grade"", ""value"": 73.1, ""contribution"": -0.1174, ""direction"": ""decreases_risk""}, {""feature"": ""assignment_completion"", ""label"": ""Assignment Completion"", ""value"": 75.6, ""contribution"": -0.0226, ""direction"": ""decreases_risk""}, {""feature"": ""participation_score"", ""label"": ""Participation"", ""value"": 59.6, ""contribution"": 0.0205, ""direction"": ""increases_risk""}]"
ST1763,23,96.7,74.9,99.4,100.0,65.6,18.2,2,0,5,1,0,0.098,Low,"[{""feature"": ""attendance"", ""label"": ""Attendance"", ""value"": 96.7, ""contribution"": -0.1211, ""direction"": ""decreases_risk""}, {""feature"": ""engagement_score"", ""label"": ""Engagement"", ""value"": 100.0, ""contribution"": -0.1063, ""direction"": ""decreases_risk""}, {""feature"": ""assignment_completion"", ""label"": ""Assignment Completion"", ""value"": 99.4, ""contribution"": -0.0762, ""direction"": ""decreases_risk""}, {""feature"": ""avg_grade"", ""label"": ""Average Grade"", ""value"": 74.9, ""contribution"": -0.0591, ""direction"": ""decreases_risk""}, {""feature"": ""absences"", ""label"": ""Absences"", ""value"": 0.0, ""contribution"": -0.024, ""direction"": ""decreases_risk""}]"
ST1764,18,74.0,58.5,67.6,64.9,69.3,7.5,3,16,2,1,1,0.7005,High,"[{""feature"": ""avg_grade"", ""label"": ""Average Grade"", ""value"": 58.5, ""contribution"": 0.142, ""direction"": ""increases_risk""}, {""feature"": ""attendance"", ""label"": ""Attendance"", ""value"": 74.0, ""contribution"": -0.1154, ""direction"": ""decreases_risk""}, {""feature"": ""assignment_completion"", ""label"": ""Assignment Completion"", ""value"": 67.6, ""contribution"": 0.0675, ""direction"": ""increases_risk""}, {""feature"": ""previous_failures"", ""label"": ""Previous Failures"", ""value"": 3.0, ""contribution"": 0.0531, ""direction"": ""increases_risk""}, {""feature"": ""absences"", ""label"": ""Absences"", ""value"": 16.0, ""contribution"": 0.0484, ""direction"": ""increases_risk""}]"
ST1765,22,67.2,49.7,68.6,79.9,59.7,9.2,0,11,3,0,1,0.6511,High,"[{""feature"": ""avg_grade"", ""label"": ""Average Grade"", ""value"": 49.7, ""contribution"": 0.1646, ""direction"": ""increases_risk""}, {""feature"": ""engagement_score"", ""label"": ""Engagement"", ""value"": 79.9, ""contribution"": -0.1639, ""direction"": ""decreases_risk""}, {""feature"": ""attendance"", ""label"": ""Attendance"", ""value"": 67.2, ""contribution"": 0.0911, ""direction"": ""increases_risk""}, {""feature"": ""previous_failures"", ""label"": ""Previous Failures"", ""value"": 0.0, ""contribution"": -0.052, ""direction"": ""decreases_risk""}, {""feature"": ""assignment_completion"", ""label"": ""Assignment Completion"", ""value"": 68.6, ""contribution"": 0.046, ""direction"": ""increases_risk""}]"
ST1766,20,94.6,88.0,83.6,80.1,76.0,17.2,0,3,3,1,0,0.0045,Low,"[{""feature"": ""attendance"", ""label"": ""Attendance"", ""value"": 94.6, ""contribution"": -0.1138, ""direction"": ""decreases_risk""}, {""feature"": ""avg_grade"", ""label"": ""Average Grade"", ""value"": 88.0, ""contribution"": -0.1093, ""direction"": ""decreases_risk""}, {""feature"": ""engagement_score"", ""label"": ""Engagement"", ""value"": 80.1, ""contribution"": -0.0888, ""direction"": ""decreases_risk""}, {""feature"": ""assignment_completion"", ""label"": ""Assignment Completion"", ""value"": 83.6, ""contribution"": -0.0666, ""direction"": ""decreases_risk""}, {""feature"": ""participation_score"", ""label"": ""Participation"", ""value"": 76.0, ""contribution"": -0.0423, ""direction"": ""decreases_risk""}]"
ST1767,19,96.2,100.0,97.5,99.9,88.6,21.1,0,0,2,0,0,0.0003,Low,"[{""feature"": ""attendance"", ""label"": ""Attendance"", ""value"": 96.2, ""contribution"": -0.1187, ""direction"": ""decreases_risk""}, {""feature"": ""avg_grade"", ""label"": ""Average Grade"", ""value"": 100.0, ""contribution"": -0.1118, ""direction"": ""decreases_risk""}, {""feature"": ""engagement_score"", ""label"": ""Engagement"", ""value"": 99.9, ""contribution"": -0.0952, ""direction"": ""decreases_risk""}, {""feature"": ""assignment_completion"", ""label"": ""Assignment Completion"", ""value"": 97.5, ""contribution"": -0.0714, ""direction"": ""decreases_risk""}, {""feature"": ""participation_score"", ""label"": ""Participation"", ""value"": 88.6, ""contribution"": -0.039, ""direction"": ""decreases_risk""}]"
ST1768,17,32.0,25.2,55.1,21.5,15.2,0.0,5,27,5,0,1,0.9983,High,"[{""feature"": ""avg_grade"", ""label"": ""Average Grade"", ""value"": 25.2, ""contribution"": 0.1153, ""direction"": ""increases_risk""}, {""feature"": ""attendance"", ""label"": ""Attendance"", ""value"": 32.0, ""contribution"": 0.1119, ""direction"": ""increases_risk""}, {""feature"": ""engagement_score"", ""label"": ""Engagement"", ""value"": 21.5, ""contribution"": 0.0971, ""direction"": ""increases_risk""}, {""feature"": ""assignment_completion"", ""label"": ""Assignment Completion"", ""value"": 55.1, ""contribution"": 0.0737, ""direction"": ""increases_risk""}, {""feature"": ""participation_score"", ""label"": ""Participation"", ""value"": 15.2, ""contribution"": 0.0445, ""direction"": ""increases_risk""}]"
ST1769,19,69.3,52.1,87.2,57.3,77.6,9.1,0,11,3,1,0,0.3967,Medium,"[{""feature"": ""avg_grade"", ""label"": ""Average Grade"", ""value"": 52.1, ""contribution"": 0.134, ""direction"": ""increases_risk""}, {""feature"": ""assignment_completion"", ""label"": ""Assignment Completion"", ""value"": 87.2, ""contribution"": -0.1228, ""direction"": ""decreases_risk""}, {""feature"": ""previous_failures"", ""label"": ""Previous Failures"", ""value"": 0.0, ""contribution"": -0.0909, ""direction"": ""decreases_risk""}, {""feature"": ""participation_score"", ""label"": ""Participation"", ""value"": 77.6, ""contribution"": -0.0878, ""direction"": ""decreases_risk""}, {""feature"": ""engagement_score"", ""label"": ""Engagement"", ""value"": 57.3, ""contribution"": 0.0422, ""direction"": ""increases_risk""}]"
ST1770,21,100.0,94.2,98.9,77.9,74.4,21.8,0,0,3,1,0,0.0017,Low,"[{""feature"": ""avg_grade"", ""label"": ""Average Grade"", ""value"": 94.2, ""contribution"": -0.1117, ""direction"": ""decreases_risk""}, {""feature"": ""attendance"", ""label"": ""Attendance"", ""value"": 100.0, ""contribution"": -0.1111, ""direction"": ""decreases_risk""}, {""feature"": ""engagement_score"", ""label"": ""Engagement"", ""value"": 77.9, ""contribution"": -0.0882, ""direction"": ""decreases_risk""}, {""feature"": ""assignment_completion"", ""label"": ""Assignment Completion"", ""value"": 98.9, ""contribution"": -0.0736, ""direction"": ""decreases_risk""}, {""feature"": ""participation_score"", ""label"": ""Participation"", ""value"": 74.4, ""contribution"": -0.0428, ""direction"": ""decreases_risk""}]"
ST1771,23,45.9,46.7,59.6,31.3,61.0,8.2,2,13,1,0,1,0.9825,High,"[{""feature"": ""avg_grade"", ""label"": ""Average Grade"", ""value"": 46.7, ""contribution"": 0.1254, ""direction"": ""increases_risk""}, {""feature"": ""attendance"", ""label"": ""Attendance"", ""value"": 45.9, ""contribution"": 0.1239, ""direction"": ""increases_risk""}, {""feature"": ""engagement_score"", ""label"": ""Engagement"", ""value"": 31.3, ""contribution"": 0.106, ""direction"": ""increases_risk""}, {""feature"": ""assignment_completion"", ""label"": ""Assignment Completion"", ""value"": 59.6, ""contribution"": 0.0812, ""direction"": ""increases_risk""}, {""feature"": ""absences"", ""label"": ""Absences"", ""value"": 13.0, ""contribution"": 0.0303, ""direction"": ""increases_risk""}]"
ST1772,16,84.5,85.1,91.4,86.0,76.4,18.0,1,6,3,1,0,0.003,Low,"[{""feature"": ""avg_grade"", ""label"": ""Average Grade"", ""value"": 85.1, ""contribution"": -0.1084, ""direction"": ""decreases_risk""}, {""feature"": ""attendance"", ""label"": ""Attendance"", ""value"": 84.5, ""contribution"": -0.1083, ""direction"": ""decreases_risk""}, {""feature"": ""engagement_score"", ""label"": ""Engagement"", ""value"": 86.0, ""contribution"": -0.0951, ""direction"": ""decreases_risk""}, {""feature"": ""assignment_completion"", ""label"": ""Assignment Completion"", ""value"": 91.4, ""contribution"": -0.0786, ""direction"": ""decreases_risk""}, {""feature"": ""participation_score"", ""label"": ""Participation"", ""value"": 76.4, ""contribution"": -0.0438, ""direction"": ""decreases_risk""}]"
ST1773,21,67.4,72.2,93.0,67.9,86.6,13.8,0,14,4,1,0,0.1538,Low,"[{""feature"": ""avg_grade"", ""label"": ""Average Grade"", ""value"": 72.2, ""contribution"": -0.0998, ""direction"": ""decreases_risk""}, {""feature"": ""engagement_score"", ""label"": ""Engagement"", ""value"": 67.9, ""contribution"": -0.0893, ""direction"": ""decreases_risk""}, {""feature"": ""assignment_completion"", ""label"": ""Assignment Completion"", ""value"": 93.0, ""contribution"": -0.0873, ""direction"": ""decreases_risk""}, {""feature"": ""participation_score"", ""label"": ""Participation"", ""value"": 86.6, ""contribution"": -0.0699, ""direction"": ""decreases_risk""}, {""feature"": ""attendance"", ""label"": ""Attendance"", ""value"": 67.4, ""contribution"": 0.0612, ""direction"": ""increases_risk""}]"
ST1774,22,66.9,56.3,61.0,50.9,59.0,10.2,3,11,3,1,1,0.9459,High,"[{""feature"": ""engagement_score"", ""label"": ""Engagement"", ""value"": 50.9, ""contribution"": 0.1064, ""direction"": ""increases_risk""}, {""feature"": ""avg_grade"", ""label"": ""Average Grade"", ""value"": 56.3, ""contribution"": 0.0983, ""direction"": ""increases_risk""}, {""feature"": ""attendance"", ""label"": ""Attendance"", ""value"": 66.9, ""contribution"": 0.0911, ""direction"": ""increases_risk""}, {""feature"": ""assignment_completion"", ""label"": ""Assignment Completion"", ""value"": 61.0, ""contribution"": 0.0772, ""direction"": ""increases_risk""}, {""feature"": ""previous_failures"", ""label"": ""Previous Failures"", ""value"": 3.0, ""contribution"": 0.0296, ""direction"": ""increases_risk""}]"
ST1775,23,97.4,94.1,100.0,82.4,62.7,16.9,0,4,4,1,0,0.0093,Low,"[{""feature"": ""avg_grade"", ""label"": ""Average Grade"", ""value"": 94.1, ""contribution"": -0.1126, ""direction"": ""decreases_risk""}, {""feature"": ""attendance"", ""label"": ""Attendance"", ""value"": 97.4, ""contribution"": -0.1089, ""direction"": ""decreases_risk""}, {""feature"": ""engagement_score"", ""label"": ""Engagement"", ""value"": 82.4, ""contribution"": -0.0985, ""direction"": ""decreases_risk""}, {""feature"": ""assignment_completion"", ""label"": ""Assignment Completion"", ""value"": 100.0, ""contribution"": -0.0739, ""direction"": ""decreases_risk""}, {""feature"": ""absences"", ""label"": ""Absences"", ""value"": 4.0, ""contribution"": -0.028, ""direction"": ""decreases_risk""}]"
ST1776,19,52.9,68.7,51.5,61.6,63.7,13.2,2,20,1,1,1,0.7479,High,"[{""feature"": ""attendance"", ""label"": ""Attendance"", ""value"": 52.9, ""contribution"": 0.1747, ""direction"": ""increases_risk""}, {""feature"": ""assignment_completion"", ""label"": ""Assignment Completion"", ""value"": 51.5, ""contribution"": 0.1085, ""direction"": ""increases_risk""}, {""feature"": ""avg_grade"", ""label"": ""Average Grade"", ""value"": 68.7, ""contribution"": -0.0962, ""direction"": ""decreases_risk""}, {""feature"": ""absences"", ""label"": ""Absences"", ""value"": 20.0, ""contribution"": 0.0457, ""direction"": ""increases_risk""}, {""feature"": ""engagement_score"", ""label"": ""Engagement"", ""value"": 61.6, ""contribution"": 0.0454, ""direction"": ""increases_risk""}]"
ST1777,16,47.1,34.9,56.4,51.4,43.4,7.5,2,17,1,0,1,0.9956,High,"[{""feature"": ""attendance"", ""label"": ""Attendance"", ""value"": 47.1, ""contribution"": 0.1176, ""direction"": ""increases_risk""}, {""feature"": ""avg_grade"", ""label"": ""Average Grade"", ""value"": 34.9, ""contribution"": 0.1125, ""direction"": ""increases_risk""}, {""feature"": ""engagement_score"", ""label"": ""Engagement"", ""value"": 51.4, ""contribution"": 0.0897, ""direction"": ""increases_risk""}, {""feature"": ""assignment_completion"", ""label"": ""Assignment Completion"", ""value"": 56.4, ""contribution"": 0.0739, ""direction"": ""increases_risk""}, {""feature"": ""participation_score"", ""label"": ""Participation"", ""value"": 43.4, ""contribution"": 0.041, ""direction"": ""increases_risk""}]"
ST1778,18,66.2,58.8,91.3,81.7,50.1,6.8,4,17,2,0,1,0.6702,High,"[{""feature"": ""engagement_score"", ""label"": ""Engagement"", ""value"": 81.7, ""contribution"": -0.1735, ""direction"": ""decreases_risk""}, {""feature"": ""avg_grade"", ""label"": ""Average Grade"", ""value"": 58.8, ""contribution"": 0.138, ""direction"": ""increases_risk""}, {""feature"": ""attendance"", ""label"": ""Attendance"", ""value"": 66.2, ""contribution"": 0.0992, ""direction"": ""increases_risk""}, {""feature"": ""assignment_completion"", ""label"": ""Assignment Completion"", ""value"": 91.3, ""contribution"": -0.0866, ""direction"": ""decreases_risk""}, {""feature"": ""participation_score"", ""label"": ""Participation"", ""value"": 50.1, ""contribution"": 0.0748, ""direction"": ""increases_risk""}]"
ST1779,22,65.9,74.6,84.0,60.0,74.9,12.6,0,12,2,0,1,0.6475,High,"[{""feature"": ""attendance"", ""label"": ""Attendance"", ""value"": 65.9, ""contribution"": 0.1638, ""direction"": ""increases_risk""}, {""feature"": ""engagement_score"", ""label"": ""Engagement"", ""value"": 60.0, ""contribution"": 0.1134, ""direction"": ""increases_risk""}, {""feature"": ""avg_grade"", ""label"": ""Average Grade"", ""value"": 74.6, ""contribution"": -0.0751, ""direction"": ""decreases_risk""}, {""feature"": ""absences"", ""label"": ""Absences"", ""value"": 12.0, ""contribution"": 0.0562, ""direction"": ""increases_risk""}, {""feature"": ""assignment_completion"", ""label"": ""Assignment Completion"", ""value"": 84.0, ""contribution"": -0.0531, ""direction"": ""decreases_risk""}]"
ST1780,23,94.7,72.4,69.7,75.1,71.1,17.0,2,2,5,1,0,0.204,Low,"[{""feature"": ""attendance"", ""label"": ""Attendance"", ""value"": 94.7, ""contribution"": -0.1358, ""direction"": ""decreases_risk""}, {""feature"": ""avg_grade"", ""label"": ""Average Grade"", ""value"": 72.4, ""contribution"": -0.0953, ""direction"": ""decreases_risk""}, {""feature"": ""assignment_completion"", ""label"": ""Assignment Completion"", ""value"": 69.7, ""contribution"": 0.0585, ""direction"": ""increases_risk""}, {""feature"": ""engagement_score"", ""label"": ""Engagement"", ""value"": 75.1, ""contribution"": -0.058, ""direction"": ""decreases_risk""}, {""feature"": ""participation_score"", ""label"": ""Participation"", ""value"": 71.1, ""contribution"": -0.0327, ""direction"": ""decreases_risk""}]"
ST1781,21,98.3,84.8,96.3,67.9,59.0,13.5,3,1,5,1,0,0.1002,Low,"[{""feature"": ""attendance"", ""label"": ""Attendance"", ""value"": 98.3, ""contribution"": -0.135, ""direction"": ""decreases_risk""}, {""feature"": ""avg_grade"", ""label"": ""Average Grade"", ""value"": 84.8, ""contribution"": -0.1304, ""direction"": ""decreases_risk""}, {""feature"": ""assignment_completion"", ""label"": ""Assignment Completion"", ""value"": 96.3, ""contribution"": -0.0746, ""direction"": ""decreases_risk""}, {""feature"": ""engagement_score"", ""label"": ""Engagement"", ""value"": 67.9, ""contribution"": -0.052, ""direction"": ""decreases_risk""}, {""feature"": ""absences"", ""label"": ""Absences"", ""value"": 1.0, ""contribution"": -0.0415, ""direction"": ""decreases_risk""}]"
ST1782,16,96.0,64.5,78.4,83.4,78.9,11.7,1,2,3,1,0,0.0734,Low,"[{""feature"": ""attendance"", ""label"": ""Attendance"", ""value"": 96.0, ""contribution"": -0.1489, ""direction"": ""decreases_risk""}, {""feature"": ""engagement_score"", ""label"": ""Engagement"", ""value"": 83.4, ""contribution"": -0.1065, ""direction"": ""decreases_risk""}, {""feature"": ""assignment_completion"", ""label"": ""Assignment Completion"", ""value"": 78.4, ""contribution"": -0.063, ""direction"": ""decreases_risk""}, {""feature"": ""participation_score"", ""label"": ""Participation"", ""value"": 78.9, ""contribution"": -0.0555, ""direction"": ""decreases_risk""}, {""feature"": ""absences"", ""label"": ""Absences"", ""value"": 2.0, ""contribution"": -0.0363, ""direction"": ""decreases_risk""}]"
ST1783,16,88.0,76.0,81.0,79.7,67.1,16.7,2,0,3,0,1,0.3542,Medium,"[{""feature"": ""attendance"", ""label"": ""Attendance"", ""value"": 88.0, ""contribution"": -0.0889, ""direction"": ""decreases_risk""}, {""feature"": ""engagement_score"", ""label"": ""Engagement"", ""value"": 79.7, ""contribution"": -0.0541, ""direction"": ""decreases_risk""}, {""feature"": ""assignment_completion"", ""label"": ""Assignment Completion"", ""value"": 81.0, ""contribution"": -0.0312, ""direction"": ""decreases_risk""}, {""feature"": ""avg_grade"", ""label"": ""Average Grade"", ""value"": 76.0, ""contribution"": -0.0281, ""direction"": ""decreases_risk""}, {""feature"": ""previous_failures"", ""label"": ""Previous Failures"", ""value"": 2.0, ""contribution"": 0.0243, ""direction"": ""increases_risk""}]"
ST1784,19,61.9,61.0,69.3,47.0,50.7,11.2,0,13,2,1,1,0.8716,High,"[{""feature"": ""attendance"", ""label"": ""Attendance"", ""value"": 61.9, ""contribution"": 0.1387, ""direction"": ""increases_risk""}, {""feature"": ""engagement_score"", ""label"": ""Engagement"", ""value"": 47.0, ""contribution"": 0.1123, ""direction"": ""increases_risk""}, {""feature"": ""avg_grade"", ""label"": ""Average Grade"", ""value"": 61.0, ""contribution"": 0.0627, ""direction"": ""increases_risk""}, {""feature"": ""previous_failures"", ""label"": ""Previous Failures"", ""value"": 0.0, ""contribution"": -0.0587, ""direction"": ""decreases_risk""}, {""feature"": ""participation_score"", ""label"": ""Participation"", ""value"": 50.7, ""contribution"": 0.0548, ""direction"": ""increases_risk""}]"
ST1785,20,100.0,100.0,100.0,100.0,87.2,18.5,0,0,3,1,0,0.0004,Low,"[{""feature"": ""attendance"", ""label"": ""Attendance"", ""value"": 100.0, ""contribution"": -0.1113, ""direction"": ""decreases_risk""}, {""feature"": ""avg_grade"", ""label"": ""Average Grade"", ""value"": 100.0, ""contribution"": -0.1087, ""direction"": ""decreases_risk""}, {""feature"": ""engagement_score"", ""label"": ""Engagement"", ""value"": 100.0, ""contribution"": -0.094, ""direction"": ""decreases_risk""}, {""feature"": ""assignment_completion"", ""label"": ""Assignment Completion"", ""value"": 100.0, ""contribution"": -0.0726, ""direction"": ""decreases_risk""}, {""feature"": ""participation_score"", ""label"": ""Participation"", ""value"": 87.2, ""contribution"": -0.0391, ""direction"": ""decreases_risk""}]"
ST1786,16,77.6,62.9,62.1,49.7,69.5,8.8,3,13,4,1,0,0.5056,Medium,"[{""feature"": ""attendance"", ""label"": ""Attendance"", ""value"": 77.6, ""contribution"": -0.1646, ""direction"": ""decreases_risk""}, {""feature"": ""engagement_score"", ""label"": ""Engagement"", ""value"": 49.7, ""contribution"": 0.1049, ""direction"": ""increases_risk""}, {""feature"": ""assignment_completion"", ""label"": ""Assignment Completion"", ""value"": 62.1, ""contribution"": 0.0849, ""direction"": ""increases_risk""}, {""feature"": ""participation_score"", ""label"": ""Participation"", ""value"": 69.5, ""contribution"": -0.0488, ""direction"": ""decreases_risk""}, {""feature"": ""previous_failures"", ""label"": ""Previous Failures"", ""value"": 3.0, ""contribution"": 0.0338, ""direction"": ""increases_risk""}]"
ST1787,21,95.0,80.1,82.6,93.4,72.9,10.1,1,6,4,1,0,0.0112,Low,"[{""feature"": ""attendance"", ""label"": ""Attendance"", ""value"": 95.0, ""contribution"": -0.1171, ""direction"": ""decreases_risk""}, {""feature"": ""avg_grade"", ""label"": ""Average Grade"", ""value"": 80.1, ""contribution"": -0.1073, ""direction"": ""decreases_risk""}, {""feature"": ""engagement_score"", ""label"": ""Engagement"", ""value"": 93.4, ""contribution"": -0.0991, ""direction"": ""decreases_risk""}, {""feature"": ""assignment_completion"", ""label"": ""Assignment Completion"", ""value"": 82.6, ""contribution"": -0.0738, ""direction"": ""decreases_risk""}, {""feature"": ""participation_score"", ""label"": ""Participation"", ""value"": 72.9, ""contribution"": -0.0392, ""direction"": ""decreases_risk""}]"
ST1788,20,62.7,73.0,72.6,69.2,63.6,7.6,0,16,5,0,0,0.2859,Low,"[{""feature"": ""engagement_score"", ""label"": ""Engagement"", ""value"": 69.2, ""contribution"": -0.1524, ""direction"": ""decreases_risk""}, {""feature"": ""attendance"", ""label"": ""Attendance"", ""value"": 62.7, ""contribution"": 0.1349, ""direction"": ""increases_risk""}, {""feature"": ""avg_grade"", ""label"": ""Average Grade"", ""value"": 73.0, ""contribution"": -0.1107, ""direction"": ""decreases_risk""}, {""feature"": ""participation_score"", ""label"": ""Participation"", ""value"": 63.6, ""contribution"": -0.0587, ""direction"": ""decreases_risk""}, {""feature"": ""previous_failures"", ""label"": ""Previous Failures"", ""value"": 0.0, ""contribution"": -0.0502, ""direction"": ""decreases_risk""}]"
ST1789,16,100.0,100.0,97.2,98.7,78.9,17.4,0,0,3,0,0,0.0033,Low,"[{""feature"": ""attendance"", ""label"": ""Attendance"", ""value"": 100.0, ""contribution"": -0.1172, ""direction"": ""decreases_risk""}, {""feature"": ""avg_grade"", ""label"": ""Average Grade"", ""value"": 100.0, ""contribution"": -0.1085, ""direction"": ""decreases_risk""}, {""feature"": ""engagement_score"", ""label"": ""Engagement"", ""value"": 98.7, ""contribution"": -0.0934, ""direction"": ""decreases_risk""}, {""feature"": ""assignment_completion"", ""label"": ""Assignment Completion"", ""value"": 97.2, ""contribution"": -0.0695, ""direction"": ""decreases_risk""}, {""feature"": ""participation_score"", ""label"": ""Participation"", ""value"": 78.9, ""contribution"": -0.0412, ""direction"": ""decreases_risk""}]"
ST1790,16,58.0,51.3,45.0,18.7,54.5,6.1,0,12,2,1,1,0.9503,High,"[{""feature"": ""attendance"", ""label"": ""Attendance"", ""value"": 58.0, ""contribution"": 0.1206, ""direction"": ""increases_risk""}, {""feature"": ""avg_grade"", ""label"": ""Average Grade"", ""value"": 51.3, ""contribution"": 0.1178, ""direction"": ""increases_risk""}, {""feature"": ""engagement_score"", ""label"": ""Engagement"", ""value"": 18.7, ""contribution"": 0.1111, ""direction"": ""increases_risk""}, {""feature"": ""assignment_completion"", ""label"": ""Assignment Completion"", ""value"": 45.0, ""contribution"": 0.0758, ""direction"": ""increases_risk""}, {""feature"": ""previous_failures"", ""label"": ""Previous Failures"", ""value"": 0.0, ""contribution"": -0.054, ""direction"": ""decreases_risk""}]"
ST1791,19,39.3,53.7,50.2,46.3,65.4,3.5,3,19,1,1,1,0.9745,High,"[{""feature"": ""attendance"", ""label"": ""Attendance"", ""value"": 39.3, ""contribution"": 0.1213, ""direction"": ""increases_risk""}, {""feature"": ""avg_grade"", ""label"": ""Average Grade"", ""value"": 53.7, ""contribution"": 0.1202, ""direction"": ""increases_risk""}, {""feature"": ""engagement_score"", ""label"": ""Engagement"", ""value"": 46.3, ""contribution"": 0.1053, ""direction"": ""increases_risk""}, {""feature"": ""assignment_completion"", ""label"": ""Assignment Completion"", ""value"": 50.2, ""contribution"": 0.0873, ""direction"": ""increases_risk""}, {""feature"": ""absences"", ""label"": ""Absences"", ""value"": 19.0, ""contribution"": 0.0336, ""direction"": ""increases_risk""}]"
ST1792,21,65.0,60.7,66.4,73.4,61.7,5.5,0,18,4,1,0,0.3043,Medium,"[{""feature"": ""engagement_score"", ""label"": ""Engagement"", ""value"": 73.4, ""contribution"": -0.1814, ""direction"": ""decreases_risk""}, {""feature"": ""previous_failures"", ""label"": ""Previous Failures"", ""value"": 0.0, ""contribution"": -0.082, ""direction"": ""decreases_risk""}, {""feature"": ""participation_score"", ""label"": ""Participation"", ""value"": 61.7, ""contribution"": -0.0626, ""direction"": ""decreases_risk""}, {""feature"": ""attendance"", ""label"": ""Attendance"", ""value"": 65.0, ""contribution"": 0.0618, ""direction"": ""increases_risk""}, {""feature"": ""avg_grade"", ""label"": ""Average Grade"", ""value"": 60.7, ""contribution"": 0.0457, ""direction"": ""increases_risk""}]"
ST1793,22,100.0,96.0,100.0,100.0,96.8,15.6,0,0,5,1,0,0.0006,Low,"[{""feature"": ""avg_grade"", ""label"": ""Average Grade"", ""value"": 96.0, ""contribution"": -0.1081, ""direction"": ""decreases_risk""}, {""feature"": ""attendance"", ""label"": ""Attendance"", ""value"": 100.0, ""contribution"": -0.1072, ""direction"": ""decreases_risk""}, {""feature"": ""engagement_score"", ""label"": ""Engagement"", ""value"": 100.0, ""contribution"": -0.0936, ""direction"": ""decreases_risk""}, {""feature"": ""assignment_completion"", ""label"": ""Assignment Completion"", ""value"": 100.0, ""contribution"": -0.0727, ""direction"": ""decreases_risk""}, {""feature"": ""participation_score"", ""label"": ""Participation"", ""value"": 96.8, ""contribution"": -0.0397, ""direction"": ""decreases_risk""}]"
ST1794,19,68.8,46.6,51.6,34.9,63.1,9.6,3,4,3,1,1,0.9332,High,"[{""feature"": ""avg_grade"", ""label"": ""Average Grade"", ""value"": 46.6, ""contribution"": 0.1496, ""direction"": ""increases_risk""}, {""feature"": ""engagement_score"", ""label"": ""Engagement"", ""value"": 34.9, ""contribution"": 0.1117, ""direction"": ""increases_risk""}, {""feature"": ""assignment_completion"", ""label"": ""Assignment Completion"", ""value"": 51.6, ""contribution"": 0.1097, ""direction"": ""increases_risk""}, {""feature"": ""attendance"", ""label"": ""Attendance"", ""value"": 68.8, ""contribution"": 0.0878, ""direction"": ""increases_risk""}, {""feature"": ""absences"", ""label"": ""Absences"", ""value"": 4.0, ""contribution"": -0.0415, ""direction"": ""decreases_risk""}]"
ST1795,18,84.0,69.8,85.0,59.8,47.1,4.3,1,9,5,0,0,0.2081,Low,"[{""feature"": ""attendance"", ""label"": ""Attendance"", ""value"": 84.0, ""contribution"": -0.1686, ""direction"": ""decreases_risk""}, {""feature"": ""avg_grade"", ""label"": ""Average Grade"", ""value"": 69.8, ""contribution"": -0.0864, ""direction"": ""decreases_risk""}, {""feature"": ""assignment_completion"", ""label"": ""Assignment Completion"", ""value"": 85.0, ""contribution"": -0.071, ""direction"": ""decreases_risk""}, {""feature"": ""participation_score"", ""label"": ""Participation"", ""value"": 47.1, ""contribution"": 0.0563, ""direction"": ""increases_risk""}, {""feature"": ""absences"", ""label"": ""Absences"", ""value"": 9.0, ""contribution"": -0.0518, ""direction"": ""decreases_risk""}]"
ST1796,23,100.0,100.0,81.1,88.1,80.8,16.2,0,5,2,1,0,0.0071,Low,"[{""feature"": ""attendance"", ""label"": ""Attendance"", ""value"": 100.0, ""contribution"": -0.1141, ""direction"": ""decreases_risk""}, {""feature"": ""avg_grade"", ""label"": ""Average Grade"", ""value"": 100.0, ""contribution"": -0.1031, ""direction"": ""decreases_risk""}, {""feature"": ""engagement_score"", ""label"": ""Engagement"", ""value"": 88.1, ""contribution"": -0.0926, ""direction"": ""decreases_risk""}, {""feature"": ""assignment_completion"", ""label"": ""Assignment Completion"", ""value"": 81.1, ""contribution"": -0.0582, ""direction"": ""decreases_risk""}, {""feature"": ""participation_score"", ""label"": ""Participation"", ""value"": 80.8, ""contribution"": -0.0431, ""direction"": ""decreases_risk""}]"
ST1797,19,77.8,81.1,75.9,88.4,66.1,6.5,1,13,1,0,0,0.0897,Low,"[{""feature"": ""avg_grade"", ""label"": ""Average Grade"", ""value"": 81.1, ""contribution"": -0.1349, ""direction"": ""decreases_risk""}, {""feature"": ""engagement_score"", ""label"": ""Engagement"", ""value"": 88.4, ""contribution"": -0.1275, ""direction"": ""decreases_risk""}, {""feature"": ""attendance"", ""label"": ""Attendance"", ""value"": 77.8, ""contribution"": -0.1055, ""direction"": ""decreases_risk""}, {""feature"": ""assignment_completion"", ""label"": ""Assignment Completion"", ""value"": 75.9, ""contribution"": -0.0504, ""direction"": ""decreases_risk""}, {""feature"": ""participation_score"", ""label"": ""Participation"", ""value"": 66.1, ""contribution"": -0.0369, ""direction"": ""decreases_risk""}]"
ST1798,18,74.9,58.2,67.7,64.9,54.9,11.6,2,12,4,0,1,0.7447,High,"[{""feature"": ""avg_grade"", ""label"": ""Average Grade"", ""value"": 58.2, ""contribution"": 0.1545, ""direction"": ""increases_risk""}, {""feature"": ""attendance"", ""label"": ""Attendance"", ""value"": 74.9, ""contribution"": -0.116, ""direction"": ""decreases_risk""}, {""feature"": ""assignment_completion"", ""label"": ""Assignment Completion"", ""value"": 67.7, ""contribution"": 0.0663, ""direction"": ""increases_risk""}, {""feature"": ""absences"", ""label"": ""Absences"", ""value"": 12.0, ""contribution"": 0.0582, ""direction"": ""increases_risk""}, {""feature"": ""participation_score"", ""label"": ""Participation"", ""value"": 54.9, ""contribution"": 0.0478, ""direction"": ""increases_risk""}]"
ST1799,19,60.6,53.2,69.7,51.0,48.5,4.1,1,17,1,0,1,0.945,High,"[{""feature"": ""attendance"", ""label"": ""Attendance"", ""value"": 60.6, ""contribution"": 0.1234, ""direction"": ""increases_risk""}, {""feature"": ""avg_grade"", ""label"": ""Average Grade"", ""value"": 53.2, ""contribution"": 0.1129, ""direction"": ""increases_risk""}, {""feature"": ""engagement_score"", ""label"": ""Engagement"", ""value"": 51.0, ""contribution"": 0.0998, ""direction"": ""increases_risk""}, {""feature"": ""participation_score"", ""label"": ""Participation"", ""value"": 48.5, ""contribution"": 0.0451, ""direction"": ""increases_risk""}, {""feature"": ""absences"", ""label"": ""Absences"", ""value"": 17.0, ""contribution"": 0.0415, ""direction"": ""increases_risk""}]"
ST1800,16,66.1,71.1,80.6,67.2,44.9,11.3,2,12,1,1,0,0.4499,Medium,"[{""feature"": ""avg_grade"", ""label"": ""Average Grade"", ""value"": 71.1, ""contribution"": -0.1256, ""direction"": ""decreases_risk""}, {""feature"": ""attendance"", ""label"": ""Attendance"", ""value"": 66.1, ""contribution"": 0.1059, ""direction"": ""increases_risk""}, {""feature"": ""assignment_completion"", ""label"": ""Assignment Completion"", ""value"": 80.6, ""contribution"": -0.0825, ""direction"": ""decreases_risk""}, {""feature"": ""participation_score"", ""label"": ""Participation"", ""value"": 44.9, ""contribution"": 0.0707, ""direction"": ""increases_risk""}, {""feature"": ""engagement_score"", ""label"": ""Engagement"", ""value"": 67.2, ""contribution"": -0.0686, ""direction"": ""decreases_risk""}]"
ST1801,18,84.2,67.7,88.1,38.5,49.1,15.6,0,0,4,1,0,0.3391,Medium,"[{""feature"": ""engagement_score"", ""label"": ""Engagement"", ""value"": 38.5, ""contribution"": 0.1508, ""direction"": ""increases_risk""}, {""feature"": ""attendance"", ""label"": ""Attendance"", ""value"": 84.2, ""contribution"": -0.1461, ""direction"": ""decreases_risk""}, {""feature"": ""assignment_completion"", ""label"": ""Assignment Completion"", ""value"": 88.1, ""contribution"": -0.0612, ""direction"": ""decreases_risk""}, {""feature"": ""participation_score"", ""label"": ""Participation"", ""value"": 49.1, ""contribution"": 0.06, ""direction"": ""increases_risk""}, {""feature"": ""avg_grade"", ""label"": ""Average Grade"", ""value"": 67.7, ""contribution"": -0.0506, ""direction"": ""decreases_risk""}]"
ST1802,20,63.8,31.2,47.9,30.0,44.5,10.4,1,13,3,1,1,0.979,High,"[{""feature"": ""avg_grade"", ""label"": ""Average Grade"", ""value"": 31.2, ""contribution"": 0.1157, ""direction"": ""increases_risk""}, {""feature"": ""attendance"", ""label"": ""Attendance"", ""value"": 63.8, ""contribution"": 0.1129, ""direction"": ""increases_risk""}, {""feature"": ""engagement_score"", ""label"": ""Engagement"", ""value"": 30.0, ""contribution"": 0.1053, ""direction"": ""increases_risk""}, {""feature"": ""assignment_completion"", ""label"": ""Assignment Completion"", ""value"": 47.9, ""contribution"": 0.0812, ""direction"": ""increases_risk""}, {""feature"": ""participation_score"", ""label"": ""Participation"", ""value"": 44.5, ""contribution"": 0.0483, ""direction"": ""increases_risk""}]"
ST1803,23,47.0,50.7,61.3,47.4,50.1,1.1,3,20,4,0,1,0.9967,High,"[{""feature"": ""avg_grade"", ""label"": ""Average Grade"", ""value"": 50.7, ""contribution"": 0.1155, ""direction"": ""increases_risk""}, {""feature"": ""attendance"", ""label"": ""Attendance"", ""value"": 47.0, ""contribution"": 0.115, ""direction"": ""increases_risk""}, {""feature"": ""engagement_score"", ""label"": ""Engagement"", ""value"": 47.4, ""contribution"": 0.0984, ""direction"": ""increases_risk""}, {""feature"": ""assignment_completion"", ""label"": ""Assignment Completion"", ""value"": 61.3, ""contribution"": 0.0668, ""direction"": ""increases_risk""}, {""feature"": ""participation_score"", ""label"": ""Participation"", ""value"": 50.1, ""contribution"": 0.0392, ""direction"": ""increases_risk""}]"
ST1804,21,100.0,100.0,100.0,100.0,99.4,25.8,0,0,4,1,0,0.0009,Low,"[{""feature"": ""avg_grade"", ""label"": ""Average Grade"", ""value"": 100.0, ""contribution"": -0.1087, ""direction"": ""decreases_risk""}, {""feature"": ""attendance"", ""label"": ""Attendance"", ""value"": 100.0, ""contribution"": -0.1085, ""direction"": ""decreases_risk""}, {""feature"": ""engagement_score"", ""label"": ""Engagement"", ""value"": 100.0, ""contribution"": -0.0948, ""direction"": ""decreases_risk""}, {""feature"": ""assignment_completion"", ""label"": ""Assignment Completion"", ""value"": 100.0, ""contribution"": -0.0739, ""direction"": ""decreases_risk""}, {""feature"": ""participation_score"", ""label"": ""Participation"", ""value"": 99.4, ""contribution"": -0.0382, ""direction"": ""decreases_risk""}]"
ST1805,22,82.9,70.3,68.6,55.8,73.3,10.5,1,5,2,0,0,0.2236,Low,"[{""feature"": ""attendance"", ""label"": ""Attendance"", ""value"": 82.9, ""contribution"": -0.1975, ""direction"": ""decreases_risk""}, {""feature"": ""avg_grade"", ""label"": ""Average Grade"", ""value"": 70.3, ""contribution"": -0.1023, ""direction"": ""decreases_risk""}, {""feature"": ""engagement_score"", ""label"": ""Engagement"", ""value"": 55.8, ""contribution"": 0.0792, ""direction"": ""increases_risk""}, {""feature"": ""assignment_completion"", ""label"": ""Assignment Completion"", ""value"": 68.6, ""contribution"": 0.0533, ""direction"": ""increases_risk""}, {""feature"": ""absences"", ""label"": ""Absences"", ""value"": 5.0, ""contribution"": -0.0496, ""direction"": ""decreases_risk""}]"
ST1806,20,84.0,86.4,100.0,70.4,65.5,9.2,0,3,4,0,0,0.0621,Low,"[{""feature"": ""avg_grade"", ""label"": ""Average Grade"", ""value"": 86.4, ""contribution"": -0.1226, ""direction"": ""decreases_risk""}, {""feature"": ""attendance"", ""label"": ""Attendance"", ""value"": 84.0, ""contribution"": -0.1013, ""direction"": ""decreases_risk""}, {""feature"": ""assignment_completion"", ""label"": ""Assignment Completion"", ""value"": 100.0, ""contribution"": -0.0742, ""direction"": ""decreases_risk""}, {""feature"": ""engagement_score"", ""label"": ""Engagement"", ""value"": 70.4, ""contribution"": -0.0538, ""direction"": ""decreases_risk""}, {""feature"": ""previous_failures"", ""label"": ""Previous Failures"", ""value"": 0.0, ""contribution"": -0.0277, ""direction"": ""decreases_risk""}]"
ST1807,16,100.0,100.0,96.3,100.0,100.0,19.5,1,0,3,0,0,0.0099,Low,"[{""feature"": ""attendance"", ""label"": ""Attendance"", ""value"": 100.0, ""contribution"": -0.1185, ""direction"": ""decreases_risk""}, {""feature"": ""avg_grade"", ""label"": ""Average Grade"", ""value"": 100.0, ""contribution"": -0.112, ""direction"": ""decreases_risk""}, {""feature"": ""engagement_score"", ""label"": ""Engagement"", ""value"": 100.0, ""contribution"": -0.0957, ""direction"": ""decreases_risk""}, {""feature"": ""assignment_completion"", ""label"": ""Assignment Completion"", ""value"": 96.3, ""contribution"": -0.0765, ""direction"": ""decreases_risk""}, {""feature"": ""participation_score"", ""label"": ""Participation"", ""value"": 100.0, ""contribution"": -0.0302, ""direction"": ""decreases_risk""}]"
ST1808,19,85.3,61.9,84.2,52.9,64.9,15.3,1,11,3,1,0,0.2157,Low,"[{""feature"": ""attendance"", ""label"": ""Attendance"", ""value"": 85.3, ""contribution"": -0.1912, ""direction"": ""decreases_risk""}, {""feature"": ""assignment_completion"", ""label"": ""Assignment Completion"", ""value"": 84.2, ""contribution"": -0.0882, ""direction"": ""decreases_risk""}, {""feature"": ""engagement_score"", ""label"": ""Engagement"", ""value"": 52.9, ""contribution"": 0.081, ""direction"": ""increases_risk""}, {""feature"": ""participation_score"", ""label"": ""Participation"", ""value"": 64.9, ""contribution"": -0.0518, ""direction"": ""decreases_risk""}, {""feature"": ""study_hours"", ""label"": ""Study Hours"", ""value"": 15.3, ""contribution"": -0.0331, ""direction"": ""decreases_risk""}]"
ST1809,23,56.3,46.1,60.8,48.5,58.2,8.2,3,21,4,0,1,0.9752,High,"[{""feature"": ""avg_grade"", ""label"": ""Average Grade"", ""value"": 46.1, ""contribution"": 0.1172, ""direction"": ""increases_risk""}, {""feature"": ""attendance"", ""label"": ""Attendance"", ""value"": 56.3, ""contribution"": 0.1061, ""direction"": ""increases_risk""}, {""feature"": ""engagement_score"", ""label"": ""Engagement"", ""value"": 48.5, ""contribution"": 0.1029, ""direction"": ""increases_risk""}, {""feature"": ""assignment_completion"", ""label"": ""Assignment Completion"", ""value"": 60.8, ""contribution"": 0.0681, ""direction"": ""increases_risk""}, {""feature"": ""absences"", ""label"": ""Absences"", ""value"": 21.0, ""contribution"": 0.0331, ""direction"": ""increases_risk""}]"
ST1810,16,100.0,93.0,100.0,91.2,85.4,14.7,0,0,2,0,0,0.0012,Low,"[{""feature"": ""attendance"", ""label"": ""Attendance"", ""value"": 100.0, ""contribution"": -0.1197, ""direction"": ""decreases_risk""}, {""feature"": ""avg_grade"", ""label"": ""Average Grade"", ""value"": 93.0, ""contribution"": -0.1093, ""direction"": ""decreases_risk""}, {""feature"": ""engagement_score"", ""label"": ""Engagement"", ""value"": 91.2, ""contribution"": -0.095, ""direction"": ""decreases_risk""}, {""feature"": ""assignment_completion"", ""label"": ""Assignment Completion"", ""value"": 100.0, ""contribution"": -0.0732, ""direction"": ""decreases_risk""}, {""feature"": ""participation_score"", ""label"": ""Participation"", ""value"": 85.4, ""contribution"": -0.0384, ""direction"": ""decreases_risk""}]"
ST1811,23,74.7,80.4,69.4,82.3,47.9,12.6,3,10,3,0,0,0.2746,Low,"[{""feature"": ""avg_grade"", ""label"": ""Average Grade"", ""value"": 80.4, ""contribution"": -0.1398, ""direction"": ""decreases_risk""}, {""feature"": ""engagement_score"", ""label"": ""Engagement"", ""value"": 82.3, ""contribution"": -0.1323, ""direction"": ""decreases_risk""}, {""feature"": ""attendance"", ""label"": ""Attendance"", ""value"": 74.7, ""contribution"": -0.1146, ""direction"": ""decreases_risk""}, {""feature"": ""assignment_completion"", ""label"": ""Assignment Completion"", ""value"": 69.4, ""contribution"": 0.0776, ""direction"": ""increases_risk""}, {""feature"": ""participation_score"", ""label"": ""Participation"", ""value"": 47.9, ""contribution"": 0.0697, ""direction"": ""increases_risk""}]"
ST1812,21,100.0,86.0,100.0,84.7,79.8,9.4,0,0,3,1,0,0.0047,Low,"[{""feature"": ""attendance"", ""label"": ""Attendance"", ""value"": 100.0, ""contribution"": -0.1162, ""direction"": ""decreases_risk""}, {""feature"": ""avg_grade"", ""label"": ""Average Grade"", ""value"": 86.0, ""contribution"": -0.1064, ""direction"": ""decreases_risk""}, {""feature"": ""engagement_score"", ""label"": ""Engagement"", ""value"": 84.7, ""contribution"": -0.0952, ""direction"": ""decreases_risk""}, {""feature"": ""assignment_completion"", ""label"": ""Assignment Completion"", ""value"": 100.0, ""contribution"": -0.0737, ""direction"": ""decreases_risk""}, {""feature"": ""participation_score"", ""label"": ""Participation"", ""value"": 79.8, ""contribution"": -0.0436, ""direction"": ""decreases_risk""}]"
ST1813,18,82.6,79.6,75.4,80.5,63.8,12.8,1,8,1,1,0,0.0689,Low,"[{""feature"": ""attendance"", ""label"": ""Attendance"", ""value"": 82.6, ""contribution"": -0.1217, ""direction"": ""decreases_risk""}, {""feature"": ""avg_grade"", ""label"": ""Average Grade"", ""value"": 79.6, ""contribution"": -0.1123, ""direction"": ""decreases_risk""}, {""feature"": ""engagement_score"", ""label"": ""Engagement"", ""value"": 80.5, ""contribution"": -0.099, ""direction"": ""decreases_risk""}, {""feature"": ""absences"", ""label"": ""Absences"", ""value"": 8.0, ""contribution"": -0.0394, ""direction"": ""decreases_risk""}, {""feature"": ""participation_score"", ""label"": ""Participation"", ""value"": 63.8, ""contribution"": -0.0221, ""direction"": ""decreases_risk""}]"
ST1814,22,70.8,59.7,55.7,52.2,46.1,2.9,4,15,2,0,1,0.9032,High,"[{""feature"": ""engagement_score"", ""label"": ""Engagement"", ""value"": 52.2, ""contribution"": 0.1018, ""direction"": ""increases_risk""}, {""feature"": ""avg_grade"", ""label"": ""Average Grade"", ""value"": 59.7, ""contribution"": 0.0993, ""direction"": ""increases_risk""}, {""feature"": ""assignment_completion"", ""label"": ""Assignment Completion"", ""value"": 55.7, ""contribution"": 0.0885, ""direction"": ""increases_risk""}, {""feature"": ""participation_score"", ""label"": ""Participation"", ""value"": 46.1, ""contribution"": 0.0522, ""direction"": ""increases_risk""}, {""feature"": ""absences"", ""label"": ""Absences"", ""value"": 15.0, ""contribution"": 0.035, ""direction"": ""increases_risk""}]"
ST1815,22,92.0,79.8,85.3,66.7,67.4,14.7,0,0,1,0,0,0.0968,Low,"[{""feature"": ""attendance"", ""label"": ""Attendance"", ""value"": 92.0, ""contribution"": -0.1336, ""direction"": ""decreases_risk""}, {""feature"": ""avg_grade"", ""label"": ""Average Grade"", ""value"": 79.8, ""contribution"": -0.1019, ""direction"": ""decreases_risk""}, {""feature"": ""assignment_completion"", ""label"": ""Assignment Completion"", ""value"": 85.3, ""contribution"": -0.0779, ""direction"": ""decreases_risk""}, {""feature"": ""previous_failures"", ""label"": ""Previous Failures"", ""value"": 0.0, ""contribution"": -0.0332, ""direction"": ""decreases_risk""}, {""feature"": ""absences"", ""label"": ""Absences"", ""value"": 0.0, ""contribution"": -0.0319, ""direction"": ""decreases_risk""}]"
ST1816,16,76.1,70.1,65.9,59.7,65.7,9.3,0,10,1,0,0,0.1915,Low,"[{""feature"": ""attendance"", ""label"": ""Attendance"", ""value"": 76.1, ""contribution"": -0.1681, ""direction"": ""decreases_risk""}, {""feature"": ""avg_grade"", ""label"": ""Average Grade"", ""value"": 70.1, ""contribution"": -0.1195, ""direction"": ""decreases_risk""}, {""feature"": ""previous_failures"", ""label"": ""Previous Failures"", ""value"": 0.0, ""contribution"": -0.074, ""direction"": ""decreases_risk""}, {""feature"": ""assignment_completion"", ""label"": ""Assignment Completion"", ""value"": 65.9, ""contribution"": 0.0669, ""direction"": ""increases_risk""}, {""feature"": ""participation_score"", ""label"": ""Participation"", ""value"": 65.7, ""contribution"": -0.0427, ""direction"": ""decreases_risk""}]"
ST1817,16,97.2,93.0,100.0,99.4,79.4,20.0,0,3,3,1,0,0.0005,Low,"[{""feature"": ""attendance"", ""label"": ""Attendance"", ""value"": 97.2, ""contribution"": -0.1115, ""direction"": ""decreases_risk""}, {""feature"": ""avg_grade"", ""label"": ""Average Grade"", ""value"": 93.0, ""contribution"": -0.1087, ""direction"": ""decreases_risk""}, {""feature"": ""engagement_score"", ""label"": ""Engagement"", ""value"": 99.4, ""contribution"": -0.0938, ""direction"": ""decreases_risk""}, {""feature"": ""assignment_completion"", ""label"": ""Assignment Completion"", ""value"": 100.0, ""contribution"": -0.0715, ""direction"": ""decreases_risk""}, {""feature"": ""participation_score"", ""label"": ""Participation"", ""value"": 79.4, ""contribution"": -0.041, ""direction"": ""decreases_risk""}]"
ST1818,21,37.1,34.7,54.7,33.2,42.1,3.1,3,24,5,0,1,0.9997,High,"[{""feature"": ""avg_grade"", ""label"": ""Average Grade"", ""value"": 34.7, ""contribution"": 0.1162, ""direction"": ""increases_risk""}, {""feature"": ""attendance"", ""label"": ""Attendance"", ""value"": 37.1, ""contribution"": 0.113, ""direction"": ""increases_risk""}, {""feature"": ""engagement_score"", ""label"": ""Engagement"", ""value"": 33.2, ""contribution"": 0.0972, ""direction"": ""increases_risk""}, {""feature"": ""assignment_completion"", ""label"": ""Assignment Completion"", ""value"": 54.7, ""contribution"": 0.0742, ""direction"": ""increases_risk""}, {""feature"": ""participation_score"", ""label"": ""Participation"", ""value"": 42.1, ""contribution"": 0.0456, ""direction"": ""increases_risk""}]"
ST1819,23,78.3,49.1,67.6,66.0,65.9,9.4,2,13,5,0,1,0.7179,High,"[{""feature"": ""avg_grade"", ""label"": ""Average Grade"", ""value"": 49.1, ""contribution"": 0.2094, ""direction"": ""increases_risk""}, {""feature"": ""attendance"", ""label"": ""Attendance"", ""value"": 78.3, ""contribution"": -0.1194, ""direction"": ""decreases_risk""}, {""feature"": ""assignment_completion"", ""label"": ""Assignment Completion"", ""value"": 67.6, ""contribution"": 0.0809, ""direction"": ""increases_risk""}, {""feature"": ""absences"", ""label"": ""Absences"", ""value"": 13.0, ""contribution"": 0.0493, ""direction"": ""increases_risk""}, {""feature"": ""participation_score"", ""label"": ""Participation"", ""value"": 65.9, ""contribution"": -0.0215, ""direction"": ""decreases_risk""}]"
ST1820,16,83.9,67.4,91.7,78.2,80.5,14.4,1,12,4,0,0,0.0666,Low,"[{""feature"": ""engagement_score"", ""label"": ""Engagement"", ""value"": 78.2, ""contribution"": -0.1201, ""direction"": ""decreases_risk""}, {""feature"": ""attendance"", ""label"": ""Attendance"", ""value"": 83.9, ""contribution"": -0.1167, ""direction"": ""decreases_risk""}, {""feature"": ""assignment_completion"", ""label"": ""Assignment Completion"", ""value"": 91.7, ""contribution"": -0.0741, ""direction"": ""decreases_risk""}, {""feature"": ""participation_score"", ""label"": ""Participation"", ""value"": 80.5, ""contribution"": -0.0651, ""direction"": ""decreases_risk""}, {""feature"": ""avg_grade"", ""label"": ""Average Grade"", ""value"": 67.4, ""contribution"": -0.0523, ""direction"": ""decreases_risk""}]"
ST1821,21,50.4,65.4,66.3,52.1,51.5,9.9,2,17,3,0,1,0.9153,High,"[{""feature"": ""attendance"", ""label"": ""Attendance"", ""value"": 50.4, ""contribution"": 0.1628, ""direction"": ""increases_risk""}, {""feature"": ""engagement_score"", ""label"": ""Engagement"", ""value"": 52.1, ""contribution"": 0.1155, ""direction"": ""increases_risk""}, {""feature"": ""assignment_completion"", ""label"": ""Assignment Completion"", ""value"": 66.3, ""contribution"": 0.0565, ""direction"": ""increases_risk""}, {""feature"": ""participation_score"", ""label"": ""Participation"", ""value"": 51.5, ""contribution"": 0.0489, ""direction"": ""increases_risk""}, {""feature"": ""absences"", ""label"": ""Absences"", ""value"": 17.0, ""contribution"": 0.0487, ""direction"": ""increases_risk""}]"
ST1822,17,100.0,97.5,96.6,97.9,87.9,17.5,0,2,2,0,0,0.0012,Low,"[{""feature"": ""attendance"", ""label"": ""Attendance"", ""value"": 100.0, ""contribution"": -0.1166, ""direction"": ""decreases_risk""}, {""feature"": ""avg_grade"", ""label"": ""Average Grade"", ""value"": 97.5, ""contribution"": -0.1111, ""direction"": ""decreases_risk""}, {""feature"": ""engagement_score"", ""label"": ""Engagement"", ""value"": 97.9, ""contribution"": -0.0971, ""direction"": ""decreases_risk""}, {""feature"": ""assignment_completion"", ""label"": ""Assignment Completion"", ""value"": 96.6, ""contribution"": -0.0689, ""direction"": ""decreases_risk""}, {""feature"": ""participation_score"", ""label"": ""Participation"", ""value"": 87.9, ""contribution"": -0.0401, ""direction"": ""decreases_risk""}]"
ST1823,21,51.8,46.6,54.4,62.3,53.5,7.9,3,17,2,0,1,0.9722,High,"[{""feature"": ""attendance"", ""label"": ""Attendance"", ""value"": 51.8, ""contribution"": 0.1256, ""direction"": ""increases_risk""}, {""feature"": ""avg_grade"", ""label"": ""Average Grade"", ""value"": 46.6, ""contribution"": 0.1239, ""direction"": ""increases_risk""}, {""feature"": ""assignment_completion"", ""label"": ""Assignment Completion"", ""value"": 54.4, ""contribution"": 0.0778, ""direction"": ""increases_risk""}, {""feature"": ""absences"", ""label"": ""Absences"", ""value"": 17.0, ""contribution"": 0.0401, ""direction"": ""increases_risk""}, {""feature"": ""participation_score"", ""label"": ""Participation"", ""value"": 53.5, ""contribution"": 0.0329, ""direction"": ""increases_risk""}]"
ST1824,20,96.5,74.0,85.6,67.4,89.6,15.9,0,0,4,0,0,0.1379,Low,"[{""feature"": ""attendance"", ""label"": ""Attendance"", ""value"": 96.5, ""contribution"": -0.1215, ""direction"": ""decreases_risk""}, {""feature"": ""assignment_completion"", ""label"": ""Assignment Completion"", ""value"": 85.6, ""contribution"": -0.0682, ""direction"": ""decreases_risk""}, {""feature"": ""avg_grade"", ""label"": ""Average Grade"", ""value"": 74.0, ""contribution"": -0.0537, ""direction"": ""decreases_risk""}, {""feature"": ""participation_score"", ""label"": ""Participation"", ""value"": 89.6, ""contribution"": -0.0319, ""direction"": ""decreases_risk""}, {""feature"": ""absences"", ""label"": ""Absences"", ""value"": 0.0, ""contribution"": -0.0271, ""direction"": ""decreases_risk""}]"
ST1825,16,80.9,73.9,76.7,75.1,54.6,11.3,1,8,5,1,0,0.1807,Low,"[{""feature"": ""attendance"", ""label"": ""Attendance"", ""value"": 80.9, ""contribution"": -0.1007, ""direction"": ""decreases_risk""}, {""feature"": ""avg_grade"", ""label"": ""Average Grade"", ""value"": 73.9, ""contribution"": -0.0882, ""direction"": ""decreases_risk""}, {""feature"": ""engagement_score"", ""label"": ""Engagement"", ""value"": 75.1, ""contribution"": -0.065, ""direction"": ""decreases_risk""}, {""feature"": ""participation_score"", ""label"": ""Participation"", ""value"": 54.6, ""contribution"": 0.0593, ""direction"": ""increases_risk""}, {""feature"": ""assignment_completion"", ""label"": ""Assignment Completion"", ""value"": 76.7, ""contribution"": -0.0556, ""direction"": ""decreases_risk""}]"
ST1826,21,88.7,83.9,93.8,77.6,64.9,14.0,0,6,5,0,0,0.027,Low,"[{""feature"": ""avg_grade"", ""label"": ""Average Grade"", ""value"": 83.9, ""contribution"": -0.1116, ""direction"": ""decreases_risk""}, {""feature"": ""attendance"", ""label"": ""Attendance"", ""value"": 88.7, ""contribution"": -0.1105, ""direction"": ""decreases_risk""}, {""feature"": ""engagement_score"", ""label"": ""Engagement"", ""value"": 77.6, ""contribution"": -0.0846, ""direction"": ""decreases_risk""}, {""feature"": ""assignment_completion"", ""label"": ""Assignment Completion"", ""value"": 93.8, ""contribution"": -0.0712, ""direction"": ""decreases_risk""}, {""feature"": ""absences"", ""label"": ""Absences"", ""value"": 6.0, ""contribution"": -0.0325, ""direction"": ""decreases_risk""}]"
ST1827,23,99.1,92.3,95.3,81.3,100.0,18.1,1,1,2,1,0,0.0017,Low,"[{""feature"": ""attendance"", ""label"": ""Attendance"", ""value"": 99.1, ""contribution"": -0.1151, ""direction"": ""decreases_risk""}, {""feature"": ""avg_grade"", ""label"": ""Average Grade"", ""value"": 92.3, ""contribution"": -0.1135, ""direction"": ""decreases_risk""}, {""feature"": ""engagement_score"", ""label"": ""Engagement"", ""value"": 81.3, ""contribution"": -0.0938, ""direction"": ""decreases_risk""}, {""feature"": ""assignment_completion"", ""label"": ""Assignment Completion"", ""value"": 95.3, ""contribution"": -0.0808, ""direction"": ""decreases_risk""}, {""feature"": ""participation_score"", ""label"": ""Participation"", ""value"": 100.0, ""contribution"": -0.0344, ""direction"": ""decreases_risk""}]"
ST1828,22,57.4,36.8,49.6,38.4,55.3,5.6,0,12,3,0,1,0.9506,High,"[{""feature"": ""attendance"", ""label"": ""Attendance"", ""value"": 57.4, ""contribution"": 0.1201, ""direction"": ""increases_risk""}, {""feature"": ""avg_grade"", ""label"": ""Average Grade"", ""value"": 36.8, ""contribution"": 0.1194, ""direction"": ""increases_risk""}, {""feature"": ""engagement_score"", ""label"": ""Engagement"", ""value"": 38.4, ""contribution"": 0.1111, ""direction"": ""increases_risk""}, {""feature"": ""assignment_completion"", ""label"": ""Assignment Completion"", ""value"": 49.6, ""contribution"": 0.073, ""direction"": ""increases_risk""}, {""feature"": ""previous_failures"", ""label"": ""Previous Failures"", ""value"": 0.0, ""contribution"": -0.0536, ""direction"": ""decreases_risk""}]"
ST1829,16,64.5,59.2,56.9,78.5,43.6,16.3,1,11,3,0,1,0.7822,High,"[{""feature"": ""engagement_score"", ""label"": ""Engagement"", ""value"": 78.5, ""contribution"": -0.1526, ""direction"": ""decreases_risk""}, {""feature"": ""avg_grade"", ""label"": ""Average Grade"", ""value"": 59.2, ""contribution"": 0.1282, ""direction"": ""increases_risk""}, {""feature"": ""attendance"", ""label"": ""Attendance"", ""value"": 64.5, ""contribution"": 0.1169, ""direction"": ""increases_risk""}, {""feature"": ""assignment_completion"", ""label"": ""Assignment Completion"", ""value"": 56.9, ""contribution"": 0.1044, ""direction"": ""increases_risk""}, {""feature"": ""participation_score"", ""label"": ""Participation"", ""value"": 43.6, ""contribution"": 0.0806, ""direction"": ""increases_risk""}]"
ST1830,17,64.5,60.8,71.8,50.1,52.5,5.0,3,11,1,0,1,0.9392,High,"[{""feature"": ""attendance"", ""label"": ""Attendance"", ""value"": 64.5, ""contribution"": 0.1228, ""direction"": ""increases_risk""}, {""feature"": ""engagement_score"", ""label"": ""Engagement"", ""value"": 50.1, ""contribution"": 0.1036, ""direction"": ""increases_risk""}, {""feature"": ""avg_grade"", ""label"": ""Average Grade"", ""value"": 60.8, ""contribution"": 0.0728, ""direction"": ""increases_risk""}, {""feature"": ""participation_score"", ""label"": ""Participation"", ""value"": 52.5, ""contribution"": 0.0485, ""direction"": ""increases_risk""}, {""feature"": ""absences"", ""label"": ""Absences"", ""value"": 11.0, ""contribution"": 0.0263, ""direction"": ""increases_risk""}]"
ST1831,17,85.6,72.5,73.5,80.5,37.7,11.0,1,3,1,1,0,0.1692,Low,"[{""feature"": ""attendance"", ""label"": ""Attendance"", ""value"": 85.6, ""contribution"": -0.1441, ""direction"": ""decreases_risk""}, {""feature"": ""engagement_score"", ""label"": ""Engagement"", ""value"": 80.5, ""contribution"": -0.1059, ""direction"": ""decreases_risk""}, {""feature"": ""avg_grade"", ""label"": ""Average Grade"", ""value"": 72.5, ""contribution"": -0.1049, ""direction"": ""decreases_risk""}, {""feature"": ""participation_score"", ""label"": ""Participation"", ""value"": 37.7, ""contribution"": 0.0661, ""direction"": ""increases_risk""}, {""feature"": ""absences"", ""label"": ""Absences"", ""value"": 3.0, ""contribution"": -0.0373, ""direction"": ""decreases_risk""}]"
ST1832,19,56.8,63.8,71.1,54.2,63.5,6.8,0,16,1,1,0,0.6128,High,"[{""feature"": ""attendance"", ""label"": ""Attendance"", ""value"": 56.8, ""contribution"": 0.1428, ""direction"": ""increases_risk""}, {""feature"": ""previous_failures"", ""label"": ""Previous Failures"", ""value"": 0.0, ""contribution"": -0.091, ""direction"": ""decreases_risk""}, {""feature"": ""engagement_score"", ""label"": ""Engagement"", ""value"": 54.2, ""contribution"": 0.0761, ""direction"": ""increases_risk""}, {""feature"": ""participation_score"", ""label"": ""Participation"", ""value"": 63.5, ""contribution"": -0.0635, ""direction"": ""decreases_risk""}, {""feature"": ""absences"", ""label"": ""Absences"", ""value"": 16.0, ""contribution"": 0.0427, ""direction"": ""increases_risk""}]"
ST1833,17,70.5,79.7,92.6,71.6,82.8,20.4,0,12,4,0,0,0.088,Low,"[{""feature"": ""avg_grade"", ""label"": ""Average Grade"", ""value"": 79.7, ""contribution"": -0.1243, ""direction"": ""decreases_risk""}, {""feature"": ""engagement_score"", ""label"": ""Engagement"", ""value"": 71.6, ""contribution"": -0.0941, ""direction"": ""decreases_risk""}, {""feature"": ""assignment_completion"", ""label"": ""Assignment Completion"", ""value"": 92.6, ""contribution"": -0.0858, ""direction"": ""decreases_risk""}, {""feature"": ""participation_score"", ""label"": ""Participation"", ""value"": 82.8, ""contribution"": -0.0655, ""direction"": ""decreases_risk""}, {""feature"": ""previous_failures"", ""label"": ""Previous Failures"", ""value"": 0.0, ""contribution"": -0.0345, ""direction"": ""decreases_risk""}]"
ST1834,22,45.3,29.0,27.3,39.9,26.8,0.5,2,22,2,1,1,0.9995,High,"[{""feature"": ""attendance"", ""label"": ""Attendance"", ""value"": 45.3, ""contribution"": 0.1168, ""direction"": ""increases_risk""}, {""feature"": ""avg_grade"", ""label"": ""Average Grade"", ""value"": 29.0, ""contribution"": 0.1127, ""direction"": ""increases_risk""}, {""feature"": ""engagement_score"", ""label"": ""Engagement"", ""value"": 39.9, ""contribution"": 0.0948, ""direction"": ""increases_risk""}, {""feature"": ""assignment_completion"", ""label"": ""Assignment Completion"", ""value"": 27.3, ""contribution"": 0.0765, ""direction"": ""increases_risk""}, {""feature"": ""participation_score"", ""label"": ""Participation"", ""value"": 26.8, ""contribution"": 0.0445, ""direction"": ""increases_risk""}]"
ST1835,22,100.0,96.2,93.8,100.0,84.8,17.6,0,0,4,1,0,0.0039,Low,"[{""feature"": ""avg_grade"", ""label"": ""Average Grade"", ""value"": 96.2, ""contribution"": -0.1083, ""direction"": ""decreases_risk""}, {""feature"": ""attendance"", ""label"": ""Attendance"", ""value"": 100.0, ""contribution"": -0.1075, ""direction"": ""decreases_risk""}, {""feature"": ""engagement_score"", ""label"": ""Engagement"", ""value"": 100.0, ""contribution"": -0.094, ""direction"": ""decreases_risk""}, {""feature"": ""assignment_completion"", ""label"": ""Assignment Completion"", ""value"": 93.8, ""contribution"": -0.0734, ""direction"": ""decreases_risk""}, {""feature"": ""participation_score"", ""label"": ""Participation"", ""value"": 84.8, ""contribution"": -0.0393, ""direction"": ""decreases_risk""}]"
ST1836,22,51.8,45.9,72.6,48.0,60.5,5.2,3,15,2,0,1,0.9792,High,"[{""feature"": ""attendance"", ""label"": ""Attendance"", ""value"": 51.8, ""contribution"": 0.1445, ""direction"": ""increases_risk""}, {""feature"": ""avg_grade"", ""label"": ""Average Grade"", ""value"": 45.9, ""contribution"": 0.1342, ""direction"": ""increases_risk""}, {""feature"": ""engagement_score"", ""label"": ""Engagement"", ""value"": 48.0, ""contribution"": 0.1067, ""direction"": ""increases_risk""}, {""feature"": ""absences"", ""label"": ""Absences"", ""value"": 15.0, ""contribution"": 0.0417, ""direction"": ""increases_risk""}, {""feature"": ""previous_failures"", ""label"": ""Previous Failures"", ""value"": 3.0, ""contribution"": 0.0266, ""direction"": ""increases_risk""}]"
ST1837,17,36.7,53.1,54.7,52.5,29.6,6.1,4,27,4,1,1,0.9891,High,"[{""feature"": ""avg_grade"", ""label"": ""Average Grade"", ""value"": 53.1, ""contribution"": 0.1154, ""direction"": ""increases_risk""}, {""feature"": ""attendance"", ""label"": ""Attendance"", ""value"": 36.7, ""contribution"": 0.1121, ""direction"": ""increases_risk""}, {""feature"": ""assignment_completion"", ""label"": ""Assignment Completion"", ""value"": 54.7, ""contribution"": 0.078, ""direction"": ""increases_risk""}, {""feature"": ""engagement_score"", ""label"": ""Engagement"", ""value"": 52.5, ""contribution"": 0.0776, ""direction"": ""increases_risk""}, {""feature"": ""participation_score"", ""label"": ""Participation"", ""value"": 29.6, ""contribution"": 0.0439, ""direction"": ""increases_risk""}]"
ST1838,16,87.2,81.2,90.4,82.5,65.4,14.8,0,4,1,0,0,0.0181,Low,"[{""feature"": ""attendance"", ""label"": ""Attendance"", ""value"": 87.2, ""contribution"": -0.1124, ""direction"": ""decreases_risk""}, {""feature"": ""avg_grade"", ""label"": ""Average Grade"", ""value"": 81.2, ""contribution"": -0.1103, ""direction"": ""decreases_risk""}, {""feature"": ""engagement_score"", ""label"": ""Engagement"", ""value"": 82.5, ""contribution"": -0.0971, ""direction"": ""decreases_risk""}, {""feature"": ""assignment_completion"", ""label"": ""Assignment Completion"", ""value"": 90.4, ""contribution"": -0.076, ""direction"": ""decreases_risk""}, {""feature"": ""absences"", ""label"": ""Absences"", ""value"": 4.0, ""contribution"": -0.0278, ""direction"": ""decreases_risk""}]"
ST1839,23,37.8,29.8,29.2,27.8,34.3,1.6,5,22,2,0,1,1.0,High,"[{""feature"": ""attendance"", ""label"": ""Attendance"", ""value"": 37.8, ""contribution"": 0.1139, ""direction"": ""increases_risk""}, {""feature"": ""avg_grade"", ""label"": ""Average Grade"", ""value"": 29.8, ""contribution"": 0.1111, ""direction"": ""increases_risk""}, {""feature"": ""engagement_score"", ""label"": ""Engagement"", ""value"": 27.8, ""contribution"": 0.0926, ""direction"": ""increases_risk""}, {""feature"": ""assignment_completion"", ""label"": ""Assignment Completion"", ""value"": 29.2, ""contribution"": 0.0725, ""direction"": ""increases_risk""}, {""feature"": ""participation_score"", ""label"": ""Participation"", ""value"": 34.3, ""contribution"": 0.0416, ""direction"": ""increases_risk""}]"
ST1840,18,68.5,56.1,58.1,44.9,45.8,0.0,2,11,2,1,1,0.9752,High,"[{""feature"": ""engagement_score"", ""label"": ""Engagement"", ""value"": 44.9, ""contribution"": 0.1056, ""direction"": ""increases_risk""}, {""feature"": ""avg_grade"", ""label"": ""Average Grade"", ""value"": 56.1, ""contribution"": 0.0971, ""direction"": ""increases_risk""}, {""feature"": ""attendance"", ""label"": ""Attendance"", ""value"": 68.5, ""contribution"": 0.0878, ""direction"": ""increases_risk""}, {""feature"": ""assignment_completion"", ""label"": ""Assignment Completion"", ""value"": 58.1, ""contribution"": 0.0851, ""direction"": ""increases_risk""}, {""feature"": ""participation_score"", ""label"": ""Participation"", ""value"": 45.8, ""contribution"": 0.0556, ""direction"": ""increases_risk""}]"
ST1841,21,53.6,65.3,48.6,61.9,51.2,7.8,2,20,3,0,1,0.9043,High,"[{""feature"": ""attendance"", ""label"": ""Attendance"", ""value"": 53.6, ""contribution"": 0.1655, ""direction"": ""increases_risk""}, {""feature"": ""assignment_completion"", ""label"": ""Assignment Completion"", ""value"": 48.6, ""contribution"": 0.0942, ""direction"": ""increases_risk""}, {""feature"": ""absences"", ""label"": ""Absences"", ""value"": 20.0, ""contribution"": 0.053, ""direction"": ""increases_risk""}, {""feature"": ""participation_score"", ""label"": ""Participation"", ""value"": 51.2, ""contribution"": 0.0528, ""direction"": ""increases_risk""}, {""feature"": ""engagement_score"", ""label"": ""Engagement"", ""value"": 61.9, ""contribution"": 0.0381, ""direction"": ""increases_risk""}]"
ST1842,23,92.4,71.3,91.3,62.5,53.7,11.9,0,6,3,0,0,0.2042,Low,"[{""feature"": ""attendance"", ""label"": ""Attendance"", ""value"": 92.4, ""contribution"": -0.1603, ""direction"": ""decreases_risk""}, {""feature"": ""participation_score"", ""label"": ""Participation"", ""value"": 53.7, ""contribution"": 0.0602, ""direction"": ""increases_risk""}, {""feature"": ""absences"", ""label"": ""Absences"", ""value"": 6.0, ""contribution"": -0.0597, ""direction"": ""decreases_risk""}, {""feature"": ""avg_grade"", ""label"": ""Average Grade"", ""value"": 71.3, ""contribution"": -0.0587, ""direction"": ""decreases_risk""}, {""feature"": ""assignment_completion"", ""label"": ""Assignment Completion"", ""value"": 91.3, ""contribution"": -0.0482, ""direction"": ""decreases_risk""}]"
ST1843,16,75.7,82.8,75.0,89.6,73.4,16.1,0,12,1,0,0,0.0774,Low,"[{""feature"": ""avg_grade"", ""label"": ""Average Grade"", ""value"": 82.8, ""contribution"": -0.1298, ""direction"": ""decreases_risk""}, {""feature"": ""attendance"", ""label"": ""Attendance"", ""value"": 75.7, ""contribution"": -0.119, ""direction"": ""decreases_risk""}, {""feature"": ""engagement_score"", ""label"": ""Engagement"", ""value"": 89.6, ""contribution"": -0.11, ""direction"": ""decreases_risk""}, {""feature"": ""participation_score"", ""label"": ""Participation"", ""value"": 73.4, ""contribution"": -0.0518, ""direction"": ""decreases_risk""}, {""feature"": ""previous_failures"", ""label"": ""Previous Failures"", ""value"": 0.0, ""contribution"": -0.0333, ""direction"": ""decreases_risk""}]"
ST1844,16,75.6,84.8,93.6,71.7,69.3,16.9,0,9,4,1,0,0.0491,Low,"[{""feature"": ""avg_grade"", ""label"": ""Average Grade"", ""value"": 84.8, ""contribution"": -0.1205, ""direction"": ""decreases_risk""}, {""feature"": ""attendance"", ""label"": ""Attendance"", ""value"": 75.6, ""contribution"": -0.0788, ""direction"": ""decreases_risk""}, {""feature"": ""assignment_completion"", ""label"": ""Assignment Completion"", ""value"": 93.6, ""contribution"": -0.0711, ""direction"": ""decreases_risk""}, {""feature"": ""engagement_score"", ""label"": ""Engagement"", ""value"": 71.7, ""contribution"": -0.0605, ""direction"": ""decreases_risk""}, {""feature"": ""absences"", ""label"": ""Absences"", ""value"": 9.0, ""contribution"": -0.0311, ""direction"": ""decreases_risk""}]"
ST1845,16,84.8,66.3,71.5,63.0,68.6,9.7,1,3,5,1,0,0.2245,Low,"[{""feature"": ""attendance"", ""label"": ""Attendance"", ""value"": 84.8, ""contribution"": -0.1748, ""direction"": ""decreases_risk""}, {""feature"": ""avg_grade"", ""label"": ""Average Grade"", ""value"": 66.3, ""contribution"": -0.0663, ""direction"": ""decreases_risk""}, {""feature"": ""absences"", ""label"": ""Absences"", ""value"": 3.0, ""contribution"": -0.037, ""direction"": ""decreases_risk""}, {""feature"": ""assignment_completion"", ""label"": ""Assignment Completion"", ""value"": 71.5, ""contribution"": 0.0301, ""direction"": ""increases_risk""}, {""feature"": ""participation_score"", ""label"": ""Participation"", ""value"": 68.6, ""contribution"": -0.0114, ""direction"": ""decreases_risk""}]"
ST1846,17,54.7,44.4,43.9,51.0,50.6,8.1,3,22,1,0,1,0.9868,High,"[{""feature"": ""avg_grade"", ""label"": ""Average Grade"", ""value"": 44.4, ""contribution"": 0.1125, ""direction"": ""increases_risk""}, {""feature"": ""attendance"", ""label"": ""Attendance"", ""value"": 54.7, ""contribution"": 0.1083, ""direction"": ""increases_risk""}, {""feature"": ""engagement_score"", ""label"": ""Engagement"", ""value"": 51.0, ""contribution"": 0.089, ""direction"": ""increases_risk""}, {""feature"": ""assignment_completion"", ""label"": ""Assignment Completion"", ""value"": 43.9, ""contribution"": 0.0724, ""direction"": ""increases_risk""}, {""feature"": ""participation_score"", ""label"": ""Participation"", ""value"": 50.6, ""contribution"": 0.0369, ""direction"": ""increases_risk""}]"
ST1847,16,69.8,65.2,71.4,66.5,67.7,7.9,1,13,1,0,0,0.4008,Medium,"[{""feature"": ""participation_score"", ""label"": ""Participation"", ""value"": 67.7, ""contribution"": -0.0601, ""direction"": ""decreases_risk""}, {""feature"": ""engagement_score"", ""label"": ""Engagement"", ""value"": 66.5, ""contribution"": -0.0476, ""direction"": ""decreases_risk""}, {""feature"": ""avg_grade"", ""label"": ""Average Grade"", ""value"": 65.2, ""contribution"": -0.0425, ""direction"": ""decreases_risk""}, {""feature"": ""previous_failures"", ""label"": ""Previous Failures"", ""value"": 1.0, ""contribution"": -0.0259, ""direction"": ""decreases_risk""}, {""feature"": ""absences"", ""label"": ""Absences"", ""value"": 13.0, ""contribution"": 0.0254, ""direction"": ""increases_risk""}]"
ST1848,22,93.0,86.8,70.4,84.0,64.9,18.4,3,1,5,0,0,0.1958,Low,"[{""feature"": ""attendance"", ""label"": ""Attendance"", ""value"": 93.0, ""contribution"": -0.1391, ""direction"": ""decreases_risk""}, {""feature"": ""avg_grade"", ""label"": ""Average Grade"", ""value"": 86.8, ""contribution"": -0.1257, ""direction"": ""decreases_risk""}, {""feature"": ""engagement_score"", ""label"": ""Engagement"", ""value"": 84.0, ""contribution"": -0.0941, ""direction"": ""decreases_risk""}, {""feature"": ""assignment_completion"", ""label"": ""Assignment Completion"", ""value"": 70.4, ""contribution"": 0.0797, ""direction"": ""increases_risk""}, {""feature"": ""previous_failures"", ""label"": ""Previous Failures"", ""value"": 3.0, ""contribution"": 0.0283, ""direction"": ""increases_risk""}]"
ST1849,20,75.3,65.2,65.9,55.0,61.9,6.6,1,13,4,1,1,0.6336,High,"[{""feature"": ""engagement_score"", ""label"": ""Engagement"", ""value"": 55.0, ""contribution"": 0.1175, ""direction"": ""increases_risk""}, {""feature"": ""attendance"", ""label"": ""Attendance"", ""value"": 75.3, ""contribution"": -0.1077, ""direction"": ""decreases_risk""}, {""feature"": ""assignment_completion"", ""label"": ""Assignment Completion"", ""value"": 65.9, ""contribution"": 0.1019, ""direction"": ""increases_risk""}, {""feature"": ""absences"", ""label"": ""Absences"", ""value"": 13.0, ""contribution"": 0.0364, ""direction"": ""increases_risk""}, {""feature"": ""study_hours"", ""label"": ""Study Hours"", ""value"": 6.6, ""contribution"": 0.0316, ""direction"": ""increases_risk""}]"
ST1850,23,74.6,58.6,63.8,61.9,51.5,4.3,2,7,5,1,0,0.4742,Medium,"[{""feature"": ""attendance"", ""label"": ""Attendance"", ""value"": 74.6, ""contribution"": -0.1399, ""direction"": ""decreases_risk""}, {""feature"": ""avg_grade"", ""label"": ""Average Grade"", ""value"": 58.6, ""contribution"": 0.1022, ""direction"": ""increases_risk""}, {""feature"": ""assignment_completion"", ""label"": ""Assignment Completion"", ""value"": 63.8, ""contribution"": 0.0791, ""direction"": ""increases_risk""}, {""feature"": ""absences"", ""label"": ""Absences"", ""value"": 7.0, ""contribution"": -0.07, ""direction"": ""decreases_risk""}, {""feature"": ""participation_score"", ""label"": ""Participation"", ""value"": 51.5, ""contribution"": 0.0322, ""direction"": ""increases_risk""}]"
ST1851,22,58.9,60.5,74.6,51.1,57.0,8.5,0,19,4,0,1,0.8423,High,"[{""feature"": ""attendance"", ""label"": ""Attendance"", ""value"": 58.9, ""contribution"": 0.1339, ""direction"": ""increases_risk""}, {""feature"": ""engagement_score"", ""label"": ""Engagement"", ""value"": 51.1, ""contribution"": 0.1165, ""direction"": ""increases_risk""}, {""feature"": ""avg_grade"", ""label"": ""Average Grade"", ""value"": 60.5, ""contribution"": 0.0691, ""direction"": ""increases_risk""}, {""feature"": ""previous_failures"", ""label"": ""Previous Failures"", ""value"": 0.0, ""contribution"": -0.0581, ""direction"": ""decreases_risk""}, {""feature"": ""absences"", ""label"": ""Absences"", ""value"": 19.0, ""contribution"": 0.0488, ""direction"": ""increases_risk""}]"
ST1852,23,64.2,49.0,47.2,53.8,69.1,12.8,2,17,4,1,1,0.8952,High,"[{""feature"": ""avg_grade"", ""label"": ""Average Grade"", ""value"": 49.0, ""contribution"": 0.1346, ""direction"": ""increases_risk""}, {""feature"": ""attendance"", ""label"": ""Attendance"", ""value"": 64.2, ""contribution"": 0.1111, ""direction"": ""increases_risk""}, {""feature"": ""assignment_completion"", ""label"": ""Assignment Completion"", ""value"": 47.2, ""contribution"": 0.0906, ""direction"": ""increases_risk""}, {""feature"": ""engagement_score"", ""label"": ""Engagement"", ""value"": 53.8, ""contribution"": 0.0812, ""direction"": ""increases_risk""}, {""feature"": ""participation_score"", ""label"": ""Participation"", ""value"": 69.1, ""contribution"": -0.0371, ""direction"": ""decreases_risk""}]"
ST1853,17,83.7,69.4,96.8,74.5,63.9,13.8,0,3,1,1,1,0.3683,Medium,"[{""feature"": ""attendance"", ""label"": ""Attendance"", ""value"": 83.7, ""contribution"": -0.069, ""direction"": ""decreases_risk""}, {""feature"": ""assignment_completion"", ""label"": ""Assignment Completion"", ""value"": 96.8, ""contribution"": -0.0299, ""direction"": ""decreases_risk""}, {""feature"": ""previous_failures"", ""label"": ""Previous Failures"", ""value"": 0.0, ""contribution"": -0.0259, ""direction"": ""decreases_risk""}, {""feature"": ""avg_grade"", ""label"": ""Average Grade"", ""value"": 69.4, ""contribution"": -0.0155, ""direction"": ""decreases_risk""}, {""feature"": ""family_support"", ""label"": ""Family Support"", ""value"": 1.0, ""contribution"": 0.0121, ""direction"": ""increases_risk""}]"
ST1854,18,85.8,100.0,100.0,97.2,95.9,20.7,1,7,3,0,0,0.0048,Low,"[{""feature"": ""attendance"", ""label"": ""Attendance"", ""value"": 85.8, ""contribution"": -0.1146, ""direction"": ""decreases_risk""}, {""feature"": ""avg_grade"", ""label"": ""Average Grade"", ""value"": 100.0, ""contribution"": -0.1146, ""direction"": ""decreases_risk""}, {""feature"": ""engagement_score"", ""label"": ""Engagement"", ""value"": 97.2, ""contribution"": -0.0982, ""direction"": ""decreases_risk""}, {""feature"": ""assignment_completion"", ""label"": ""Assignment Completion"", ""value"": 100.0, ""contribution"": -0.0748, ""direction"": ""decreases_risk""}, {""feature"": ""participation_score"", ""label"": ""Participation"", ""value"": 95.9, ""contribution"": -0.0398, ""direction"": ""decreases_risk""}]"
ST1855,22,93.1,86.7,100.0,85.2,96.0,13.7,0,5,2,0,0,0.0037,Low,"[{""feature"": ""attendance"", ""label"": ""Attendance"", ""value"": 93.1, ""contribution"": -0.1196, ""direction"": ""decreases_risk""}, {""feature"": ""avg_grade"", ""label"": ""Average Grade"", ""value"": 86.7, ""contribution"": -0.1064, ""direction"": ""decreases_risk""}, {""feature"": ""engagement_score"", ""label"": ""Engagement"", ""value"": 85.2, ""contribution"": -0.0961, ""direction"": ""decreases_risk""}, {""feature"": ""assignment_completion"", ""label"": ""Assignment Completion"", ""value"": 100.0, ""contribution"": -0.0699, ""direction"": ""decreases_risk""}, {""feature"": ""participation_score"", ""label"": ""Participation"", ""value"": 96.0, ""contribution"": -0.0413, ""direction"": ""decreases_risk""}]"
ST1856,17,100.0,95.3,100.0,100.0,99.2,22.5,0,8,5,0,0,0.0079,Low,"[{""feature"": ""avg_grade"", ""label"": ""Average Grade"", ""value"": 95.3, ""contribution"": -0.115, ""direction"": ""decreases_risk""}, {""feature"": ""attendance"", ""label"": ""Attendance"", ""value"": 100.0, ""contribution"": -0.1102, ""direction"": ""decreases_risk""}, {""feature"": ""engagement_score"", ""label"": ""Engagement"", ""value"": 100.0, ""contribution"": -0.0948, ""direction"": ""decreases_risk""}, {""feature"": ""assignment_completion"", ""label"": ""Assignment Completion"", ""value"": 100.0, ""contribution"": -0.0678, ""direction"": ""decreases_risk""}, {""feature"": ""participation_score"", ""label"": ""Participation"", ""value"": 99.2, ""contribution"": -0.0379, ""direction"": ""decreases_risk""}]"
ST1857,16,84.0,80.6,87.8,65.3,53.9,9.0,1,3,1,1,0,0.1066,Low,"[{""feature"": ""attendance"", ""label"": ""Attendance"", ""value"": 84.0, ""contribution"": -0.1462, ""direction"": ""decreases_risk""}, {""feature"": ""avg_grade"", ""label"": ""Average Grade"", ""value"": 80.6, ""contribution"": -0.14, ""direction"": ""decreases_risk""}, {""feature"": ""assignment_completion"", ""label"": ""Assignment Completion"", ""value"": 87.8, ""contribution"": -0.0851, ""direction"": ""decreases_risk""}, {""feature"": ""absences"", ""label"": ""Absences"", ""value"": 3.0, ""contribution"": -0.0613, ""direction"": ""decreases_risk""}, {""feature"": ""participation_score"", ""label"": ""Participation"", ""value"": 53.9, ""contribution"": 0.0483, ""direction"": ""increases_risk""}]"
ST1858,21,90.4,77.4,69.0,69.6,45.1,13.1,0,8,1,1,0,0.1509,Low,"[{""feature"": ""attendance"", ""label"": ""Attendance"", ""value"": 90.4, ""contribution"": -0.1541, ""direction"": ""decreases_risk""}, {""feature"": ""avg_grade"", ""label"": ""Average Grade"", ""value"": 77.4, ""contribution"": -0.1182, ""direction"": ""decreases_risk""}, {""feature"": ""engagement_score"", ""label"": ""Engagement"", ""value"": 69.6, ""contribution"": -0.0602, ""direction"": ""decreases_risk""}, {""feature"": ""participation_score"", ""label"": ""Participation"", ""value"": 45.1, ""contribution"": 0.057, ""direction"": ""increases_risk""}, {""feature"": ""absences"", ""label"": ""Absences"", ""value"": 8.0, ""contribution"": -0.0516, ""direction"": ""decreases_risk""}]"
ST1859,22,83.0,84.4,94.7,77.0,86.0,14.6,0,6,3,0,0,0.0047,Low,"[{""feature"": ""avg_grade"", ""label"": ""Average Grade"", ""value"": 84.4, ""contribution"": -0.1102, ""direction"": ""decreases_risk""}, {""feature"": ""attendance"", ""label"": ""Attendance"", ""value"": 83.0, ""contribution"": -0.1099, ""direction"": ""decreases_risk""}, {""feature"": ""engagement_score"", ""label"": ""Engagement"", ""value"": 77.0, ""contribution"": -0.0914, ""direction"": ""decreases_risk""}, {""feature"": ""assignment_completion"", ""label"": ""Assignment Completion"", ""value"": 94.7, ""contribution"": -0.0669, ""direction"": ""decreases_risk""}, {""feature"": ""participation_score"", ""label"": ""Participation"", ""value"": 86.0, ""contribution"": -0.046, ""direction"": ""decreases_risk""}]"
ST1860,23,100.0,100.0,100.0,100.0,100.0,27.3,0,0,5,0,0,0.0095,Low,"[{""feature"": ""attendance"", ""label"": ""Attendance"", ""value"": 100.0, ""contribution"": -0.1118, ""direction"": ""decreases_risk""}, {""feature"": ""avg_grade"", ""label"": ""Average Grade"", ""value"": 100.0, ""contribution"": -0.1104, ""direction"": ""decreases_risk""}, {""feature"": ""engagement_score"", ""label"": ""Engagement"", ""value"": 100.0, ""contribution"": -0.0924, ""direction"": ""decreases_risk""}, {""feature"": ""assignment_completion"", ""label"": ""Assignment Completion"", ""value"": 100.0, ""contribution"": -0.0718, ""direction"": ""decreases_risk""}, {""feature"": ""participation_score"", ""label"": ""Participation"", ""value"": 100.0, ""contribution"": -0.0309, ""direction"": ""decreases_risk""}]"
ST1861,23,100.0,92.7,86.6,82.9,77.3,18.4,0,0,5,0,0,0.0051,Low,"[{""feature"": ""attendance"", ""label"": ""Attendance"", ""value"": 100.0, ""contribution"": -0.1132, ""direction"": ""decreases_risk""}, {""feature"": ""avg_grade"", ""label"": ""Average Grade"", ""value"": 92.7, ""contribution"": -0.1126, ""direction"": ""decreases_risk""}, {""feature"": ""engagement_score"", ""label"": ""Engagement"", ""value"": 82.9, ""contribution"": -0.0946, ""direction"": ""decreases_risk""}, {""feature"": ""assignment_completion"", ""label"": ""Assignment Completion"", ""value"": 86.6, ""contribution"": -0.0709, ""direction"": ""decreases_risk""}, {""feature"": ""participation_score"", ""label"": ""Participation"", ""value"": 77.3, ""contribution"": -0.0405, ""direction"": ""decreases_risk""}]"
ST1862,16,52.6,48.9,46.9,43.3,65.2,4.7,3,17,3,0,1,0.9755,High,"[{""feature"": ""avg_grade"", ""label"": ""Average Grade"", ""value"": 48.9, ""contribution"": 0.1308, ""direction"": ""increases_risk""}, {""feature"": ""attendance"", ""label"": ""Attendance"", ""value"": 52.6, ""contribution"": 0.1189, ""direction"": ""increases_risk""}, {""feature"": ""engagement_score"", ""label"": ""Engagement"", ""value"": 43.3, ""contribution"": 0.1056, ""direction"": ""increases_risk""}, {""feature"": ""assignment_completion"", ""label"": ""Assignment Completion"", ""value"": 46.9, ""contribution"": 0.0828, ""direction"": ""increases_risk""}, {""feature"": ""participation_score"", ""label"": ""Participation"", ""value"": 65.2, ""contribution"": -0.0331, ""direction"": ""decreases_risk""}]"
ST1863,22,95.3,74.2,93.5,92.9,67.8,17.6,0,0,3,0,0,0.0742,Low,"[{""feature"": ""attendance"", ""label"": ""Attendance"", ""value"": 95.3, ""contribution"": -0.1176, ""direction"": ""decreases_risk""}, {""feature"": ""engagement_score"", ""label"": ""Engagement"", ""value"": 92.9, ""contribution"": -0.1115, ""direction"": ""decreases_risk""}, {""feature"": ""assignment_completion"", ""label"": ""Assignment Completion"", ""value"": 93.5, ""contribution"": -0.0635, ""direction"": ""decreases_risk""}, {""feature"": ""avg_grade"", ""label"": ""Average Grade"", ""value"": 74.2, ""contribution"": -0.0558, ""direction"": ""decreases_risk""}, {""feature"": ""previous_failures"", ""label"": ""Previous Failures"", ""value"": 0.0, ""contribution"": -0.0273, ""direction"": ""decreases_risk""}]"
ST1864,22,70.7,64.4,64.9,62.8,58.3,15.6,1,11,2,0,0,0.5212,Medium,"[{""feature"": ""assignment_completion"", ""label"": ""Assignment Completion"", ""value"": 64.9, ""contribution"": 0.0628, ""direction"": ""increases_risk""}, {""feature"": ""study_hours"", ""label"": ""Study Hours"", ""value"": 15.6, ""contribution"": -0.0421, ""direction"": ""decreases_risk""}, {""feature"": ""attendance"", ""label"": ""Attendance"", ""value"": 70.7, ""contribution"": -0.0408, ""direction"": ""decreases_risk""}, {""feature"": ""participation_score"", ""label"": ""Participation"", ""value"": 58.3, ""contribution"": 0.0291, ""direction"": ""increases_risk""}, {""feature"": ""absences"", ""label"": ""Absences"", ""value"": 11.0, ""contribution"": 0.0201, ""direction"": ""increases_risk""}]"
ST1865,21,94.3,99.1,100.0,91.5,93.2,16.5,0,5,5,1,0,0.0004,Low,"[{""feature"": ""avg_grade"", ""label"": ""Average Grade"", ""value"": 99.1, ""contribution"": -0.1078, ""direction"": ""decreases_risk""}, {""feature"": ""attendance"", ""label"": ""Attendance"", ""value"": 94.3, ""contribution"": -0.1062, ""direction"": ""decreases_risk""}, {""feature"": ""engagement_score"", ""label"": ""Engagement"", ""value"": 91.5, ""contribution"": -0.0949, ""direction"": ""decreases_risk""}, {""feature"": ""assignment_completion"", ""label"": ""Assignment Completion"", ""value"": 100.0, ""contribution"": -0.0695, ""direction"": ""decreases_risk""}, {""feature"": ""participation_score"", ""label"": ""Participation"", ""value"": 93.2, ""contribution"": -0.0412, ""direction"": ""decreases_risk""}]"
ST1866,22,43.5,58.6,33.4,56.5,35.6,0.0,4,20,1,1,1,0.9694,High,"[{""feature"": ""attendance"", ""label"": ""Attendance"", ""value"": 43.5, ""contribution"": 0.1208, ""direction"": ""increases_risk""}, {""feature"": ""avg_grade"", ""label"": ""Average Grade"", ""value"": 58.6, ""contribution"": 0.088, ""direction"": ""increases_risk""}, {""feature"": ""assignment_completion"", ""label"": ""Assignment Completion"", ""value"": 33.4, ""contribution"": 0.0752, ""direction"": ""increases_risk""}, {""feature"": ""engagement_score"", ""label"": ""Engagement"", ""value"": 56.5, ""contribution"": 0.0557, ""direction"": ""increases_risk""}, {""feature"": ""participation_score"", ""label"": ""Participation"", ""value"": 35.6, ""contribution"": 0.0492, ""direction"": ""increases_risk""}]"
ST1867,22,93.6,77.3,64.0,88.5,68.8,14.1,0,1,1,0,0,0.1894,Low,"[{""feature"": ""attendance"", ""label"": ""Attendance"", ""value"": 93.6, ""contribution"": -0.1329, ""direction"": ""decreases_risk""}, {""feature"": ""assignment_completion"", ""label"": ""Assignment Completion"", ""value"": 64.0, ""contribution"": 0.1166, ""direction"": ""increases_risk""}, {""feature"": ""avg_grade"", ""label"": ""Average Grade"", ""value"": 77.3, ""contribution"": -0.1038, ""direction"": ""decreases_risk""}, {""feature"": ""engagement_score"", ""label"": ""Engagement"", ""value"": 88.5, ""contribution"": -0.0983, ""direction"": ""decreases_risk""}, {""feature"": ""previous_failures"", ""label"": ""Previous Failures"", ""value"": 0.0, ""contribution"": -0.0545, ""direction"": ""decreases_risk""}]"
ST1868,19,71.4,47.7,88.0,75.2,75.9,9.7,2,10,3,1,0,0.2839,Low,"[{""feature"": ""avg_grade"", ""label"": ""Average Grade"", ""value"": 47.7, ""contribution"": 0.1761, ""direction"": ""increases_risk""}, {""feature"": ""engagement_score"", ""label"": ""Engagement"", ""value"": 75.2, ""contribution"": -0.13, ""direction"": ""decreases_risk""}, {""feature"": ""assignment_completion"", ""label"": ""Assignment Completion"", ""value"": 88.0, ""contribution"": -0.1154, ""direction"": ""decreases_risk""}, {""feature"": ""participation_score"", ""label"": ""Participation"", ""value"": 75.9, ""contribution"": -0.0795, ""direction"": ""decreases_risk""}, {""feature"": ""attendance"", ""label"": ""Attendance"", ""value"": 71.4, ""contribution"": -0.0591, ""direction"": ""decreases_risk""}]"
ST1869,16,50.9,30.0,48.7,17.7,37.8,1.1,6,17,2,1,1,0.9996,High,"[{""feature"": ""attendance"", ""label"": ""Attendance"", ""value"": 50.9, ""contribution"": 0.113, ""direction"": ""increases_risk""}, {""feature"": ""avg_grade"", ""label"": ""Average Grade"", ""value"": 30.0, ""contribution"": 0.1123, ""direction"": ""increases_risk""}, {""feature"": ""engagement_score"", ""label"": ""Engagement"", ""value"": 17.7, ""contribution"": 0.0932, ""direction"": ""increases_risk""}, {""feature"": ""assignment_completion"", ""label"": ""Assignment Completion"", ""value"": 48.7, ""contribution"": 0.0748, ""direction"": ""increases_risk""}, {""feature"": ""participation_score"", ""label"": ""Participation"", ""value"": 37.8, ""contribution"": 0.0426, ""direction"": ""increases_risk""}]"
ST1870,19,46.1,64.9,40.4,38.6,60.5,6.8,3,20,3,1,1,0.8902,High,"[{""feature"": ""attendance"", ""label"": ""Attendance"", ""value"": 46.1, ""contribution"": 0.1471, ""direction"": ""increases_risk""}, {""feature"": ""engagement_score"", ""label"": ""Engagement"", ""value"": 38.6, ""contribution"": 0.1172, ""direction"": ""increases_risk""}, {""feature"": ""assignment_completion"", ""label"": ""Assignment Completion"", ""value"": 40.4, ""contribution"": 0.0937, ""direction"": ""increases_risk""}, {""feature"": ""absences"", ""label"": ""Absences"", ""value"": 20.0, ""contribution"": 0.0383, ""direction"": ""increases_risk""}, {""feature"": ""participation_score"", ""label"": ""Participation"", ""value"": 60.5, ""contribution"": -0.026, ""direction"": ""decreases_risk""}]"
ST1871,17,86.1,85.1,86.2,94.7,84.8,12.0,0,8,5,1,0,0.0064,Low,"[{""feature"": ""attendance"", ""label"": ""Attendance"", ""value"": 86.1, ""contribution"": -0.1071, ""direction"": ""decreases_risk""}, {""feature"": ""avg_grade"", ""label"": ""Average Grade"", ""value"": 85.1, ""contribution"": -0.1046, ""direction"": ""decreases_risk""}, {""feature"": ""engagement_score"", ""label"": ""Engagement"", ""value"": 94.7, ""contribution"": -0.0952, ""direction"": ""decreases_risk""}, {""feature"": ""assignment_completion"", ""label"": ""Assignment Completion"", ""value"": 86.2, ""contribution"": -0.0711, ""direction"": ""decreases_risk""}, {""feature"": ""participation_score"", ""label"": ""Participation"", ""value"": 84.8, ""contribution"": -0.0451, ""direction"": ""decreases_risk""}]"
ST1872,16,100.0,78.3,100.0,83.1,76.4,13.9,0,1,2,1,0,0.0161,Low,"[{""feature"": ""attendance"", ""label"": ""Attendance"", ""value"": 100.0, ""contribution"": -0.1153, ""direction"": ""decreases_risk""}, {""feature"": ""engagement_score"", ""label"": ""Engagement"", ""value"": 83.1, ""contribution"": -0.0989, ""direction"": ""decreases_risk""}, {""feature"": ""avg_grade"", ""label"": ""Average Grade"", ""value"": 78.3, ""contribution"": -0.0851, ""direction"": ""decreases_risk""}, {""feature"": ""assignment_completion"", ""label"": ""Assignment Completion"", ""value"": 100.0, ""contribution"": -0.0705, ""direction"": ""decreases_risk""}, {""feature"": ""participation_score"", ""label"": ""Participation"", ""value"": 76.4, ""contribution"": -0.0441, ""direction"": ""decreases_risk""}]"
ST1873,16,74.3,81.4,88.3,73.8,46.9,13.2,1,5,5,0,0,0.1791,Low,"[{""feature"": ""avg_grade"", ""label"": ""Average Grade"", ""value"": 81.4, ""contribution"": -0.1264, ""direction"": ""decreases_risk""}, {""feature"": ""participation_score"", ""label"": ""Participation"", ""value"": 46.9, ""contribution"": 0.0868, ""direction"": ""increases_risk""}, {""feature"": ""assignment_completion"", ""label"": ""Assignment Completion"", ""value"": 88.3, ""contribution"": -0.0864, ""direction"": ""decreases_risk""}, {""feature"": ""attendance"", ""label"": ""Attendance"", ""value"": 74.3, ""contribution"": -0.0703, ""direction"": ""decreases_risk""}, {""feature"": ""engagement_score"", ""label"": ""Engagement"", ""value"": 73.8, ""contribution"": -0.0532, ""direction"": ""decreases_risk""}]"
ST1874,21,51.7,54.0,68.6,66.7,48.7,14.1,1,15,2,1,0,0.7546,High,"[{""feature"": ""attendance"", ""label"": ""Attendance"", ""value"": 51.7, ""contribution"": 0.119, ""direction"": ""increases_risk""}, {""feature"": ""avg_grade"", ""label"": ""Average Grade"", ""value"": 54.0, ""contribution"": 0.086, ""direction"": ""increases_risk""}, {""feature"": ""participation_score"", ""label"": ""Participation"", ""value"": 48.7, ""contribution"": 0.0659, ""direction"": ""increases_risk""}, {""feature"": ""absences"", ""label"": ""Absences"", ""value"": 15.0, ""contribution"": 0.0477, ""direction"": ""increases_risk""}, {""feature"": ""previous_failures"", ""label"": ""Previous Failures"", ""value"": 1.0, ""contribution"": -0.0359, ""direction"": ""decreases_risk""}]"
ST1875,20,91.5,64.9,95.2,81.1,77.9,12.6,0,3,2,0,0,0.0601,Low,"[{""feature"": ""attendance"", ""label"": ""Attendance"", ""value"": 91.5, ""contribution"": -0.1423, ""direction"": ""decreases_risk""}, {""feature"": ""engagement_score"", ""label"": ""Engagement"", ""value"": 81.1, ""contribution"": -0.1051, ""direction"": ""decreases_risk""}, {""feature"": ""assignment_completion"", ""label"": ""Assignment Completion"", ""value"": 95.2, ""contribution"": -0.0758, ""direction"": ""decreases_risk""}, {""feature"": ""participation_score"", ""label"": ""Participation"", ""value"": 77.9, ""contribution"": -0.0557, ""direction"": ""decreases_risk""}, {""feature"": ""absences"", ""label"": ""Absences"", ""value"": 3.0, ""contribution"": -0.0333, ""direction"": ""decreases_risk""}]"
ST1876,20,77.7,75.5,78.6,71.4,56.5,10.1,1,11,1,1,1,0.4422,Medium,"[{""feature"": ""participation_score"", ""label"": ""Participation"", ""value"": 56.5, ""contribution"": 0.1092, ""direction"": ""increases_risk""}, {""feature"": ""attendance"", ""label"": ""Attendance"", ""value"": 77.7, ""contribution"": -0.0757, ""direction"": ""decreases_risk""}, {""feature"": ""avg_grade"", ""label"": ""Average Grade"", ""value"": 75.5, ""contribution"": -0.0651, ""direction"": ""decreases_risk""}, {""feature"": ""absences"", ""label"": ""Absences"", ""value"": 11.0, ""contribution"": 0.0516, ""direction"": ""increases_risk""}, {""feature"": ""engagement_score"", ""label"": ""Engagement"", ""value"": 71.4, ""contribution"": -0.0499, ""direction"": ""decreases_risk""}]"
ST1877,21,51.4,45.3,53.0,44.6,43.9,1.8,4,21,4,0,1,0.9989,High,"[{""feature"": ""avg_grade"", ""label"": ""Average Grade"", ""value"": 45.3, ""contribution"": 0.113, ""direction"": ""increases_risk""}, {""feature"": ""attendance"", ""label"": ""Attendance"", ""value"": 51.4, ""contribution"": 0.1121, ""direction"": ""increases_risk""}, {""feature"": ""engagement_score"", ""label"": ""Engagement"", ""value"": 44.6, ""contribution"": 0.095, ""direction"": ""increases_risk""}, {""feature"": ""assignment_completion"", ""label"": ""Assignment Completion"", ""value"": 53.0, ""contribution"": 0.0746, ""direction"": ""increases_risk""}, {""feature"": ""participation_score"", ""label"": ""Participation"", ""value"": 43.9, ""contribution"": 0.0423, ""direction"": ""increases_risk""}]"
ST1878,20,74.8,58.4,80.9,79.8,73.3,12.9,0,14,5,0,1,0.3136,Medium,"[{""feature"": ""avg_grade"", ""label"": ""Average Grade"", ""value"": 58.4, ""contribution"": 0.1737, ""direction"": ""increases_risk""}, {""feature"": ""engagement_score"", ""label"": ""Engagement"", ""value"": 79.8, ""contribution"": -0.1234, ""direction"": ""decreases_risk""}, {""feature"": ""attendance"", ""label"": ""Attendance"", ""value"": 74.8, ""contribution"": -0.1049, ""direction"": ""decreases_risk""}, {""feature"": ""participation_score"", ""label"": ""Participation"", ""value"": 73.3, ""contribution"": -0.0653, ""direction"": ""decreases_risk""}, {""feature"": ""assignment_completion"", ""label"": ""Assignment Completion"", ""value"": 80.9, ""contribution"": -0.0631, ""direction"": ""decreases_risk""}]"
ST1879,21,39.0,20.2,35.0,14.1,52.0,0.0,2,22,5,0,1,0.9988,High,"[{""feature"": ""avg_grade"", ""label"": ""Average Grade"", ""value"": 20.2, ""contribution"": 0.1172, ""direction"": ""increases_risk""}, {""feature"": ""attendance"", ""label"": ""Attendance"", ""value"": 39.0, ""contribution"": 0.116, ""direction"": ""increases_risk""}, {""feature"": ""engagement_score"", ""label"": ""Engagement"", ""value"": 14.1, ""contribution"": 0.1008, ""direction"": ""increases_risk""}, {""feature"": ""assignment_completion"", ""label"": ""Assignment Completion"", ""value"": 35.0, ""contribution"": 0.0754, ""direction"": ""increases_risk""}, {""feature"": ""participation_score"", ""label"": ""Participation"", ""value"": 52.0, ""contribution"": 0.0417, ""direction"": ""increases_risk""}]"
ST1880,16,67.8,69.1,72.7,68.3,60.4,6.9,2,14,1,0,1,0.5569,Medium,"[{""feature"": ""attendance"", ""label"": ""Attendance"", ""value"": 67.8, ""contribution"": 0.1363, ""direction"": ""increases_risk""}, {""feature"": ""engagement_score"", ""label"": ""Engagement"", ""value"": 68.3, ""contribution"": -0.1094, ""direction"": ""decreases_risk""}, {""feature"": ""avg_grade"", ""label"": ""Average Grade"", ""value"": 69.1, ""contribution"": -0.0957, ""direction"": ""decreases_risk""}, {""feature"": ""absences"", ""label"": ""Absences"", ""value"": 14.0, ""contribution"": 0.0428, ""direction"": ""increases_risk""}, {""feature"": ""family_support"", ""label"": ""Family Support"", ""value"": 1.0, ""contribution"": 0.0255, ""direction"": ""increases_risk""}]"
ST1881,22,44.2,35.1,47.2,24.8,35.9,5.9,3,15,4,0,1,0.9997,High,"[{""feature"": ""avg_grade"", ""label"": ""Average Grade"", ""value"": 35.1, ""contribution"": 0.1143, ""direction"": ""increases_risk""}, {""feature"": ""attendance"", ""label"": ""Attendance"", ""value"": 44.2, ""contribution"": 0.1128, ""direction"": ""increases_risk""}, {""feature"": ""engagement_score"", ""label"": ""Engagement"", ""value"": 24.8, ""contribution"": 0.0953, ""direction"": ""increases_risk""}, {""feature"": ""assignment_completion"", ""label"": ""Assignment Completion"", ""value"": 47.2, ""contribution"": 0.0757, ""direction"": ""increases_risk""}, {""feature"": ""participation_score"", ""label"": ""Participation"", ""value"": 35.9, ""contribution"": 0.0426, ""direction"": ""increases_risk""}]"
ST1882,19,75.6,69.1,74.5,53.8,62.4,12.4,2,10,1,1,0,0.2214,Low,"[{""feature"": ""attendance"", ""label"": ""Attendance"", ""value"": 75.6, ""contribution"": -0.1751, ""direction"": ""decreases_risk""}, {""feature"": ""avg_grade"", ""label"": ""Average Grade"", ""value"": 69.1, ""contribution"": -0.1245, ""direction"": ""decreases_risk""}, {""feature"": ""engagement_score"", ""label"": ""Engagement"", ""value"": 53.8, ""contribution"": 0.1019, ""direction"": ""increases_risk""}, {""feature"": ""participation_score"", ""label"": ""Participation"", ""value"": 62.4, ""contribution"": -0.0342, ""direction"": ""decreases_risk""}, {""feature"": ""assignment_completion"", ""label"": ""Assignment Completion"", ""value"": 74.5, ""contribution"": -0.034, ""direction"": ""decreases_risk""}]"
ST1883,17,51.6,42.9,49.8,45.1,58.4,6.6,3,14,4,1,1,0.9933,High,"[{""feature"": ""avg_grade"", ""label"": ""Average Grade"", ""value"": 42.9, ""contribution"": 0.1182, ""direction"": ""increases_risk""}, {""feature"": ""attendance"", ""label"": ""Attendance"", ""value"": 51.6, ""contribution"": 0.114, ""direction"": ""increases_risk""}, {""feature"": ""engagement_score"", ""label"": ""Engagement"", ""value"": 45.1, ""contribution"": 0.1049, ""direction"": ""increases_risk""}, {""feature"": ""assignment_completion"", ""label"": ""Assignment Completion"", ""value"": 49.8, ""contribution"": 0.0786, ""direction"": ""increases_risk""}, {""feature"": ""absences"", ""label"": ""Absences"", ""value"": 14.0, ""contribution"": 0.0308, ""direction"": ""increases_risk""}]"
ST1884,22,84.7,90.3,100.0,88.9,76.4,16.1,0,5,4,0,0,0.0001,Low,"[{""feature"": ""attendance"", ""label"": ""Attendance"", ""value"": 84.7, ""contribution"": -0.1097, ""direction"": ""decreases_risk""}, {""feature"": ""avg_grade"", ""label"": ""Average Grade"", ""value"": 90.3, ""contribution"": -0.1077, ""direction"": ""decreases_risk""}, {""feature"": ""engagement_score"", ""label"": ""Engagement"", ""value"": 88.9, ""contribution"": -0.0943, ""direction"": ""decreases_risk""}, {""feature"": ""assignment_completion"", ""label"": ""Assignment Completion"", ""value"": 100.0, ""contribution"": -0.0701, ""direction"": ""decreases_risk""}, {""feature"": ""participation_score"", ""label"": ""Participation"", ""value"": 76.4, ""contribution"": -0.0423, ""direction"": ""decreases_risk""}]"
ST1885,21,90.2,78.0,85.5,81.9,91.5,16.4,0,13,1,0,0,0.0429,Low,"[{""feature"": ""attendance"", ""label"": ""Attendance"", ""value"": 90.2, ""contribution"": -0.1281, ""direction"": ""decreases_risk""}, {""feature"": ""engagement_score"", ""label"": ""Engagement"", ""value"": 81.9, ""contribution"": -0.1145, ""direction"": ""decreases_risk""}, {""feature"": ""avg_grade"", ""label"": ""Average Grade"", ""value"": 78.0, ""contribution"": -0.0993, ""direction"": ""decreases_risk""}, {""feature"": ""assignment_completion"", ""label"": ""Assignment Completion"", ""value"": 85.5, ""contribution"": -0.0712, ""direction"": ""decreases_risk""}, {""feature"": ""participation_score"", ""label"": ""Participation"", ""value"": 91.5, ""contribution"": -0.0532, ""direction"": ""decreases_risk""}]"
ST1886,16,56.9,74.6,66.7,56.0,52.8,11.7,2,16,1,0,0,0.6999,High,"[{""feature"": ""attendance"", ""label"": ""Attendance"", ""value"": 56.9, ""contribution"": 0.1535, ""direction"": ""increases_risk""}, {""feature"": ""avg_grade"", ""label"": ""Average Grade"", ""value"": 74.6, ""contribution"": -0.1381, ""direction"": ""decreases_risk""}, {""feature"": ""engagement_score"", ""label"": ""Engagement"", ""value"": 56.0, ""contribution"": 0.0645, ""direction"": ""increases_risk""}, {""feature"": ""absences"", ""label"": ""Absences"", ""value"": 16.0, ""contribution"": 0.0429, ""direction"": ""increases_risk""}, {""feature"": ""assignment_completion"", ""label"": ""Assignment Completion"", ""value"": 66.7, ""contribution"": 0.0391, ""direction"": ""increases_risk""}]"
ST1887,17,56.4,39.2,57.9,50.4,55.5,9.4,3,13,1,0,1,0.9668,High,"[{""feature"": ""avg_grade"", ""label"": ""Average Grade"", ""value"": 39.2, ""contribution"": 0.1143, ""direction"": ""increases_risk""}, {""feature"": ""attendance"", ""label"": ""Attendance"", ""value"": 56.4, ""contribution"": 0.1045, ""direction"": ""increases_risk""}, {""feature"": ""engagement_score"", ""label"": ""Engagement"", ""value"": 50.4, ""contribution"": 0.097, ""direction"": ""increases_risk""}, {""feature"": ""assignment_completion"", ""label"": ""Assignment Completion"", ""value"": 57.9, ""contribution"": 0.0726, ""direction"": ""increases_risk""}, {""feature"": ""absences"", ""label"": ""Absences"", ""value"": 13.0, ""contribution"": 0.0294, ""direction"": ""increases_risk""}]"
ST1888,16,78.3,62.7,83.0,56.9,72.3,4.0,1,9,4,1,0,0.2257,Low,"[{""feature"": ""attendance"", ""label"": ""Attendance"", ""value"": 78.3, ""contribution"": -0.1519, ""direction"": ""decreases_risk""}, {""feature"": ""assignment_completion"", ""label"": ""Assignment Completion"", ""value"": 83.0, ""contribution"": -0.0959, ""direction"": ""decreases_risk""}, {""feature"": ""engagement_score"", ""label"": ""Engagement"", ""value"": 56.9, ""contribution"": 0.0685, ""direction"": ""increases_risk""}, {""feature"": ""participation_score"", ""label"": ""Participation"", ""value"": 72.3, ""contribution"": -0.0586, ""direction"": ""decreases_risk""}, {""feature"": ""absences"", ""label"": ""Absences"", ""value"": 9.0, ""contribution"": -0.0466, ""direction"": ""decreases_risk""}]"
ST1889,18,97.6,98.9,82.0,98.8,81.6,17.1,0,0,4,1,0,0.0068,Low,"[{""feature"": ""attendance"", ""label"": ""Attendance"", ""value"": 97.6, ""contribution"": -0.1127, ""direction"": ""decreases_risk""}, {""feature"": ""avg_grade"", ""label"": ""Average Grade"", ""value"": 98.9, ""contribution"": -0.1073, ""direction"": ""decreases_risk""}, {""feature"": ""engagement_score"", ""label"": ""Engagement"", ""value"": 98.8, ""contribution"": -0.0939, ""direction"": ""decreases_risk""}, {""feature"": ""assignment_completion"", ""label"": ""Assignment Completion"", ""value"": 82.0, ""contribution"": -0.0614, ""direction"": ""decreases_risk""}, {""feature"": ""participation_score"", ""label"": ""Participation"", ""value"": 81.6, ""contribution"": -0.0412, ""direction"": ""decreases_risk""}]"
ST1890,16,100.0,100.0,100.0,100.0,96.3,19.7,1,0,1,0,0,0.0118,Low,"[{""feature"": ""attendance"", ""label"": ""Attendance"", ""value"": 100.0, ""contribution"": -0.1198, ""direction"": ""decreases_risk""}, {""feature"": ""avg_grade"", ""label"": ""Average Grade"", ""value"": 100.0, ""contribution"": -0.111, ""direction"": ""decreases_risk""}, {""feature"": ""engagement_score"", ""label"": ""Engagement"", ""value"": 100.0, ""contribution"": -0.0943, ""direction"": ""decreases_risk""}, {""feature"": ""assignment_completion"", ""label"": ""Assignment Completion"", ""value"": 100.0, ""contribution"": -0.0815, ""direction"": ""decreases_risk""}, {""feature"": ""participation_score"", ""label"": ""Participation"", ""value"": 96.3, ""contribution"": -0.0409, ""direction"": ""decreases_risk""}]"
ST1891,21,100.0,100.0,99.0,96.3,89.6,17.2,0,6,3,0,0,0.0035,Low,"[{""feature"": ""attendance"", ""label"": ""Attendance"", ""value"": 100.0, ""contribution"": -0.1151, ""direction"": ""decreases_risk""}, {""feature"": ""avg_grade"", ""label"": ""Average Grade"", ""value"": 100.0, ""contribution"": -0.1076, ""direction"": ""decreases_risk""}, {""feature"": ""engagement_score"", ""label"": ""Engagement"", ""value"": 96.3, ""contribution"": -0.0955, ""direction"": ""decreases_risk""}, {""feature"": ""assignment_completion"", ""label"": ""Assignment Completion"", ""value"": 99.0, ""contribution"": -0.068, ""direction"": ""decreases_risk""}, {""feature"": ""participation_score"", ""label"": ""Participation"", ""value"": 89.6, ""contribution"": -0.0399, ""direction"": ""decreases_risk""}]"
ST1892,20,100.0,100.0,100.0,100.0,100.0,20.1,0,3,4,1,0,0.0144,Low,"[{""feature"": ""attendance"", ""label"": ""Attendance"", ""value"": 100.0, ""contribution"": -0.1057, ""direction"": ""decreases_risk""}, {""feature"": ""avg_grade"", ""label"": ""Average Grade"", ""value"": 100.0, ""contribution"": -0.1053, ""direction"": ""decreases_risk""}, {""feature"": ""engagement_score"", ""label"": ""Engagement"", ""value"": 100.0, ""contribution"": -0.0928, ""direction"": ""decreases_risk""}, {""feature"": ""assignment_completion"", ""label"": ""Assignment Completion"", ""value"": 100.0, ""contribution"": -0.0709, ""direction"": ""decreases_risk""}, {""feature"": ""participation_score"", ""label"": ""Participation"", ""value"": 100.0, ""contribution"": -0.0291, ""direction"": ""decreases_risk""}]"
ST1893,23,82.2,71.0,74.4,71.8,68.6,13.8,0,7,2,1,0,0.0894,Low,"[{""feature"": ""attendance"", ""label"": ""Attendance"", ""value"": 82.2, ""contribution"": -0.126, ""direction"": ""decreases_risk""}, {""feature"": ""avg_grade"", ""label"": ""Average Grade"", ""value"": 71.0, ""contribution"": -0.0857, ""direction"": ""decreases_risk""}, {""feature"": ""engagement_score"", ""label"": ""Engagement"", ""value"": 71.8, ""contribution"": -0.0644, ""direction"": ""decreases_risk""}, {""feature"": ""absences"", ""label"": ""Absences"", ""value"": 7.0, ""contribution"": -0.0448, ""direction"": ""decreases_risk""}, {""feature"": ""previous_failures"", ""label"": ""Previous Failures"", ""value"": 0.0, ""contribution"": -0.038, ""direction"": ""decreases_risk""}]"
ST1894,21,70.7,44.7,61.2,27.9,56.4,7.2,3,9,4,0,1,0.9247,High,"[{""feature"": ""avg_grade"", ""label"": ""Average Grade"", ""value"": 44.7, ""contribution"": 0.1647, ""direction"": ""increases_risk""}, {""feature"": ""engagement_score"", ""label"": ""Engagement"", ""value"": 27.9, ""contribution"": 0.1273, ""direction"": ""increases_risk""}, {""feature"": ""assignment_completion"", ""label"": ""Assignment Completion"", ""value"": 61.2, ""contribution"": 0.0887, ""direction"": ""increases_risk""}, {""feature"": ""absences"", ""label"": ""Absences"", ""value"": 9.0, ""contribution"": -0.0327, ""direction"": ""decreases_risk""}, {""feature"": ""previous_failures"", ""label"": ""Previous Failures"", ""value"": 3.0, ""contribution"": 0.032, ""direction"": ""increases_risk""}]"
ST1895,20,74.1,67.7,98.6,75.2,61.2,16.6,2,8,2,1,0,0.2165,Low,"[{""feature"": ""attendance"", ""label"": ""Attendance"", ""value"": 74.1, ""contribution"": -0.0813, ""direction"": ""decreases_risk""}, {""feature"": ""assignment_completion"", ""label"": ""Assignment Completion"", ""value"": 98.6, ""contribution"": -0.0579, ""direction"": ""decreases_risk""}, {""feature"": ""engagement_score"", ""label"": ""Engagement"", ""value"": 75.2, ""contribution"": -0.0565, ""direction"": ""decreases_risk""}, {""feature"": ""avg_grade"", ""label"": ""Average Grade"", ""value"": 67.7, ""contribution"": -0.0437, ""direction"": ""decreases_risk""}, {""feature"": ""absences"", ""label"": ""Absences"", ""value"": 8.0, ""contribution"": -0.0386, ""direction"": ""decreases_risk""}]"
ST1896,20,100.0,100.0,100.0,100.0,92.7,25.6,0,5,2,0,0,0.0042,Low,"[{""feature"": ""attendance"", ""label"": ""Attendance"", ""value"": 100.0, ""contribution"": -0.1162, ""direction"": ""decreases_risk""}, {""feature"": ""avg_grade"", ""label"": ""Average Grade"", ""value"": 100.0, ""contribution"": -0.11, ""direction"": ""decreases_risk""}, {""feature"": ""engagement_score"", ""label"": ""Engagement"", ""value"": 100.0, ""contribution"": -0.0936, ""direction"": ""decreases_risk""}, {""feature"": ""assignment_completion"", ""label"": ""Assignment Completion"", ""value"": 100.0, ""contribution"": -0.0694, ""direction"": ""decreases_risk""}, {""feature"": ""participation_score"", ""label"": ""Participation"", ""value"": 92.7, ""contribution"": -0.0408, ""direction"": ""decreases_risk""}]"
ST1897,16,79.3,65.0,95.5,71.3,84.1,12.5,2,8,2,0,0,0.0776,Low,"[{""feature"": ""attendance"", ""label"": ""Attendance"", ""value"": 79.3, ""contribution"": -0.1333, ""direction"": ""decreases_risk""}, {""feature"": ""assignment_completion"", ""label"": ""Assignment Completion"", ""value"": 95.5, ""contribution"": -0.0814, ""direction"": ""decreases_risk""}, {""feature"": ""engagement_score"", ""label"": ""Engagement"", ""value"": 71.3, ""contribution"": -0.075, ""direction"": ""decreases_risk""}, {""feature"": ""participation_score"", ""label"": ""Participation"", ""value"": 84.1, ""contribution"": -0.0715, ""direction"": ""decreases_risk""}, {""feature"": ""absences"", ""label"": ""Absences"", ""value"": 8.0, ""contribution"": -0.0437, ""direction"": ""decreases_risk""}]"
ST1898,16,84.2,78.8,84.1,72.3,77.3,12.1,0,0,2,1,0,0.0428,Low,"[{""feature"": ""attendance"", ""label"": ""Attendance"", ""value"": 84.2, ""contribution"": -0.1104, ""direction"": ""decreases_risk""}, {""feature"": ""avg_grade"", ""label"": ""Average Grade"", ""value"": 78.8, ""contribution"": -0.0935, ""direction"": ""decreases_risk""}, {""feature"": ""assignment_completion"", ""label"": ""Assignment Completion"", ""value"": 84.1, ""contribution"": -0.071, ""direction"": ""decreases_risk""}, {""feature"": ""engagement_score"", ""label"": ""Engagement"", ""value"": 72.3, ""contribution"": -0.0655, ""direction"": ""decreases_risk""}, {""feature"": ""participation_score"", ""label"": ""Participation"", ""value"": 77.3, ""contribution"": -0.0513, ""direction"": ""decreases_risk""}]"
ST1899,20,54.4,25.9,48.0,37.2,27.4,0.0,3,23,3,1,1,0.9945,High,"[{""feature"": ""avg_grade"", ""label"": ""Average Grade"", ""value"": 25.9, ""contribution"": 0.1133, ""direction"": ""increases_risk""}, {""feature"": ""attendance"", ""label"": ""Attendance"", ""value"": 54.4, ""contribution"": 0.1095, ""direction"": ""increases_risk""}, {""feature"": ""engagement_score"", ""label"": ""Engagement"", ""value"": 37.2, ""contribution"": 0.0947, ""direction"": ""increases_risk""}, {""feature"": ""assignment_completion"", ""label"": ""Assignment Completion"", ""value"": 48.0, ""contribution"": 0.0757, ""direction"": ""increases_risk""}, {""feature"": ""participation_score"", ""label"": ""Participation"", ""value"": 27.4, ""contribution"": 0.0444, ""direction"": ""increases_risk""}]"
ST1900,16,100.0,100.0,100.0,100.0,90.4,17.6,0,1,2,0,0,0.0098,Low,"[{""feature"": ""attendance"", ""label"": ""Attendance"", ""value"": 100.0, ""contribution"": -0.1155, ""direction"": ""decreases_risk""}, {""feature"": ""avg_grade"", ""label"": ""Average Grade"", ""value"": 100.0, ""contribution"": -0.1069, ""direction"": ""decreases_risk""}, {""feature"": ""engagement_score"", ""label"": ""Engagement"", ""value"": 100.0, ""contribution"": -0.0926, ""direction"": ""decreases_risk""}, {""feature"": ""assignment_completion"", ""label"": ""Assignment Completion"", ""value"": 100.0, ""contribution"": -0.0726, ""direction"": ""decreases_risk""}, {""feature"": ""participation_score"", ""label"": ""Participation"", ""value"": 90.4, ""contribution"": -0.0398, ""direction"": ""decreases_risk""}]"
ST1901,16,69.1,66.5,92.6,85.8,47.4,9.7,0,12,2,1,0,0.2664,Low,"[{""feature"": ""engagement_score"", ""label"": ""Engagement"", ""value"": 85.8, ""contribution"": -0.1876, ""direction"": ""decreases_risk""}, {""feature"": ""assignment_completion"", ""label"": ""Assignment Completion"", ""value"": 92.6, ""contribution"": -0.0948, ""direction"": ""decreases_risk""}, {""feature"": ""participation_score"", ""label"": ""Participation"", ""value"": 47.4, ""contribution"": 0.0822, ""direction"": ""increases_risk""}, {""feature"": ""attendance"", ""label"": ""Attendance"", ""value"": 69.1, ""contribution"": 0.0726, ""direction"": ""increases_risk""}, {""feature"": ""avg_grade"", ""label"": ""Average Grade"", ""value"": 66.5, ""contribution"": -0.0669, ""direction"": ""decreases_risk""}]"
ST1902,17,51.4,43.1,42.2,16.6,37.8,5.0,5,20,4,0,1,0.9995,High,"[{""feature"": ""avg_grade"", ""label"": ""Average Grade"", ""value"": 43.1, ""contribution"": 0.1133, ""direction"": ""increases_risk""}, {""feature"": ""attendance"", ""label"": ""Attendance"", ""value"": 51.4, ""contribution"": 0.112, ""direction"": ""increases_risk""}, {""feature"": ""engagement_score"", ""label"": ""Engagement"", ""value"": 16.6, ""contribution"": 0.0947, ""direction"": ""increases_risk""}, {""feature"": ""assignment_completion"", ""label"": ""Assignment Completion"", ""value"": 42.2, ""contribution"": 0.0749, ""direction"": ""increases_risk""}, {""feature"": ""participation_score"", ""label"": ""Participation"", ""value"": 37.8, ""contribution"": 0.0426, ""direction"": ""increases_risk""}]"
ST1903,23,81.0,61.3,64.0,66.9,72.3,10.4,4,8,2,1,1,0.6817,High,"[{""feature"": ""assignment_completion"", ""label"": ""Assignment Completion"", ""value"": 64.0, ""contribution"": 0.1298, ""direction"": ""increases_risk""}, {""feature"": ""avg_grade"", ""label"": ""Average Grade"", ""value"": 61.3, ""contribution"": 0.1237, ""direction"": ""increases_risk""}, {""feature"": ""attendance"", ""label"": ""Attendance"", ""value"": 81.0, ""contribution"": -0.1093, ""direction"": ""decreases_risk""}, {""feature"": ""previous_failures"", ""label"": ""Previous Failures"", ""value"": 4.0, ""contribution"": 0.074, ""direction"": ""increases_risk""}, {""feature"": ""absences"", ""label"": ""Absences"", ""value"": 8.0, ""contribution"": -0.037, ""direction"": ""decreases_risk""}]"
ST1904,19,65.9,72.4,62.7,86.2,58.7,11.6,2,14,4,0,0,0.3885,Medium,"[{""feature"": ""engagement_score"", ""label"": ""Engagement"", ""value"": 86.2, ""contribution"": -0.1964, ""direction"": ""decreases_risk""}, {""feature"": ""avg_grade"", ""label"": ""Average Grade"", ""value"": 72.4, ""contribution"": -0.145, ""direction"": ""decreases_risk""}, {""feature"": ""attendance"", ""label"": ""Attendance"", ""value"": 65.9, ""contribution"": 0.0993, ""direction"": ""increases_risk""}, {""feature"": ""assignment_completion"", ""label"": ""Assignment Completion"", ""value"": 62.7, ""contribution"": 0.0785, ""direction"": ""increases_risk""}, {""feature"": ""participation_score"", ""label"": ""Participation"", ""value"": 58.7, ""contribution"": 0.0304, ""direction"": ""increases_risk""}]"
ST1905,21,84.9,73.8,80.7,74.5,67.7,15.7,0,4,1,1,0,0.1601,Low,"[{""feature"": ""attendance"", ""label"": ""Attendance"", ""value"": 84.9, ""contribution"": -0.1021, ""direction"": ""decreases_risk""}, {""feature"": ""assignment_completion"", ""label"": ""Assignment Completion"", ""value"": 80.7, ""contribution"": -0.0591, ""direction"": ""decreases_risk""}, {""feature"": ""avg_grade"", ""label"": ""Average Grade"", ""value"": 73.8, ""contribution"": -0.0588, ""direction"": ""decreases_risk""}, {""feature"": ""engagement_score"", ""label"": ""Engagement"", ""value"": 74.5, ""contribution"": -0.0313, ""direction"": ""decreases_risk""}, {""feature"": ""previous_failures"", ""label"": ""Previous Failures"", ""value"": 0.0, ""contribution"": -0.0304, ""direction"": ""decreases_risk""}]"
ST1906,19,65.8,74.8,70.4,53.1,30.2,10.4,1,8,1,1,0,0.5455,Medium,"[{""feature"": ""avg_grade"", ""label"": ""Average Grade"", ""value"": 74.8, ""contribution"": -0.1491, ""direction"": ""decreases_risk""}, {""feature"": ""attendance"", ""label"": ""Attendance"", ""value"": 65.8, ""contribution"": 0.1214, ""direction"": ""increases_risk""}, {""feature"": ""engagement_score"", ""label"": ""Engagement"", ""value"": 53.1, ""contribution"": 0.091, ""direction"": ""increases_risk""}, {""feature"": ""absences"", ""label"": ""Absences"", ""value"": 8.0, ""contribution"": -0.0543, ""direction"": ""decreases_risk""}, {""feature"": ""participation_score"", ""label"": ""Participation"", ""value"": 30.2, ""contribution"": 0.0456, ""direction"": ""increases_risk""}]"
ST1907,17,50.6,49.4,70.0,57.3,52.8,15.3,3,18,5,1,1,0.9038,High,"[{""feature"": ""avg_grade"", ""label"": ""Average Grade"", ""value"": 49.4, ""contribution"": 0.1386, ""direction"": ""increases_risk""}, {""feature"": ""attendance"", ""label"": ""Attendance"", ""value"": 50.6, ""contribution"": 0.1284, ""direction"": ""increases_risk""}, {""feature"": ""engagement_score"", ""label"": ""Engagement"", ""value"": 57.3, ""contribution"": 0.0484, ""direction"": ""increases_risk""}, {""feature"": ""participation_score"", ""label"": ""Participation"", ""value"": 52.8, ""contribution"": 0.0425, ""direction"": ""increases_risk""}, {""feature"": ""absences"", ""label"": ""Absences"", ""value"": 18.0, ""contribution"": 0.0424, ""direction"": ""increases_risk""}]"
ST1908,18,93.8,87.8,100.0,72.5,83.1,16.3,0,6,3,1,0,0.0098,Low,"[{""feature"": ""avg_grade"", ""label"": ""Average Grade"", ""value"": 87.8, ""contribution"": -0.1117, ""direction"": ""decreases_risk""}, {""feature"": ""attendance"", ""label"": ""Attendance"", ""value"": 93.8, ""contribution"": -0.111, ""direction"": ""decreases_risk""}, {""feature"": ""assignment_completion"", ""label"": ""Assignment Completion"", ""value"": 100.0, ""contribution"": -0.0686, ""direction"": ""decreases_risk""}, {""feature"": ""engagement_score"", ""label"": ""Engagement"", ""value"": 72.5, ""contribution"": -0.0673, ""direction"": ""decreases_risk""}, {""feature"": ""participation_score"", ""label"": ""Participation"", ""value"": 83.1, ""contribution"": -0.0473, ""direction"": ""decreases_risk""}]"
ST1909,16,46.4,45.4,50.7,64.7,60.8,4.1,2,17,4,1,1,0.9212,High,"[{""feature"": ""avg_grade"", ""label"": ""Average Grade"", ""value"": 45.4, ""contribution"": 0.1495, ""direction"": ""increases_risk""}, {""feature"": ""attendance"", ""label"": ""Attendance"", ""value"": 46.4, ""contribution"": 0.1222, ""direction"": ""increases_risk""}, {""feature"": ""assignment_completion"", ""label"": ""Assignment Completion"", ""value"": 50.7, ""contribution"": 0.0911, ""direction"": ""increases_risk""}, {""feature"": ""absences"", ""label"": ""Absences"", ""value"": 17.0, ""contribution"": 0.0453, ""direction"": ""increases_risk""}, {""feature"": ""participation_score"", ""label"": ""Participation"", ""value"": 60.8, ""contribution"": -0.0221, ""direction"": ""decreases_risk""}]"
ST1910,22,100.0,94.0,97.7,86.0,97.8,16.5,1,0,4,0,0,0.0032,Low,"[{""feature"": ""attendance"", ""label"": ""Attendance"", ""value"": 100.0, ""contribution"": -0.1162, ""direction"": ""decreases_risk""}, {""feature"": ""avg_grade"", ""label"": ""Average Grade"", ""value"": 94.0, ""contribution"": -0.1118, ""direction"": ""decreases_risk""}, {""feature"": ""engagement_score"", ""label"": ""Engagement"", ""value"": 86.0, ""contribution"": -0.0987, ""direction"": ""decreases_risk""}, {""feature"": ""assignment_completion"", ""label"": ""Assignment Completion"", ""value"": 97.7, ""contribution"": -0.08, ""direction"": ""decreases_risk""}, {""feature"": ""participation_score"", ""label"": ""Participation"", ""value"": 97.8, ""contribution"": -0.0375, ""direction"": ""decreases_risk""}]"
ST1911,17,83.7,65.5,61.8,64.5,61.1,9.4,0,9,1,1,0,0.1773,Low,"[{""feature"": ""attendance"", ""label"": ""Attendance"", ""value"": 83.7, ""contribution"": -0.1754, ""direction"": ""decreases_risk""}, {""feature"": ""assignment_completion"", ""label"": ""Assignment Completion"", ""value"": 61.8, ""contribution"": 0.0779, ""direction"": ""increases_risk""}, {""feature"": ""previous_failures"", ""label"": ""Previous Failures"", ""value"": 0.0, ""contribution"": -0.0772, ""direction"": ""decreases_risk""}, {""feature"": ""avg_grade"", ""label"": ""Average Grade"", ""value"": 65.5, ""contribution"": -0.0631, ""direction"": ""decreases_risk""}, {""feature"": ""absences"", ""label"": ""Absences"", ""value"": 9.0, ""contribution"": -0.0506, ""direction"": ""decreases_risk""}]"
ST1912,19,57.6,60.3,93.5,57.2,63.7,13.0,0,13,5,0,0,0.4992,Medium,"[{""feature"": ""attendance"", ""label"": ""Attendance"", ""value"": 57.6, ""contribution"": 0.1107, ""direction"": ""increases_risk""}, {""feature"": ""assignment_completion"", ""label"": ""Assignment Completion"", ""value"": 93.5, ""contribution"": -0.0989, ""direction"": ""decreases_risk""}, {""feature"": ""previous_failures"", ""label"": ""Previous Failures"", ""value"": 0.0, ""contribution"": -0.0724, ""direction"": ""decreases_risk""}, {""feature"": ""avg_grade"", ""label"": ""Average Grade"", ""value"": 60.3, ""contribution"": 0.0707, ""direction"": ""increases_risk""}, {""feature"": ""participation_score"", ""label"": ""Participation"", ""value"": 63.7, ""contribution"": -0.0689, ""direction"": ""decreases_risk""}]"
ST1913,23,77.6,72.1,92.2,75.0,62.0,11.9,0,7,3,1,1,0.3599,Medium,"[{""feature"": ""attendance"", ""label"": ""Attendance"", ""value"": 77.6, ""contribution"": -0.0584, ""direction"": ""decreases_risk""}, {""feature"": ""avg_grade"", ""label"": ""Average Grade"", ""value"": 72.1, ""contribution"": -0.0322, ""direction"": ""decreases_risk""}, {""feature"": ""absences"", ""label"": ""Absences"", ""value"": 7.0, ""contribution"": -0.0274, ""direction"": ""decreases_risk""}, {""feature"": ""assignment_completion"", ""label"": ""Assignment Completion"", ""value"": 92.2, ""contribution"": -0.027, ""direction"": ""decreases_risk""}, {""feature"": ""previous_failures"", ""label"": ""Previous Failures"", ""value"": 0.0, ""contribution"": -0.0267, ""direction"": ""decreases_risk""}]"
ST1914,20,69.1,59.7,83.4,84.0,66.1,11.2,1,10,5,0,0,0.3229,Medium,"[{""feature"": ""engagement_score"", ""label"": ""Engagement"", ""value"": 84.0, ""contribution"": -0.1831, ""direction"": ""decreases_risk""}, {""feature"": ""avg_grade"", ""label"": ""Average Grade"", ""value"": 59.7, ""contribution"": 0.1288, ""direction"": ""increases_risk""}, {""feature"": ""assignment_completion"", ""label"": ""Assignment Completion"", ""value"": 83.4, ""contribution"": -0.0986, ""direction"": ""decreases_risk""}, {""feature"": ""attendance"", ""label"": ""Attendance"", ""value"": 69.1, ""contribution"": 0.0649, ""direction"": ""increases_risk""}, {""feature"": ""participation_score"", ""label"": ""Participation"", ""value"": 66.1, ""contribution"": -0.0595, ""direction"": ""decreases_risk""}]"
ST1915,19,88.6,64.8,78.1,80.9,62.8,14.3,0,4,3,1,0,0.0991,Low,"[{""feature"": ""attendance"", ""label"": ""Attendance"", ""value"": 88.6, ""contribution"": -0.14, ""direction"": ""decreases_risk""}, {""feature"": ""engagement_score"", ""label"": ""Engagement"", ""value"": 80.9, ""contribution"": -0.0983, ""direction"": ""decreases_risk""}, {""feature"": ""assignment_completion"", ""label"": ""Assignment Completion"", ""value"": 78.1, ""contribution"": -0.0531, ""direction"": ""decreases_risk""}, {""feature"": ""previous_failures"", ""label"": ""Previous Failures"", ""value"": 0.0, ""contribution"": -0.0391, ""direction"": ""decreases_risk""}, {""feature"": ""absences"", ""label"": ""Absences"", ""value"": 4.0, ""contribution"": -0.0349, ""direction"": ""decreases_risk""}]"
ST1916,20,94.0,83.1,99.3,83.7,62.7,15.5,0,0,3,0,0,0.0079,Low,"[{""feature"": ""attendance"", ""label"": ""Attendance"", ""value"": 94.0, ""contribution"": -0.122, ""direction"": ""decreases_risk""}, {""feature"": ""avg_grade"", ""label"": ""Average Grade"", ""value"": 83.1, ""contribution"": -0.109, ""direction"": ""decreases_risk""}, {""feature"": ""engagement_score"", ""label"": ""Engagement"", ""value"": 83.7, ""contribution"": -0.0941, ""direction"": ""decreases_risk""}, {""feature"": ""assignment_completion"", ""label"": ""Assignment Completion"", ""value"": 99.3, ""contribution"": -0.0757, ""direction"": ""decreases_risk""}, {""feature"": ""absences"", ""label"": ""Absences"", ""value"": 0.0, ""contribution"": -0.0273, ""direction"": ""decreases_risk""}]"
ST1917,22,97.0,85.5,94.2,65.9,61.0,16.0,1,0,4,1,0,0.0538,Low,"[{""feature"": ""attendance"", ""label"": ""Attendance"", ""value"": 97.0, ""contribution"": -0.1393, ""direction"": ""decreases_risk""}, {""feature"": ""avg_grade"", ""label"": ""Average Grade"", ""value"": 85.5, ""contribution"": -0.13, ""direction"": ""decreases_risk""}, {""feature"": ""assignment_completion"", ""label"": ""Assignment Completion"", ""value"": 94.2, ""contribution"": -0.0838, ""direction"": ""decreases_risk""}, {""feature"": ""absences"", ""label"": ""Absences"", ""value"": 0.0, ""contribution"": -0.0401, ""direction"": ""decreases_risk""}, {""feature"": ""study_hours"", ""label"": ""Study Hours"", ""value"": 16.0, ""contribution"": -0.0254, ""direction"": ""decreases_risk""}]"
ST1918,18,100.0,80.2,98.4,70.9,100.0,18.9,2,1,1,0,0,0.0444,Low,"[{""feature"": ""attendance"", ""label"": ""Attendance"", ""value"": 100.0, ""contribution"": -0.1255, ""direction"": ""decreases_risk""}, {""feature"": ""avg_grade"", ""label"": ""Average Grade"", ""value"": 80.2, ""contribution"": -0.1169, ""direction"": ""decreases_risk""}, {""feature"": ""assignment_completion"", ""label"": ""Assignment Completion"", ""value"": 98.4, ""contribution"": -0.0871, ""direction"": ""decreases_risk""}, {""feature"": ""engagement_score"", ""label"": ""Engagement"", ""value"": 70.9, ""contribution"": -0.0656, ""direction"": ""decreases_risk""}, {""feature"": ""absences"", ""label"": ""Absences"", ""value"": 1.0, ""contribution"": -0.0333, ""direction"": ""decreases_risk""}]"
ST1919,21,76.6,55.7,85.6,50.4,60.5,14.0,1,9,4,0,0,0.3454,Medium,"[{""feature"": ""attendance"", ""label"": ""Attendance"", ""value"": 76.6, ""contribution"": -0.1389, ""direction"": ""decreases_risk""}, {""feature"": ""assignment_completion"", ""label"": ""Assignment Completion"", ""value"": 85.6, ""contribution"": -0.1197, ""direction"": ""decreases_risk""}, {""feature"": ""engagement_score"", ""label"": ""Engagement"", ""value"": 50.4, ""contribution"": 0.1195, ""direction"": ""increases_risk""}, {""feature"": ""avg_grade"", ""label"": ""Average Grade"", ""value"": 55.7, ""contribution"": 0.1149, ""direction"": ""increases_risk""}, {""feature"": ""absences"", ""label"": ""Absences"", ""value"": 9.0, ""contribution"": -0.0517, ""direction"": ""decreases_risk""}]"
ST1920,22,100.0,100.0,100.0,93.5,86.5,16.2,0,3,5,0,0,0.0033,Low,"[{""feature"": ""attendance"", ""label"": ""Attendance"", ""value"": 100.0, ""contribution"": -0.1114, ""direction"": ""decreases_risk""}, {""feature"": ""avg_grade"", ""label"": ""Average Grade"", ""value"": 100.0, ""contribution"": -0.1081, ""direction"": ""decreases_risk""}, {""feature"": ""engagement_score"", ""label"": ""Engagement"", ""value"": 93.5, ""contribution"": -0.0956, ""direction"": ""decreases_risk""}, {""feature"": ""assignment_completion"", ""label"": ""Assignment Completion"", ""value"": 100.0, ""contribution"": -0.071, ""direction"": ""decreases_risk""}, {""feature"": ""participation_score"", ""label"": ""Participation"", ""value"": 86.5, ""contribution"": -0.0401, ""direction"": ""decreases_risk""}]"
ST1921,20,68.7,54.1,58.0,65.9,52.4,12.4,4,16,4,1,1,0.9122,High,"[{""feature"": ""avg_grade"", ""label"": ""Average Grade"", ""value"": 54.1, ""contribution"": 0.1161, ""direction"": ""increases_risk""}, {""feature"": ""assignment_completion"", ""label"": ""Assignment Completion"", ""value"": 58.0, ""contribution"": 0.0903, ""direction"": ""increases_risk""}, {""feature"": ""attendance"", ""label"": ""Attendance"", ""value"": 68.7, ""contribution"": 0.0814, ""direction"": ""increases_risk""}, {""feature"": ""participation_score"", ""label"": ""Participation"", ""value"": 52.4, ""contribution"": 0.0511, ""direction"": ""increases_risk""}, {""feature"": ""absences"", ""label"": ""Absences"", ""value"": 16.0, ""contribution"": 0.0445, ""direction"": ""increases_risk""}]"
ST1922,19,91.5,95.5,90.2,86.8,64.8,13.2,0,8,1,0,0,0.0037,Low,"[{""feature"": ""attendance"", ""label"": ""Attendance"", ""value"": 91.5, ""contribution"": -0.1206, ""direction"": ""decreases_risk""}, {""feature"": ""avg_grade"", ""label"": ""Average Grade"", ""value"": 95.5, ""contribution"": -0.1125, ""direction"": ""decreases_risk""}, {""feature"": ""engagement_score"", ""label"": ""Engagement"", ""value"": 86.8, ""contribution"": -0.101, ""direction"": ""decreases_risk""}, {""feature"": ""assignment_completion"", ""label"": ""Assignment Completion"", ""value"": 90.2, ""contribution"": -0.0732, ""direction"": ""decreases_risk""}, {""feature"": ""absences"", ""label"": ""Absences"", ""value"": 8.0, ""contribution"": -0.0323, ""direction"": ""decreases_risk""}]"
ST1923,17,95.9,88.9,83.3,97.0,86.2,10.4,0,4,4,0,0,0.0053,Low,"[{""feature"": ""attendance"", ""label"": ""Attendance"", ""value"": 95.9, ""contribution"": -0.1202, ""direction"": ""decreases_risk""}, {""feature"": ""avg_grade"", ""label"": ""Average Grade"", ""value"": 88.9, ""contribution"": -0.109, ""direction"": ""decreases_risk""}, {""feature"": ""engagement_score"", ""label"": ""Engagement"", ""value"": 97.0, ""contribution"": -0.0982, ""direction"": ""decreases_risk""}, {""feature"": ""assignment_completion"", ""label"": ""Assignment Completion"", ""value"": 83.3, ""contribution"": -0.0669, ""direction"": ""decreases_risk""}, {""feature"": ""participation_score"", ""label"": ""Participation"", ""value"": 86.2, ""contribution"": -0.0411, ""direction"": ""decreases_risk""}]"
ST1924,17,79.2,87.5,100.0,75.0,52.9,11.2,0,7,1,0,0,0.1445,Low,"[{""feature"": ""avg_grade"", ""label"": ""Average Grade"", ""value"": 87.5, ""contribution"": -0.1376, ""direction"": ""decreases_risk""}, {""feature"": ""attendance"", ""label"": ""Attendance"", ""value"": 79.2, ""contribution"": -0.1018, ""direction"": ""decreases_risk""}, {""feature"": ""assignment_completion"", ""label"": ""Assignment Completion"", ""value"": 100.0, ""contribution"": -0.0684, ""direction"": ""decreases_risk""}, {""feature"": ""participation_score"", ""label"": ""Participation"", ""value"": 52.9, ""contribution"": 0.0579, ""direction"": ""increases_risk""}, {""feature"": ""absences"", ""label"": ""Absences"", ""value"": 7.0, ""contribution"": -0.0478, ""direction"": ""decreases_risk""}]"
ST1925,23,61.7,36.2,67.3,41.5,43.3,6.1,4,12,1,0,1,0.9815,High,"[{""feature"": ""avg_grade"", ""label"": ""Average Grade"", ""value"": 36.2, ""contribution"": 0.1176, ""direction"": ""increases_risk""}, {""feature"": ""attendance"", ""label"": ""Attendance"", ""value"": 61.7, ""contribution"": 0.1111, ""direction"": ""increases_risk""}, {""feature"": ""engagement_score"", ""label"": ""Engagement"", ""value"": 41.5, ""contribution"": 0.0991, ""direction"": ""increases_risk""}, {""feature"": ""assignment_completion"", ""label"": ""Assignment Completion"", ""value"": 67.3, ""contribution"": 0.0436, ""direction"": ""increases_risk""}, {""feature"": ""participation_score"", ""label"": ""Participation"", ""value"": 43.3, ""contribution"": 0.0432, ""direction"": ""increases_risk""}]"
ST1926,20,82.7,65.6,74.6,52.9,62.8,14.1,2,6,2,1,1,0.1597,Low,"[{""feature"": ""attendance"", ""label"": ""Attendance"", ""value"": 82.7, ""contribution"": -0.2079, ""direction"": ""decreases_risk""}, {""feature"": ""engagement_score"", ""label"": ""Engagement"", ""value"": 52.9, ""contribution"": 0.0831, ""direction"": ""increases_risk""}, {""feature"": ""avg_grade"", ""label"": ""Average Grade"", ""value"": 65.6, ""contribution"": -0.0648, ""direction"": ""decreases_risk""}, {""feature"": ""absences"", ""label"": ""Absences"", ""value"": 6.0, ""contribution"": -0.056, ""direction"": ""decreases_risk""}, {""feature"": ""assignment_completion"", ""label"": ""Assignment Completion"", ""value"": 74.6, ""contribution"": -0.037, ""direction"": ""decreases_risk""}]"
ST1927,18,83.7,63.3,84.7,82.6,73.5,11.1,1,7,2,0,0,0.0476,Low,"[{""feature"": ""attendance"", ""label"": ""Attendance"", ""value"": 83.7, ""contribution"": -0.1436, ""direction"": ""decreases_risk""}, {""feature"": ""engagement_score"", ""label"": ""Engagement"", ""value"": 82.6, ""contribution"": -0.1122, ""direction"": ""decreases_risk""}, {""feature"": ""assignment_completion"", ""label"": ""Assignment Completion"", ""value"": 84.7, ""contribution"": -0.093, ""direction"": ""decreases_risk""}, {""feature"": ""participation_score"", ""label"": ""Participation"", ""value"": 73.5, ""contribution"": -0.0565, ""direction"": ""decreases_risk""}, {""feature"": ""absences"", ""label"": ""Absences"", ""value"": 7.0, ""contribution"": -0.0464, ""direction"": ""decreases_risk""}]"
ST1928,19,67.4,82.0,62.2,83.5,53.0,8.3,0,14,1,0,0,0.3463,Medium,"[{""feature"": ""engagement_score"", ""label"": ""Engagement"", ""value"": 83.5, ""contribution"": -0.1708, ""direction"": ""decreases_risk""}, {""feature"": ""avg_grade"", ""label"": ""Average Grade"", ""value"": 82.0, ""contribution"": -0.1646, ""direction"": ""decreases_risk""}, {""feature"": ""assignment_completion"", ""label"": ""Assignment Completion"", ""value"": 62.2, ""contribution"": 0.0722, ""direction"": ""increases_risk""}, {""feature"": ""attendance"", ""label"": ""Attendance"", ""value"": 67.4, ""contribution"": 0.0705, ""direction"": ""increases_risk""}, {""feature"": ""previous_failures"", ""label"": ""Previous Failures"", ""value"": 0.0, ""contribution"": -0.0543, ""direction"": ""decreases_risk""}]"
ST1929,20,100.0,96.3,100.0,90.6,77.3,20.8,0,2,1,0,0,0.01,Low,"[{""feature"": ""attendance"", ""label"": ""Attendance"", ""value"": 100.0, ""contribution"": -0.1173, ""direction"": ""decreases_risk""}, {""feature"": ""avg_grade"", ""label"": ""Average Grade"", ""value"": 96.3, ""contribution"": -0.1118, ""direction"": ""decreases_risk""}, {""feature"": ""engagement_score"", ""label"": ""Engagement"", ""value"": 90.6, ""contribution"": -0.0947, ""direction"": ""decreases_risk""}, {""feature"": ""assignment_completion"", ""label"": ""Assignment Completion"", ""value"": 100.0, ""contribution"": -0.0724, ""direction"": ""decreases_risk""}, {""feature"": ""participation_score"", ""label"": ""Participation"", ""value"": 77.3, ""contribution"": -0.0418, ""direction"": ""decreases_risk""}]"
ST1930,20,53.0,60.6,71.9,66.1,59.8,13.9,2,16,4,0,1,0.8241,High,"[{""feature"": ""attendance"", ""label"": ""Attendance"", ""value"": 53.0, ""contribution"": 0.1404, ""direction"": ""increases_risk""}, {""feature"": ""avg_grade"", ""label"": ""Average Grade"", ""value"": 60.6, ""contribution"": 0.0959, ""direction"": ""increases_risk""}, {""feature"": ""absences"", ""label"": ""Absences"", ""value"": 16.0, ""contribution"": 0.0523, ""direction"": ""increases_risk""}, {""feature"": ""assignment_completion"", ""label"": ""Assignment Completion"", ""value"": 71.9, ""contribution"": 0.0235, ""direction"": ""increases_risk""}, {""feature"": ""previous_failures"", ""label"": ""Previous Failures"", ""value"": 2.0, ""contribution"": 0.0189, ""direction"": ""increases_risk""}]"
ST1931,21,44.8,26.7,40.8,44.2,31.8,1.6,2,22,3,1,1,0.9995,High,"[{""feature"": ""attendance"", ""label"": ""Attendance"", ""value"": 44.8, ""contribution"": 0.1164, ""direction"": ""increases_risk""}, {""feature"": ""avg_grade"", ""label"": ""Average Grade"", ""value"": 26.7, ""contribution"": 0.1142, ""direction"": ""increases_risk""}, {""feature"": ""engagement_score"", ""label"": ""Engagement"", ""value"": 44.2, ""contribution"": 0.0958, ""direction"": ""increases_risk""}, {""feature"": ""assignment_completion"", ""label"": ""Assignment Completion"", ""value"": 40.8, ""contribution"": 0.0773, ""direction"": ""increases_risk""}, {""feature"": ""participation_score"", ""label"": ""Participation"", ""value"": 31.8, ""contribution"": 0.0452, ""direction"": ""increases_risk""}]"
ST1932,18,74.6,57.4,83.4,51.8,57.6,9.8,1,13,1,0,1,0.7192,High,"[{""feature"": ""avg_grade"", ""label"": ""Average Grade"", ""value"": 57.4, ""contribution"": 0.1387, ""direction"": ""increases_risk""}, {""feature"": ""engagement_score"", ""label"": ""Engagement"", ""value"": 51.8, ""contribution"": 0.1319, ""direction"": ""increases_risk""}, {""feature"": ""attendance"", ""label"": ""Attendance"", ""value"": 74.6, ""contribution"": -0.1145, ""direction"": ""decreases_risk""}, {""feature"": ""assignment_completion"", ""label"": ""Assignment Completion"", ""value"": 83.4, ""contribution"": -0.0742, ""direction"": ""decreases_risk""}, {""feature"": ""participation_score"", ""label"": ""Participation"", ""value"": 57.6, ""contribution"": 0.0671, ""direction"": ""increases_risk""}]"
ST1933,21,76.3,81.5,76.8,75.5,77.7,7.7,1,11,3,0,0,0.0427,Low,"[{""feature"": ""avg_grade"", ""label"": ""Average Grade"", ""value"": 81.5, ""contribution"": -0.1341, ""direction"": ""decreases_risk""}, {""feature"": ""attendance"", ""label"": ""Attendance"", ""value"": 76.3, ""contribution"": -0.1105, ""direction"": ""decreases_risk""}, {""feature"": ""engagement_score"", ""label"": ""Engagement"", ""value"": 75.5, ""contribution"": -0.0949, ""direction"": ""decreases_risk""}, {""feature"": ""participation_score"", ""label"": ""Participation"", ""value"": 77.7, ""contribution"": -0.0678, ""direction"": ""decreases_risk""}, {""feature"": ""assignment_completion"", ""label"": ""Assignment Completion"", ""value"": 76.8, ""contribution"": -0.0532, ""direction"": ""decreases_risk""}]"
ST1934,19,74.5,82.1,68.7,73.9,47.0,7.8,1,9,4,1,1,0.4823,Medium,"[{""feature"": ""assignment_completion"", ""label"": ""Assignment Completion"", ""value"": 68.7, ""contribution"": 0.1088, ""direction"": ""increases_risk""}, {""feature"": ""avg_grade"", ""label"": ""Average Grade"", ""value"": 82.1, ""contribution"": -0.0991, ""direction"": ""decreases_risk""}, {""feature"": ""participation_score"", ""label"": ""Participation"", ""value"": 47.0, ""contribution"": 0.0902, ""direction"": ""increases_risk""}, {""feature"": ""attendance"", ""label"": ""Attendance"", ""value"": 74.5, ""contribution"": -0.0578, ""direction"": ""decreases_risk""}, {""feature"": ""engagement_score"", ""label"": ""Engagement"", ""value"": 73.9, ""contribution"": -0.0456, ""direction"": ""decreases_risk""}]"
ST1935,23,61.2,51.3,63.3,53.5,58.8,11.5,3,11,4,1,1,0.9198,High,"[{""feature"": ""avg_grade"", ""label"": ""Average Grade"", ""value"": 51.3, ""contribution"": 0.1268, ""direction"": ""increases_risk""}, {""feature"": ""attendance"", ""label"": ""Attendance"", ""value"": 61.2, ""contribution"": 0.1105, ""direction"": ""increases_risk""}, {""feature"": ""engagement_score"", ""label"": ""Engagement"", ""value"": 53.5, ""contribution"": 0.0744, ""direction"": ""increases_risk""}, {""feature"": ""assignment_completion"", ""label"": ""Assignment Completion"", ""value"": 63.3, ""contribution"": 0.0638, ""direction"": ""increases_risk""}, {""feature"": ""previous_failures"", ""label"": ""Previous Failures"", ""value"": 3.0, ""contribution"": 0.027, ""direction"": ""increases_risk""}]"
ST1936,17,100.0,96.7,100.0,100.0,97.7,21.3,0,0,2,0,0,0.001,Low,"[{""feature"": ""attendance"", ""label"": ""Attendance"", ""value"": 100.0, ""contribution"": -0.1179, ""direction"": ""decreases_risk""}, {""feature"": ""avg_grade"", ""label"": ""Average Grade"", ""value"": 96.7, ""contribution"": -0.1124, ""direction"": ""decreases_risk""}, {""feature"": ""engagement_score"", ""label"": ""Engagement"", ""value"": 100.0, ""contribution"": -0.0943, ""direction"": ""decreases_risk""}, {""feature"": ""assignment_completion"", ""label"": ""Assignment Completion"", ""value"": 100.0, ""contribution"": -0.0733, ""direction"": ""decreases_risk""}, {""feature"": ""participation_score"", ""label"": ""Participation"", ""value"": 97.7, ""contribution"": -0.0383, ""direction"": ""decreases_risk""}]"
ST1937,17,100.0,84.3,100.0,100.0,100.0,17.4,0,0,1,1,0,0.0702,Low,"[{""feature"": ""attendance"", ""label"": ""Attendance"", ""value"": 100.0, ""contribution"": -0.1078, ""direction"": ""decreases_risk""}, {""feature"": ""avg_grade"", ""label"": ""Average Grade"", ""value"": 84.3, ""contribution"": -0.104, ""direction"": ""decreases_risk""}, {""feature"": ""engagement_score"", ""label"": ""Engagement"", ""value"": 100.0, ""contribution"": -0.0854, ""direction"": ""decreases_risk""}, {""feature"": ""assignment_completion"", ""label"": ""Assignment Completion"", ""value"": 100.0, ""contribution"": -0.0706, ""direction"": ""decreases_risk""}, {""feature"": ""absences"", ""label"": ""Absences"", ""value"": 0.0, ""contribution"": -0.0311, ""direction"": ""decreases_risk""}]"
ST1938,19,74.8,66.2,82.1,85.3,63.6,14.8,0,10,5,1,0,0.077,Low,"[{""feature"": ""engagement_score"", ""label"": ""Engagement"", ""value"": 85.3, ""contribution"": -0.1295, ""direction"": ""decreases_risk""}, {""feature"": ""attendance"", ""label"": ""Attendance"", ""value"": 74.8, ""contribution"": -0.0949, ""direction"": ""decreases_risk""}, {""feature"": ""assignment_completion"", ""label"": ""Assignment Completion"", ""value"": 82.1, ""contribution"": -0.0643, ""direction"": ""decreases_risk""}, {""feature"": ""avg_grade"", ""label"": ""Average Grade"", ""value"": 66.2, ""contribution"": -0.0501, ""direction"": ""decreases_risk""}, {""feature"": ""previous_failures"", ""label"": ""Previous Failures"", ""value"": 0.0, ""contribution"": -0.034, ""direction"": ""decreases_risk""}]"
ST1939,20,91.9,83.0,100.0,82.6,86.7,13.5,0,4,4,0,0,0.0081,Low,"[{""feature"": ""attendance"", ""label"": ""Attendance"", ""value"": 91.9, ""contribution"": -0.1119, ""direction"": ""decreases_risk""}, {""feature"": ""avg_grade"", ""label"": ""Average Grade"", ""value"": 83.0, ""contribution"": -0.1025, ""direction"": ""decreases_risk""}, {""feature"": ""engagement_score"", ""label"": ""Engagement"", ""value"": 82.6, ""contribution"": -0.0993, ""direction"": ""decreases_risk""}, {""feature"": ""assignment_completion"", ""label"": ""Assignment Completion"", ""value"": 100.0, ""contribution"": -0.072, ""direction"": ""decreases_risk""}, {""feature"": ""participation_score"", ""label"": ""Participation"", ""value"": 86.7, ""contribution"": -0.0428, ""direction"": ""decreases_risk""}]"
ST1940,21,55.8,42.5,53.9,39.4,47.7,10.4,3,11,5,1,1,0.9846,High,"[{""feature"": ""avg_grade"", ""label"": ""Average Grade"", ""value"": 42.5, ""contribution"": 0.1212, ""direction"": ""increases_risk""}, {""feature"": ""attendance"", ""label"": ""Attendance"", ""value"": 55.8, ""contribution"": 0.1086, ""direction"": ""increases_risk""}, {""feature"": ""engagement_score"", ""label"": ""Engagement"", ""value"": 39.4, ""contribution"": 0.101, ""direction"": ""increases_risk""}, {""feature"": ""assignment_completion"", ""label"": ""Assignment Completion"", ""value"": 53.9, ""contribution"": 0.0812, ""direction"": ""increases_risk""}, {""feature"": ""participation_score"", ""label"": ""Participation"", ""value"": 47.7, ""contribution"": 0.046, ""direction"": ""increases_risk""}]"
ST1941,19,93.0,81.1,80.7,67.1,77.2,17.6,0,1,2,0,0,0.0632,Low,"[{""feature"": ""attendance"", ""label"": ""Attendance"", ""value"": 93.0, ""contribution"": -0.1298, ""direction"": ""decreases_risk""}, {""feature"": ""avg_grade"", ""label"": ""Average Grade"", ""value"": 81.1, ""contribution"": -0.1148, ""direction"": ""decreases_risk""}, {""feature"": ""assignment_completion"", ""label"": ""Assignment Completion"", ""value"": 80.7, ""contribution"": -0.0593, ""direction"": ""decreases_risk""}, {""feature"": ""participation_score"", ""label"": ""Participation"", ""value"": 77.2, ""contribution"": -0.041, ""direction"": ""decreases_risk""}, {""feature"": ""absences"", ""label"": ""Absences"", ""value"": 1.0, ""contribution"": -0.0366, ""direction"": ""decreases_risk""}]"
ST1942,23,100.0,100.0,100.0,100.0,78.6,20.9,0,1,1,0,0,0.0113,Low,"[{""feature"": ""attendance"", ""label"": ""Attendance"", ""value"": 100.0, ""contribution"": -0.1173, ""direction"": ""decreases_risk""}, {""feature"": ""avg_grade"", ""label"": ""Average Grade"", ""value"": 100.0, ""contribution"": -0.1073, ""direction"": ""decreases_risk""}, {""feature"": ""engagement_score"", ""label"": ""Engagement"", ""value"": 100.0, ""contribution"": -0.0914, ""direction"": ""decreases_risk""}, {""feature"": ""assignment_completion"", ""label"": ""Assignment Completion"", ""value"": 100.0, ""contribution"": -0.0739, ""direction"": ""decreases_risk""}, {""feature"": ""participation_score"", ""label"": ""Participation"", ""value"": 78.6, ""contribution"": -0.0433, ""direction"": ""decreases_risk""}]"
ST1943,19,100.0,98.2,100.0,80.5,56.7,13.2,1,0,2,1,0,0.0421,Low,"[{""feature"": ""attendance"", ""label"": ""Attendance"", ""value"": 100.0, ""contribution"": -0.128, ""direction"": ""decreases_risk""}, {""feature"": ""avg_grade"", ""label"": ""Average Grade"", ""value"": 98.2, ""contribution"": -0.1255, ""direction"": ""decreases_risk""}, {""feature"": ""engagement_score"", ""label"": ""Engagement"", ""value"": 80.5, ""contribution"": -0.1043, ""direction"": ""decreases_risk""}, {""feature"": ""assignment_completion"", ""label"": ""Assignment Completion"", ""value"": 100.0, ""contribution"": -0.0855, ""direction"": ""decreases_risk""}, {""feature"": ""participation_score"", ""label"": ""Participation"", ""value"": 56.7, ""contribution"": 0.0513, ""direction"": ""increases_risk""}]"
ST1944,17,100.0,100.0,100.0,100.0,100.0,30.0,0,1,2,1,0,0.0108,Low,"[{""feature"": ""attendance"", ""label"": ""Attendance"", ""value"": 100.0, ""contribution"": -0.1108, ""direction"": ""decreases_risk""}, {""feature"": ""avg_grade"", ""label"": ""Average Grade"", ""value"": 100.0, ""contribution"": -0.1057, ""direction"": ""decreases_risk""}, {""feature"": ""engagement_score"", ""label"": ""Engagement"", ""value"": 100.0, ""contribution"": -0.0926, ""direction"": ""decreases_risk""}, {""feature"": ""assignment_completion"", ""label"": ""Assignment Completion"", ""value"": 100.0, ""contribution"": -0.0722, ""direction"": ""decreases_risk""}, {""feature"": ""absences"", ""label"": ""Absences"", ""value"": 1.0, ""contribution"": -0.031, ""direction"": ""decreases_risk""}]"
ST1945,16,66.6,65.2,78.0,74.3,76.0,14.2,0,11,4,1,0,0.1781,Low,"[{""feature"": ""engagement_score"", ""label"": ""Engagement"", ""value"": 74.3, ""contribution"": -0.1362, ""direction"": ""decreases_risk""}, {""feature"": ""participation_score"", ""label"": ""Participation"", ""value"": 76.0, ""contribution"": -0.0811, ""direction"": ""decreases_risk""}, {""feature"": ""attendance"", ""label"": ""Attendance"", ""value"": 66.6, ""contribution"": 0.0791, ""direction"": ""increases_risk""}, {""feature"": ""assignment_completion"", ""label"": ""Assignment Completion"", ""value"": 78.0, ""contribution"": -0.0596, ""direction"": ""decreases_risk""}, {""feature"": ""previous_failures"", ""label"": ""Previous Failures"", ""value"": 0.0, ""contribution"": -0.0513, ""direction"": ""decreases_risk""}]"
ST1946,23,83.0,81.1,83.0,69.1,75.9,11.9,1,4,4,0,0,0.0438,Low,"[{""feature"": ""attendance"", ""label"": ""Attendance"", ""value"": 83.0, ""contribution"": -0.1136, ""direction"": ""decreases_risk""}, {""feature"": ""avg_grade"", ""label"": ""Average Grade"", ""value"": 81.1, ""contribution"": -0.1122, ""direction"": ""decreases_risk""}, {""feature"": ""assignment_completion"", ""label"": ""Assignment Completion"", ""value"": 83.0, ""contribution"": -0.0752, ""direction"": ""decreases_risk""}, {""feature"": ""engagement_score"", ""label"": ""Engagement"", ""value"": 69.1, ""contribution"": -0.062, ""direction"": ""decreases_risk""}, {""feature"": ""participation_score"", ""label"": ""Participation"", ""value"": 75.9, ""contribution"": -0.0557, ""direction"": ""decreases_risk""}]"
ST1947,17,80.4,79.2,81.7,80.7,68.2,16.8,1,7,1,0,0,0.0564,Low,"[{""feature"": ""attendance"", ""label"": ""Attendance"", ""value"": 80.4, ""contribution"": -0.1066, ""direction"": ""decreases_risk""}, {""feature"": ""avg_grade"", ""label"": ""Average Grade"", ""value"": 79.2, ""contribution"": -0.1049, ""direction"": ""decreases_risk""}, {""feature"": ""engagement_score"", ""label"": ""Engagement"", ""value"": 80.7, ""contribution"": -0.0989, ""direction"": ""decreases_risk""}, {""feature"": ""assignment_completion"", ""label"": ""Assignment Completion"", ""value"": 81.7, ""contribution"": -0.0649, ""direction"": ""decreases_risk""}, {""feature"": ""absences"", ""label"": ""Absences"", ""value"": 7.0, ""contribution"": -0.0389, ""direction"": ""decreases_risk""}]"
ST1948,23,55.2,58.4,74.1,75.9,69.3,9.3,3,17,3,1,1,0.6372,High,"[{""feature"": ""engagement_score"", ""label"": ""Engagement"", ""value"": 75.9, ""contribution"": -0.1692, ""direction"": ""decreases_risk""}, {""feature"": ""avg_grade"", ""label"": ""Average Grade"", ""value"": 58.4, ""contribution"": 0.1285, ""direction"": ""increases_risk""}, {""feature"": ""attendance"", ""label"": ""Attendance"", ""value"": 55.2, ""contribution"": 0.1208, ""direction"": ""increases_risk""}, {""feature"": ""absences"", ""label"": ""Absences"", ""value"": 17.0, ""contribution"": 0.0445, ""direction"": ""increases_risk""}, {""feature"": ""previous_failures"", ""label"": ""Previous Failures"", ""value"": 3.0, ""contribution"": 0.036, ""direction"": ""increases_risk""}]"
ST1949,18,48.3,54.7,60.9,46.7,46.2,10.5,2,16,2,0,1,0.9713,High,"[{""feature"": ""attendance"", ""label"": ""Attendance"", ""value"": 48.3, ""contribution"": 0.1215, ""direction"": ""increases_risk""}, {""feature"": ""engagement_score"", ""label"": ""Engagement"", ""value"": 46.7, ""contribution"": 0.0964, ""direction"": ""increases_risk""}, {""feature"": ""avg_grade"", ""label"": ""Average Grade"", ""value"": 54.7, ""contribution"": 0.0819, ""direction"": ""increases_risk""}, {""feature"": ""assignment_completion"", ""label"": ""Assignment Completion"", ""value"": 60.9, ""contribution"": 0.0691, ""direction"": ""increases_risk""}, {""feature"": ""participation_score"", ""label"": ""Participation"", ""value"": 46.2, ""contribution"": 0.0475, ""direction"": ""increases_risk""}]"
ST1950,16,79.5,63.6,96.6,67.7,75.0,10.8,2,6,4,1,0,0.1343,Low,"[{""feature"": ""attendance"", ""label"": ""Attendance"", ""value"": 79.5, ""contribution"": -0.1358, ""direction"": ""decreases_risk""}, {""feature"": ""assignment_completion"", ""label"": ""Assignment Completion"", ""value"": 96.6, ""contribution"": -0.0811, ""direction"": ""decreases_risk""}, {""feature"": ""participation_score"", ""label"": ""Participation"", ""value"": 75.0, ""contribution"": -0.0673, ""direction"": ""decreases_risk""}, {""feature"": ""absences"", ""label"": ""Absences"", ""value"": 6.0, ""contribution"": -0.0494, ""direction"": ""decreases_risk""}, {""feature"": ""engagement_score"", ""label"": ""Engagement"", ""value"": 67.7, ""contribution"": -0.0332, ""direction"": ""decreases_risk""}]"
ST1951,18,100.0,98.0,100.0,100.0,100.0,22.6,0,1,2,0,0,0.0053,Low,"[{""feature"": ""attendance"", ""label"": ""Attendance"", ""value"": 100.0, ""contribution"": -0.1166, ""direction"": ""decreases_risk""}, {""feature"": ""avg_grade"", ""label"": ""Average Grade"", ""value"": 98.0, ""contribution"": -0.1127, ""direction"": ""decreases_risk""}, {""feature"": ""engagement_score"", ""label"": ""Engagement"", ""value"": 100.0, ""contribution"": -0.0929, ""direction"": ""decreases_risk""}, {""feature"": ""assignment_completion"", ""label"": ""Assignment Completion"", ""value"": 100.0, ""contribution"": -0.0724, ""direction"": ""decreases_risk""}, {""feature"": ""absences"", ""label"": ""Absences"", ""value"": 1.0, ""contribution"": -0.0321, ""direction"": ""decreases_risk""}]"
ST1952,20,55.5,52.7,67.1,60.0,78.3,5.7,2,13,3,0,1,0.8744,High,"[{""feature"": ""attendance"", ""label"": ""Attendance"", ""value"": 55.5, ""contribution"": 0.1367, ""direction"": ""increases_risk""}, {""feature"": ""avg_grade"", ""label"": ""Average Grade"", ""value"": 52.7, ""contribution"": 0.1313, ""direction"": ""increases_risk""}, {""feature"": ""participation_score"", ""label"": ""Participation"", ""value"": 78.3, ""contribution"": -0.0629, ""direction"": ""decreases_risk""}, {""feature"": ""engagement_score"", ""label"": ""Engagement"", ""value"": 60.0, ""contribution"": 0.0556, ""direction"": ""increases_risk""}, {""feature"": ""assignment_completion"", ""label"": ""Assignment Completion"", ""value"": 67.1, ""contribution"": 0.0498, ""direction"": ""increases_risk""}]"
ST1953,19,57.5,51.6,58.2,72.9,56.7,11.5,0,10,4,0,1,0.7543,High,"[{""feature"": ""avg_grade"", ""label"": ""Average Grade"", ""value"": 51.6, ""contribution"": 0.142, ""direction"": ""increases_risk""}, {""feature"": ""engagement_score"", ""label"": ""Engagement"", ""value"": 72.9, ""contribution"": -0.1338, ""direction"": ""decreases_risk""}, {""feature"": ""attendance"", ""label"": ""Attendance"", ""value"": 57.5, ""contribution"": 0.1146, ""direction"": ""increases_risk""}, {""feature"": ""assignment_completion"", ""label"": ""Assignment Completion"", ""value"": 58.2, ""contribution"": 0.0949, ""direction"": ""increases_risk""}, {""feature"": ""participation_score"", ""label"": ""Participation"", ""value"": 56.7, ""contribution"": 0.0467, ""direction"": ""increases_risk""}]"
ST1954,22,60.7,70.5,72.0,66.2,56.5,10.5,2,9,2,1,1,0.5673,Medium,"[{""feature"": ""attendance"", ""label"": ""Attendance"", ""value"": 60.7, ""contribution"": 0.1874, ""direction"": ""increases_risk""}, {""feature"": ""avg_grade"", ""label"": ""Average Grade"", ""value"": 70.5, ""contribution"": -0.1194, ""direction"": ""decreases_risk""}, {""feature"": ""absences"", ""label"": ""Absences"", ""value"": 9.0, ""contribution"": -0.0547, ""direction"": ""decreases_risk""}, {""feature"": ""participation_score"", ""label"": ""Participation"", ""value"": 56.5, ""contribution"": 0.0385, ""direction"": ""increases_risk""}, {""feature"": ""engagement_score"", ""label"": ""Engagement"", ""value"": 66.2, ""contribution"": -0.0221, ""direction"": ""decreases_risk""}]"
ST1955,20,75.9,58.8,65.0,49.5,37.8,8.4,2,7,1,0,1,0.7856,High,"[{""feature"": ""avg_grade"", ""label"": ""Average Grade"", ""value"": 58.8, ""contribution"": 0.1328, ""direction"": ""increases_risk""}, {""feature"": ""engagement_score"", ""label"": ""Engagement"", ""value"": 49.5, ""contribution"": 0.1218, ""direction"": ""increases_risk""}, {""feature"": ""attendance"", ""label"": ""Attendance"", ""value"": 75.9, ""contribution"": -0.1197, ""direction"": ""decreases_risk""}, {""feature"": ""assignment_completion"", ""label"": ""Assignment Completion"", ""value"": 65.0, ""contribution"": 0.0969, ""direction"": ""increases_risk""}, {""feature"": ""participation_score"", ""label"": ""Participation"", ""value"": 37.8, ""contribution"": 0.066, ""direction"": ""increases_risk""}]"
ST1956,19,94.8,100.0,87.2,74.8,100.0,16.8,0,0,4,1,0,0.053,Low,"[{""feature"": ""avg_grade"", ""label"": ""Average Grade"", ""value"": 100.0, ""contribution"": -0.1085, ""direction"": ""decreases_risk""}, {""feature"": ""attendance"", ""label"": ""Attendance"", ""value"": 94.8, ""contribution"": -0.1064, ""direction"": ""decreases_risk""}, {""feature"": ""assignment_completion"", ""label"": ""Assignment Completion"", ""value"": 87.2, ""contribution"": -0.0711, ""direction"": ""decreases_risk""}, {""feature"": ""engagement_score"", ""label"": ""Engagement"", ""value"": 74.8, ""contribution"": -0.0479, ""direction"": ""decreases_risk""}, {""feature"": ""participation_score"", ""label"": ""Participation"", ""value"": 100.0, ""contribution"": -0.0365, ""direction"": ""decreases_risk""}]"
ST1957,21,41.6,37.6,37.2,16.2,44.5,2.2,4,19,5,1,1,0.9999,High,"[{""feature"": ""avg_grade"", ""label"": ""Average Grade"", ""value"": 37.6, ""contribution"": 0.1162, ""direction"": ""increases_risk""}, {""feature"": ""attendance"", ""label"": ""Attendance"", ""value"": 41.6, ""contribution"": 0.111, ""direction"": ""increases_risk""}, {""feature"": ""engagement_score"", ""label"": ""Engagement"", ""value"": 16.2, ""contribution"": 0.0976, ""direction"": ""increases_risk""}, {""feature"": ""assignment_completion"", ""label"": ""Assignment Completion"", ""value"": 37.2, ""contribution"": 0.0766, ""direction"": ""increases_risk""}, {""feature"": ""participation_score"", ""label"": ""Participation"", ""value"": 44.5, ""contribution"": 0.0462, ""direction"": ""increases_risk""}]"
ST1958,23,91.6,91.1,93.9,69.9,86.4,13.7,0,8,3,0,0,0.0384,Low,"[{""feature"": ""avg_grade"", ""label"": ""Average Grade"", ""value"": 91.1, ""contribution"": -0.117, ""direction"": ""decreases_risk""}, {""feature"": ""attendance"", ""label"": ""Attendance"", ""value"": 91.6, ""contribution"": -0.1165, ""direction"": ""decreases_risk""}, {""feature"": ""assignment_completion"", ""label"": ""Assignment Completion"", ""value"": 93.9, ""contribution"": -0.064, ""direction"": ""decreases_risk""}, {""feature"": ""engagement_score"", ""label"": ""Engagement"", ""value"": 69.9, ""contribution"": -0.0555, ""direction"": ""decreases_risk""}, {""feature"": ""participation_score"", ""label"": ""Participation"", ""value"": 86.4, ""contribution"": -0.0412, ""direction"": ""decreases_risk""}]"
ST1959,19,56.0,66.3,68.5,60.5,91.8,11.0,2,11,5,0,0,0.6391,High,"[{""feature"": ""attendance"", ""label"": ""Attendance"", ""value"": 56.0, ""contribution"": 0.1724, ""direction"": ""increases_risk""}, {""feature"": ""avg_grade"", ""label"": ""Average Grade"", ""value"": 66.3, ""contribution"": -0.0684, ""direction"": ""decreases_risk""}, {""feature"": ""participation_score"", ""label"": ""Participation"", ""value"": 91.8, ""contribution"": -0.0656, ""direction"": ""decreases_risk""}, {""feature"": ""engagement_score"", ""label"": ""Engagement"", ""value"": 60.5, ""contribution"": 0.0522, ""direction"": ""increases_risk""}, {""feature"": ""assignment_completion"", ""label"": ""Assignment Completion"", ""value"": 68.5, ""contribution"": 0.0467, ""direction"": ""increases_risk""}]"
ST1960,17,100.0,100.0,100.0,87.9,95.2,24.1,0,0,1,1,0,0.0038,Low,"[{""feature"": ""attendance"", ""label"": ""Attendance"", ""value"": 100.0, ""contribution"": -0.1128, ""direction"": ""decreases_risk""}, {""feature"": ""avg_grade"", ""label"": ""Average Grade"", ""value"": 100.0, ""contribution"": -0.1077, ""direction"": ""decreases_risk""}, {""feature"": ""engagement_score"", ""label"": ""Engagement"", ""value"": 87.9, ""contribution"": -0.0962, ""direction"": ""decreases_risk""}, {""feature"": ""assignment_completion"", ""label"": ""Assignment Completion"", ""value"": 100.0, ""contribution"": -0.0743, ""direction"": ""decreases_risk""}, {""feature"": ""participation_score"", ""label"": ""Participation"", ""value"": 95.2, ""contribution"": -0.0413, ""direction"": ""decreases_risk""}]"
ST1961,19,100.0,90.7,92.5,100.0,66.7,14.5,0,6,5,0,0,0.0103,Low,"[{""feature"": ""avg_grade"", ""label"": ""Average Grade"", ""value"": 90.7, ""contribution"": -0.1133, ""direction"": ""decreases_risk""}, {""feature"": ""attendance"", ""label"": ""Attendance"", ""value"": 100.0, ""contribution"": -0.1129, ""direction"": ""decreases_risk""}, {""feature"": ""engagement_score"", ""label"": ""Engagement"", ""value"": 100.0, ""contribution"": -0.0925, ""direction"": ""decreases_risk""}, {""feature"": ""assignment_completion"", ""label"": ""Assignment Completion"", ""value"": 92.5, ""contribution"": -0.073, ""direction"": ""decreases_risk""}, {""feature"": ""absences"", ""label"": ""Absences"", ""value"": 6.0, ""contribution"": -0.0317, ""direction"": ""decreases_risk""}]"
ST1962,22,63.2,57.4,59.0,43.1,44.6,6.8,2,14,5,0,1,0.9749,High,"[{""feature"": ""attendance"", ""label"": ""Attendance"", ""value"": 63.2, ""contribution"": 0.111, ""direction"": ""increases_risk""}, {""feature"": ""engagement_score"", ""label"": ""Engagement"", ""value"": 43.1, ""contribution"": 0.1081, ""direction"": ""increases_risk""}, {""feature"": ""avg_grade"", ""label"": ""Average Grade"", ""value"": 57.4, ""contribution"": 0.0879, ""direction"": ""increases_risk""}, {""feature"": ""assignment_completion"", ""label"": ""Assignment Completion"", ""value"": 59.0, ""contribution"": 0.0757, ""direction"": ""increases_risk""}, {""feature"": ""participation_score"", ""label"": ""Participation"", ""value"": 44.6, ""contribution"": 0.0531, ""direction"": ""increases_risk""}]"
ST1963,17,75.0,76.6,81.5,72.5,60.9,14.5,1,8,2,1,0,0.0951,Low,"[{""feature"": ""attendance"", ""label"": ""Attendance"", ""value"": 75.0, ""contribution"": -0.091, ""direction"": ""decreases_risk""}, {""feature"": ""avg_grade"", ""label"": ""Average Grade"", ""value"": 76.6, ""contribution"": -0.0882, ""direction"": ""decreases_risk""}, {""feature"": ""assignment_completion"", ""label"": ""Assignment Completion"", ""value"": 81.5, ""contribution"": -0.072, ""direction"": ""decreases_risk""}, {""feature"": ""engagement_score"", ""label"": ""Engagement"", ""value"": 72.5, ""contribution"": -0.0655, ""direction"": ""decreases_risk""}, {""feature"": ""absences"", ""label"": ""Absences"", ""value"": 8.0, ""contribution"": -0.0465, ""direction"": ""decreases_risk""}]"
ST1964,23,68.7,54.7,36.8,45.6,51.9,8.2,1,10,1,0,1,0.9663,High,"[{""feature"": ""engagement_score"", ""label"": ""Engagement"", ""value"": 45.6, ""contribution"": 0.1127, ""direction"": ""increases_risk""}, {""feature"": ""avg_grade"", ""label"": ""Average Grade"", ""value"": 54.7, ""contribution"": 0.0973, ""direction"": ""increases_risk""}, {""feature"": ""attendance"", ""label"": ""Attendance"", ""value"": 68.7, ""contribution"": 0.0906, ""direction"": ""increases_risk""}, {""feature"": ""assignment_completion"", ""label"": ""Assignment Completion"", ""value"": 36.8, ""contribution"": 0.089, ""direction"": ""increases_risk""}, {""feature"": ""participation_score"", ""label"": ""Participation"", ""value"": 51.9, ""contribution"": 0.051, ""direction"": ""increases_risk""}]"
ST1965,20,66.3,59.7,69.2,71.0,60.3,6.4,0,13,4,1,0,0.322,Medium,"[{""feature"": ""engagement_score"", ""label"": ""Engagement"", ""value"": 71.0, ""contribution"": -0.1814, ""direction"": ""decreases_risk""}, {""feature"": ""previous_failures"", ""label"": ""Previous Failures"", ""value"": 0.0, ""contribution"": -0.0778, ""direction"": ""decreases_risk""}, {""feature"": ""avg_grade"", ""label"": ""Average Grade"", ""value"": 59.7, ""contribution"": 0.0577, ""direction"": ""increases_risk""}, {""feature"": ""attendance"", ""label"": ""Attendance"", ""value"": 66.3, ""contribution"": 0.0528, ""direction"": ""increases_risk""}, {""feature"": ""absences"", ""label"": ""Absences"", ""value"": 13.0, ""contribution"": 0.0243, ""direction"": ""increases_risk""}]"
ST1966,20,63.9,77.2,89.5,64.3,63.0,8.6,0,18,5,0,0,0.3492,Medium,"[{""feature"": ""attendance"", ""label"": ""Attendance"", ""value"": 63.9, ""contribution"": 0.1393, ""direction"": ""increases_risk""}, {""feature"": ""avg_grade"", ""label"": ""Average Grade"", ""value"": 77.2, ""contribution"": -0.1324, ""direction"": ""decreases_risk""}, {""feature"": ""assignment_completion"", ""label"": ""Assignment Completion"", ""value"": 89.5, ""contribution"": -0.0907, ""direction"": ""decreases_risk""}, {""feature"": ""previous_failures"", ""label"": ""Previous Failures"", ""value"": 0.0, ""contribution"": -0.0533, ""direction"": ""decreases_risk""}, {""feature"": ""participation_score"", ""label"": ""Participation"", ""value"": 63.0, ""contribution"": -0.048, ""direction"": ""decreases_risk""}]"
ST1967,18,62.6,57.8,39.6,35.5,33.6,3.5,3,11,1,0,1,0.9863,High,"[{""feature"": ""attendance"", ""label"": ""Attendance"", ""value"": 62.6, ""contribution"": 0.1113, ""direction"": ""increases_risk""}, {""feature"": ""engagement_score"", ""label"": ""Engagement"", ""value"": 35.5, ""contribution"": 0.1014, ""direction"": ""increases_risk""}, {""feature"": ""avg_grade"", ""label"": ""Average Grade"", ""value"": 57.8, ""contribution"": 0.0911, ""direction"": ""increases_risk""}, {""feature"": ""assignment_completion"", ""label"": ""Assignment Completion"", ""value"": 39.6, ""contribution"": 0.0785, ""direction"": ""increases_risk""}, {""feature"": ""participation_score"", ""label"": ""Participation"", ""value"": 33.6, ""contribution"": 0.047, ""direction"": ""increases_risk""}]"
ST1968,23,92.7,77.6,87.6,86.5,88.8,6.6,1,0,4,1,0,0.0339,Low,"[{""feature"": ""attendance"", ""label"": ""Attendance"", ""value"": 92.7, ""contribution"": -0.1181, ""direction"": ""decreases_risk""}, {""feature"": ""engagement_score"", ""label"": ""Engagement"", ""value"": 86.5, ""contribution"": -0.1046, ""direction"": ""decreases_risk""}, {""feature"": ""avg_grade"", ""label"": ""Average Grade"", ""value"": 77.6, ""contribution"": -0.0944, ""direction"": ""decreases_risk""}, {""feature"": ""assignment_completion"", ""label"": ""Assignment Completion"", ""value"": 87.6, ""contribution"": -0.0787, ""direction"": ""decreases_risk""}, {""feature"": ""participation_score"", ""label"": ""Participation"", ""value"": 88.8, ""contribution"": -0.0433, ""direction"": ""decreases_risk""}]"
ST1969,16,100.0,100.0,100.0,100.0,96.2,24.2,0,0,5,1,0,0.0008,Low,"[{""feature"": ""avg_grade"", ""label"": ""Average Grade"", ""value"": 100.0, ""contribution"": -0.1108, ""direction"": ""decreases_risk""}, {""feature"": ""attendance"", ""label"": ""Attendance"", ""value"": 100.0, ""contribution"": -0.1071, ""direction"": ""decreases_risk""}, {""feature"": ""engagement_score"", ""label"": ""Engagement"", ""value"": 100.0, ""contribution"": -0.0948, ""direction"": ""decreases_risk""}, {""feature"": ""assignment_completion"", ""label"": ""Assignment Completion"", ""value"": 100.0, ""contribution"": -0.0733, ""direction"": ""decreases_risk""}, {""feature"": ""participation_score"", ""label"": ""Participation"", ""value"": 96.2, ""contribution"": -0.0403, ""direction"": ""decreases_risk""}]"
ST1970,18,88.2,70.6,86.5,81.2,76.8,16.7,0,4,1,0,0,0.0633,Low,"[{""feature"": ""attendance"", ""label"": ""Attendance"", ""value"": 88.2, ""contribution"": -0.1134, ""direction"": ""decreases_risk""}, {""feature"": ""engagement_score"", ""label"": ""Engagement"", ""value"": 81.2, ""contribution"": -0.0983, ""direction"": ""decreases_risk""}, {""feature"": ""assignment_completion"", ""label"": ""Assignment Completion"", ""value"": 86.5, ""contribution"": -0.0677, ""direction"": ""decreases_risk""}, {""feature"": ""avg_grade"", ""label"": ""Average Grade"", ""value"": 70.6, ""contribution"": -0.0562, ""direction"": ""decreases_risk""}, {""feature"": ""participation_score"", ""label"": ""Participation"", ""value"": 76.8, ""contribution"": -0.0512, ""direction"": ""decreases_risk""}]"
ST1971,19,66.6,61.0,69.5,65.9,68.6,9.4,3,7,3,1,0,0.6969,High,"[{""feature"": ""attendance"", ""label"": ""Attendance"", ""value"": 66.6, ""contribution"": 0.113, ""direction"": ""increases_risk""}, {""feature"": ""avg_grade"", ""label"": ""Average Grade"", ""value"": 61.0, ""contribution"": 0.0816, ""direction"": ""increases_risk""}, {""feature"": ""absences"", ""label"": ""Absences"", ""value"": 7.0, ""contribution"": -0.0575, ""direction"": ""decreases_risk""}, {""feature"": ""previous_failures"", ""label"": ""Previous Failures"", ""value"": 3.0, ""contribution"": 0.0528, ""direction"": ""increases_risk""}, {""feature"": ""assignment_completion"", ""label"": ""Assignment Completion"", ""value"": 69.5, ""contribution"": 0.039, ""direction"": ""increases_risk""}]"
ST1972,19,77.6,65.3,61.0,62.7,67.6,3.6,1,6,1,1,0,0.351,Medium,"[{""feature"": ""attendance"", ""label"": ""Attendance"", ""value"": 77.6, ""contribution"": -0.1398, ""direction"": ""decreases_risk""}, {""feature"": ""assignment_completion"", ""label"": ""Assignment Completion"", ""value"": 61.0, ""contribution"": 0.1166, ""direction"": ""increases_risk""}, {""feature"": ""absences"", ""label"": ""Absences"", ""value"": 6.0, ""contribution"": -0.0565, ""direction"": ""decreases_risk""}, {""feature"": ""avg_grade"", ""label"": ""Average Grade"", ""value"": 65.3, ""contribution"": -0.0464, ""direction"": ""decreases_risk""}, {""feature"": ""participation_score"", ""label"": ""Participation"", ""value"": 67.6, ""contribution"": -0.0323, ""direction"": ""decreases_risk""}]"
ST1973,19,100.0,94.6,100.0,100.0,93.0,13.6,0,0,1,0,0,0.0179,Low,"[{""feature"": ""attendance"", ""label"": ""Attendance"", ""value"": 100.0, ""contribution"": -0.1204, ""direction"": ""decreases_risk""}, {""feature"": ""avg_grade"", ""label"": ""Average Grade"", ""value"": 94.6, ""contribution"": -0.1074, ""direction"": ""decreases_risk""}, {""feature"": ""engagement_score"", ""label"": ""Engagement"", ""value"": 100.0, ""contribution"": -0.0925, ""direction"": ""decreases_risk""}, {""feature"": ""assignment_completion"", ""label"": ""Assignment Completion"", ""value"": 100.0, ""contribution"": -0.0746, ""direction"": ""decreases_risk""}, {""feature"": ""participation_score"", ""label"": ""Participation"", ""value"": 93.0, ""contribution"": -0.0396, ""direction"": ""decreases_risk""}]"
ST1974,17,87.5,100.0,91.9,76.9,85.7,15.3,1,8,3,0,0,0.0094,Low,"[{""feature"": ""attendance"", ""label"": ""Attendance"", ""value"": 87.5, ""contribution"": -0.1139, ""direction"": ""decreases_risk""}, {""feature"": ""avg_grade"", ""label"": ""Average Grade"", ""value"": 100.0, ""contribution"": -0.1127, ""direction"": ""decreases_risk""}, {""feature"": ""engagement_score"", ""label"": ""Engagement"", ""value"": 76.9, ""contribution"": -0.0909, ""direction"": ""decreases_risk""}, {""feature"": ""assignment_completion"", ""label"": ""Assignment Completion"", ""value"": 91.9, ""contribution"": -0.074, ""direction"": ""decreases_risk""}, {""feature"": ""participation_score"", ""label"": ""Participation"", ""value"": 85.7, ""contribution"": -0.044, ""direction"": ""decreases_risk""}]"
ST1975,17,73.9,80.2,88.4,100.0,77.6,20.5,1,8,2,0,0,0.0204,Low,"[{""feature"": ""avg_grade"", ""label"": ""Average Grade"", ""value"": 80.2, ""contribution"": -0.113, ""direction"": ""decreases_risk""}, {""feature"": ""engagement_score"", ""label"": ""Engagement"", ""value"": 100.0, ""contribution"": -0.1034, ""direction"": ""decreases_risk""}, {""feature"": ""attendance"", ""label"": ""Attendance"", ""value"": 73.9, ""contribution"": -0.0819, ""direction"": ""decreases_risk""}, {""feature"": ""assignment_completion"", ""label"": ""Assignment Completion"", ""value"": 88.4, ""contribution"": -0.0785, ""direction"": ""decreases_risk""}, {""feature"": ""participation_score"", ""label"": ""Participation"", ""value"": 77.6, ""contribution"": -0.0482, ""direction"": ""decreases_risk""}]"
ST1976,16,85.6,75.7,100.0,70.8,80.5,11.5,2,6,1,1,0,0.0685,Low,"[{""feature"": ""attendance"", ""label"": ""Attendance"", ""value"": 85.6, ""contribution"": -0.1273, ""direction"": ""decreases_risk""}, {""feature"": ""assignment_completion"", ""label"": ""Assignment Completion"", ""value"": 100.0, ""contribution"": -0.0765, ""direction"": ""decreases_risk""}, {""feature"": ""avg_grade"", ""label"": ""Average Grade"", ""value"": 75.7, ""contribution"": -0.068, ""direction"": ""decreases_risk""}, {""feature"": ""participation_score"", ""label"": ""Participation"", ""value"": 80.5, ""contribution"": -0.0661, ""direction"": ""decreases_risk""}, {""feature"": ""engagement_score"", ""label"": ""Engagement"", ""value"": 70.8, ""contribution"": -0.064, ""direction"": ""decreases_risk""}]"
ST1977,20,100.0,97.5,100.0,100.0,95.5,20.8,0,0,5,1,0,0.0007,Low,"[{""feature"": ""avg_grade"", ""label"": ""Average Grade"", ""value"": 97.5, ""contribution"": -0.1118, ""direction"": ""decreases_risk""}, {""feature"": ""attendance"", ""label"": ""Attendance"", ""value"": 100.0, ""contribution"": -0.1072, ""direction"": ""decreases_risk""}, {""feature"": ""engagement_score"", ""label"": ""Engagement"", ""value"": 100.0, ""contribution"": -0.0949, ""direction"": ""decreases_risk""}, {""feature"": ""assignment_completion"", ""label"": ""Assignment Completion"", ""value"": 100.0, ""contribution"": -0.0734, ""direction"": ""decreases_risk""}, {""feature"": ""participation_score"", ""label"": ""Participation"", ""value"": 95.5, ""contribution"": -0.04, ""direction"": ""decreases_risk""}]"
ST1978,18,78.5,66.1,80.8,78.2,78.6,13.4,2,8,2,0,0,0.0278,Low,"[{""feature"": ""attendance"", ""label"": ""Attendance"", ""value"": 78.5, ""contribution"": -0.1321, ""direction"": ""decreases_risk""}, {""feature"": ""engagement_score"", ""label"": ""Engagement"", ""value"": 78.2, ""contribution"": -0.1104, ""direction"": ""decreases_risk""}, {""feature"": ""assignment_completion"", ""label"": ""Assignment Completion"", ""value"": 80.8, ""contribution"": -0.0682, ""direction"": ""decreases_risk""}, {""feature"": ""participation_score"", ""label"": ""Participation"", ""value"": 78.6, ""contribution"": -0.0624, ""direction"": ""decreases_risk""}, {""feature"": ""avg_grade"", ""label"": ""Average Grade"", ""value"": 66.1, ""contribution"": -0.0503, ""direction"": ""decreases_risk""}]"
ST1979,20,96.9,80.4,88.2,91.3,75.8,15.4,1,0,5,1,0,0.0023,Low,"[{""feature"": ""attendance"", ""label"": ""Attendance"", ""value"": 96.9, ""contribution"": -0.1126, ""direction"": ""decreases_risk""}, {""feature"": ""avg_grade"", ""label"": ""Average Grade"", ""value"": 80.4, ""contribution"": -0.1063, ""direction"": ""decreases_risk""}, {""feature"": ""engagement_score"", ""label"": ""Engagement"", ""value"": 91.3, ""contribution"": -0.0937, ""direction"": ""decreases_risk""}, {""feature"": ""assignment_completion"", ""label"": ""Assignment Completion"", ""value"": 88.2, ""contribution"": -0.0814, ""direction"": ""decreases_risk""}, {""feature"": ""participation_score"", ""label"": ""Participation"", ""value"": 75.8, ""contribution"": -0.0435, ""direction"": ""decreases_risk""}]"
ST1980,20,67.1,65.9,71.2,63.6,74.0,12.2,5,10,1,1,1,0.706,High,"[{""feature"": ""attendance"", ""label"": ""Attendance"", ""value"": 67.1, ""contribution"": 0.1362, ""direction"": ""increases_risk""}, {""feature"": ""participation_score"", ""label"": ""Participation"", ""value"": 74.0, ""contribution"": -0.0597, ""direction"": ""decreases_risk""}, {""feature"": ""avg_grade"", ""label"": ""Average Grade"", ""value"": 65.9, ""contribution"": -0.0545, ""direction"": ""decreases_risk""}, {""feature"": ""previous_failures"", ""label"": ""Previous Failures"", ""value"": 5.0, ""contribution"": 0.0534, ""direction"": ""increases_risk""}, {""feature"": ""engagement_score"", ""label"": ""Engagement"", ""value"": 63.6, ""contribution"": 0.0522, ""direction"": ""increases_risk""}]"
ST1981,21,70.2,52.9,60.1,65.8,51.4,7.3,1,17,3,1,1,0.8629,High,"[{""feature"": ""avg_grade"", ""label"": ""Average Grade"", ""value"": 52.9, ""contribution"": 0.1561, ""direction"": ""increases_risk""}, {""feature"": ""assignment_completion"", ""label"": ""Assignment Completion"", ""value"": 60.1, ""contribution"": 0.0939, ""direction"": ""increases_risk""}, {""feature"": ""participation_score"", ""label"": ""Participation"", ""value"": 51.4, ""contribution"": 0.0566, ""direction"": ""increases_risk""}, {""feature"": ""absences"", ""label"": ""Absences"", ""value"": 17.0, ""contribution"": 0.0522, ""direction"": ""increases_risk""}, {""feature"": ""attendance"", ""label"": ""Attendance"", ""value"": 70.2, ""contribution"": 0.028, ""direction"": ""increases_risk""}]"
ST1982,20,88.5,69.3,63.1,63.8,74.3,10.6,0,7,4,1,0,0.1244,Low,"[{""feature"": ""attendance"", ""label"": ""Attendance"", ""value"": 88.5, ""contribution"": -0.17, ""direction"": ""decreases_risk""}, {""feature"": ""avg_grade"", ""label"": ""Average Grade"", ""value"": 69.3, ""contribution"": -0.1024, ""direction"": ""decreases_risk""}, {""feature"": ""assignment_completion"", ""label"": ""Assignment Completion"", ""value"": 63.1, ""contribution"": 0.0779, ""direction"": ""increases_risk""}, {""feature"": ""previous_failures"", ""label"": ""Previous Failures"", ""value"": 0.0, ""contribution"": -0.0635, ""direction"": ""decreases_risk""}, {""feature"": ""participation_score"", ""label"": ""Participation"", ""value"": 74.3, ""contribution"": -0.056, ""direction"": ""decreases_risk""}]"
ST1983,21,78.8,88.9,85.5,89.1,78.0,18.0,0,7,3,0,0,0.0047,Low,"[{""feature"": ""avg_grade"", ""label"": ""Average Grade"", ""value"": 88.9, ""contribution"": -0.111, ""direction"": ""decreases_risk""}, {""feature"": ""attendance"", ""label"": ""Attendance"", ""value"": 78.8, ""contribution"": -0.0991, ""direction"": ""decreases_risk""}, {""feature"": ""engagement_score"", ""label"": ""Engagement"", ""value"": 89.1, ""contribution"": -0.0974, ""direction"": ""decreases_risk""}, {""feature"": ""assignment_completion"", ""label"": ""Assignment Completion"", ""value"": 85.5, ""contribution"": -0.0698, ""direction"": ""decreases_risk""}, {""feature"": ""participation_score"", ""label"": ""Participation"", ""value"": 78.0, ""contribution"": -0.0433, ""direction"": ""decreases_risk""}]"
ST1984,20,60.9,77.9,59.7,86.7,59.3,11.5,1,23,3,0,1,0.6173,High,"[{""feature"": ""attendance"", ""label"": ""Attendance"", ""value"": 60.9, ""contribution"": 0.1708, ""direction"": ""increases_risk""}, {""feature"": ""engagement_score"", ""label"": ""Engagement"", ""value"": 86.7, ""contribution"": -0.1561, ""direction"": ""decreases_risk""}, {""feature"": ""assignment_completion"", ""label"": ""Assignment Completion"", ""value"": 59.7, ""contribution"": 0.1197, ""direction"": ""increases_risk""}, {""feature"": ""avg_grade"", ""label"": ""Average Grade"", ""value"": 77.9, ""contribution"": -0.1172, ""direction"": ""decreases_risk""}, {""feature"": ""absences"", ""label"": ""Absences"", ""value"": 23.0, ""contribution"": 0.0487, ""direction"": ""increases_risk""}]"
ST1985,21,87.9,90.7,100.0,83.2,70.5,18.9,1,1,4,1,0,0.0325,Low,"[{""feature"": ""avg_grade"", ""label"": ""Average Grade"", ""value"": 90.7, ""contribution"": -0.118, ""direction"": ""decreases_risk""}, {""feature"": ""attendance"", ""label"": ""Attendance"", ""value"": 87.9, ""contribution"": -0.0976, ""direction"": ""decreases_risk""}, {""feature"": ""engagement_score"", ""label"": ""Engagement"", ""value"": 83.2, ""contribution"": -0.0952, ""direction"": ""decreases_risk""}, {""feature"": ""assignment_completion"", ""label"": ""Assignment Completion"", ""value"": 100.0, ""contribution"": -0.0846, ""direction"": ""decreases_risk""}, {""feature"": ""participation_score"", ""label"": ""Participation"", ""value"": 70.5, ""contribution"": -0.0233, ""direction"": ""decreases_risk""}]"
ST1986,20,100.0,90.0,100.0,91.6,80.2,15.1,1,3,1,0,0,0.0063,Low,"[{""feature"": ""attendance"", ""label"": ""Attendance"", ""value"": 100.0, ""contribution"": -0.1209, ""direction"": ""decreases_risk""}, {""feature"": ""avg_grade"", ""label"": ""Average Grade"", ""value"": 90.0, ""contribution"": -0.1103, ""direction"": ""decreases_risk""}, {""feature"": ""engagement_score"", ""label"": ""Engagement"", ""value"": 91.6, ""contribution"": -0.0973, ""direction"": ""decreases_risk""}, {""feature"": ""assignment_completion"", ""label"": ""Assignment Completion"", ""value"": 100.0, ""contribution"": -0.0813, ""direction"": ""decreases_risk""}, {""feature"": ""participation_score"", ""label"": ""Participation"", ""value"": 80.2, ""contribution"": -0.0433, ""direction"": ""decreases_risk""}]"
ST1987,18,90.0,86.9,87.5,82.2,75.7,20.5,0,0,5,0,0,0.0029,Low,"[{""feature"": ""avg_grade"", ""label"": ""Average Grade"", ""value"": 86.9, ""contribution"": -0.1137, ""direction"": ""decreases_risk""}, {""feature"": ""attendance"", ""label"": ""Attendance"", ""value"": 90.0, ""contribution"": -0.1118, ""direction"": ""decreases_risk""}, {""feature"": ""engagement_score"", ""label"": ""Engagement"", ""value"": 82.2, ""contribution"": -0.0939, ""direction"": ""decreases_risk""}, {""feature"": ""assignment_completion"", ""label"": ""Assignment Completion"", ""value"": 87.5, ""contribution"": -0.0736, ""direction"": ""decreases_risk""}, {""feature"": ""participation_score"", ""label"": ""Participation"", ""value"": 75.7, ""contribution"": -0.0413, ""direction"": ""decreases_risk""}]"
ST1988,17,83.2,76.5,83.6,77.8,60.8,15.7,0,5,4,1,0,0.0675,Low,"[{""feature"": ""attendance"", ""label"": ""Attendance"", ""value"": 83.2, ""contribution"": -0.0965, ""direction"": ""decreases_risk""}, {""feature"": ""engagement_score"", ""label"": ""Engagement"", ""value"": 77.8, ""contribution"": -0.0875, ""direction"": ""decreases_risk""}, {""feature"": ""avg_grade"", ""label"": ""Average Grade"", ""value"": 76.5, ""contribution"": -0.0803, ""direction"": ""decreases_risk""}, {""feature"": ""assignment_completion"", ""label"": ""Assignment Completion"", ""value"": 83.6, ""contribution"": -0.0626, ""direction"": ""decreases_risk""}, {""feature"": ""absences"", ""label"": ""Absences"", ""value"": 5.0, ""contribution"": -0.0363, ""direction"": ""decreases_risk""}]"
ST1989,22,82.6,83.3,79.5,100.0,77.1,18.5,0,2,4,1,0,0.0248,Low,"[{""feature"": ""avg_grade"", ""label"": ""Average Grade"", ""value"": 83.3, ""contribution"": -0.11, ""direction"": ""decreases_risk""}, {""feature"": ""attendance"", ""label"": ""Attendance"", ""value"": 82.6, ""contribution"": -0.0993, ""direction"": ""decreases_risk""}, {""feature"": ""engagement_score"", ""label"": ""Engagement"", ""value"": 100.0, ""contribution"": -0.0925, ""direction"": ""decreases_risk""}, {""feature"": ""assignment_completion"", ""label"": ""Assignment Completion"", ""value"": 79.5, ""contribution"": -0.0535, ""direction"": ""decreases_risk""}, {""feature"": ""participation_score"", ""label"": ""Participation"", ""value"": 77.1, ""contribution"": -0.0478, ""direction"": ""decreases_risk""}]"
ST1990,18,90.9,63.0,69.1,56.3,68.7,11.7,1,4,3,1,0,0.196,Low,"[{""feature"": ""attendance"", ""label"": ""Attendance"", ""value"": 90.9, ""contribution"": -0.2314, ""direction"": ""decreases_risk""}, {""feature"": ""absences"", ""label"": ""Absences"", ""value"": 4.0, ""contribution"": -0.0488, ""direction"": ""decreases_risk""}, {""feature"": ""engagement_score"", ""label"": ""Engagement"", ""value"": 56.3, ""contribution"": 0.0395, ""direction"": ""increases_risk""}, {""feature"": ""participation_score"", ""label"": ""Participation"", ""value"": 68.7, ""contribution"": -0.0335, ""direction"": ""decreases_risk""}, {""feature"": ""assignment_completion"", ""label"": ""Assignment Completion"", ""value"": 69.1, ""contribution"": 0.0277, ""direction"": ""increases_risk""}]"
ST1991,20,72.3,54.5,78.1,46.4,71.7,7.2,2,10,2,1,1,0.5723,Medium,"[{""feature"": ""engagement_score"", ""label"": ""Engagement"", ""value"": 46.4, ""contribution"": 0.1365, ""direction"": ""increases_risk""}, {""feature"": ""avg_grade"", ""label"": ""Average Grade"", ""value"": 54.5, ""contribution"": 0.127, ""direction"": ""increases_risk""}, {""feature"": ""attendance"", ""label"": ""Attendance"", ""value"": 72.3, ""contribution"": -0.0838, ""direction"": ""decreases_risk""}, {""feature"": ""assignment_completion"", ""label"": ""Assignment Completion"", ""value"": 78.1, ""contribution"": -0.083, ""direction"": ""decreases_risk""}, {""feature"": ""participation_score"", ""label"": ""Participation"", ""value"": 71.7, ""contribution"": -0.0545, ""direction"": ""decreases_risk""}]"
ST1992,17,100.0,92.4,100.0,100.0,96.3,19.1,0,0,3,1,0,0.0003,Low,"[{""feature"": ""attendance"", ""label"": ""Attendance"", ""value"": 100.0, ""contribution"": -0.1116, ""direction"": ""decreases_risk""}, {""feature"": ""avg_grade"", ""label"": ""Average Grade"", ""value"": 92.4, ""contribution"": -0.11, ""direction"": ""decreases_risk""}, {""feature"": ""engagement_score"", ""label"": ""Engagement"", ""value"": 100.0, ""contribution"": -0.0941, ""direction"": ""decreases_risk""}, {""feature"": ""assignment_completion"", ""label"": ""Assignment Completion"", ""value"": 100.0, ""contribution"": -0.0728, ""direction"": ""decreases_risk""}, {""feature"": ""participation_score"", ""label"": ""Participation"", ""value"": 96.3, ""contribution"": -0.0388, ""direction"": ""decreases_risk""}]"
ST1993,19,86.3,60.3,88.5,74.7,39.1,10.6,2,8,4,0,0,0.3973,Medium,"[{""feature"": ""avg_grade"", ""label"": ""Average Grade"", ""value"": 60.3, ""contribution"": 0.1425, ""direction"": ""increases_risk""}, {""feature"": ""attendance"", ""label"": ""Attendance"", ""value"": 86.3, ""contribution"": -0.1383, ""direction"": ""decreases_risk""}, {""feature"": ""assignment_completion"", ""label"": ""Assignment Completion"", ""value"": 88.5, ""contribution"": -0.0935, ""direction"": ""decreases_risk""}, {""feature"": ""participation_score"", ""label"": ""Participation"", ""value"": 39.1, ""contribution"": 0.0883, ""direction"": ""increases_risk""}, {""feature"": ""engagement_score"", ""label"": ""Engagement"", ""value"": 74.7, ""contribution"": -0.0539, ""direction"": ""decreases_risk""}]"
ST1994,20,87.1,78.6,84.2,95.6,78.1,15.9,2,3,5,0,0,0.0261,Low,"[{""feature"": ""attendance"", ""label"": ""Attendance"", ""value"": 87.1, ""contribution"": -0.1196, ""direction"": ""decreases_risk""}, {""feature"": ""engagement_score"", ""label"": ""Engagement"", ""value"": 95.6, ""contribution"": -0.0964, ""direction"": ""decreases_risk""}, {""feature"": ""avg_grade"", ""label"": ""Average Grade"", ""value"": 78.6, ""contribution"": -0.0935, ""direction"": ""decreases_risk""}, {""feature"": ""assignment_completion"", ""label"": ""Assignment Completion"", ""value"": 84.2, ""contribution"": -0.0762, ""direction"": ""decreases_risk""}, {""feature"": ""participation_score"", ""label"": ""Participation"", ""value"": 78.1, ""contribution"": -0.0481, ""direction"": ""decreases_risk""}]"
ST1995,21,69.7,67.2,68.9,59.2,57.1,9.9,1,12,5,0,1,0.6595,High,"[{""feature"": ""avg_grade"", ""label"": ""Average Grade"", ""value"": 67.2, ""contribution"": -0.0639, ""direction"": ""decreases_risk""}, {""feature"": ""attendance"", ""label"": ""Attendance"", ""value"": 69.7, ""contribution"": 0.0629, ""direction"": ""increases_risk""}, {""feature"": ""participation_score"", ""label"": ""Participation"", ""value"": 57.1, ""contribution"": 0.0495, ""direction"": ""increases_risk""}, {""feature"": ""absences"", ""label"": ""Absences"", ""value"": 12.0, ""contribution"": 0.0487, ""direction"": ""increases_risk""}, {""feature"": ""engagement_score"", ""label"": ""Engagement"", ""value"": 59.2, ""contribution"": 0.0456, ""direction"": ""increases_risk""}]"
ST1996,20,76.8,85.6,70.4,72.8,73.2,7.6,0,11,1,1,0,0.2037,Low,"[{""feature"": ""avg_grade"", ""label"": ""Average Grade"", ""value"": 85.6, ""contribution"": -0.1117, ""direction"": ""decreases_risk""}, {""feature"": ""attendance"", ""label"": ""Attendance"", ""value"": 76.8, ""contribution"": -0.1031, ""direction"": ""decreases_risk""}, {""feature"": ""engagement_score"", ""label"": ""Engagement"", ""value"": 72.8, ""contribution"": -0.0721, ""direction"": ""decreases_risk""}, {""feature"": ""assignment_completion"", ""label"": ""Assignment Completion"", ""value"": 70.4, ""contribution"": 0.0615, ""direction"": ""increases_risk""}, {""feature"": ""previous_failures"", ""label"": ""Previous Failures"", ""value"": 0.0, ""contribution"": -0.0514, ""direction"": ""decreases_risk""}]"
ST1997,18,100.0,93.2,100.0,90.2,88.2,13.5,0,0,1,1,0,0.0035,Low,"[{""feature"": ""attendance"", ""label"": ""Attendance"", ""value"": 100.0, ""contribution"": -0.1157, ""direction"": ""decreases_risk""}, {""feature"": ""avg_grade"", ""label"": ""Average Grade"", ""value"": 93.2, ""contribution"": -0.1064, ""direction"": ""decreases_risk""}, {""feature"": ""engagement_score"", ""label"": ""Engagement"", ""value"": 90.2, ""contribution"": -0.0973, ""direction"": ""decreases_risk""}, {""feature"": ""assignment_completion"", ""label"": ""Assignment Completion"", ""value"": 100.0, ""contribution"": -0.0755, ""direction"": ""decreases_risk""}, {""feature"": ""participation_score"", ""label"": ""Participation"", ""value"": 88.2, ""contribution"": -0.0408, ""direction"": ""decreases_risk""}]"
ST1998,23,100.0,97.9,100.0,95.5,83.6,12.5,0,0,5,1,0,0.0006,Low,"[{""feature"": ""attendance"", ""label"": ""Attendance"", ""value"": 100.0, ""contribution"": -0.1111, ""direction"": ""decreases_risk""}, {""feature"": ""avg_grade"", ""label"": ""Average Grade"", ""value"": 97.9, ""contribution"": -0.1062, ""direction"": ""decreases_risk""}, {""feature"": ""engagement_score"", ""label"": ""Engagement"", ""value"": 95.5, ""contribution"": -0.0955, ""direction"": ""decreases_risk""}, {""feature"": ""assignment_completion"", ""label"": ""Assignment Completion"", ""value"": 100.0, ""contribution"": -0.0739, ""direction"": ""decreases_risk""}, {""feature"": ""participation_score"", ""label"": ""Participation"", ""value"": 83.6, ""contribution"": -0.0422, ""direction"": ""decreases_risk""}]"
ST1999,20,82.5,74.7,100.0,52.0,66.5,13.7,1,6,2,1,0,0.2661,Low,"[{""feature"": ""attendance"", ""label"": ""Attendance"", ""value"": 82.5, ""contribution"": -0.148, ""direction"": ""decreases_risk""}, {""feature"": ""engagement_score"", ""label"": ""Engagement"", ""value"": 52.0, ""contribution"": 0.1456, ""direction"": ""increases_risk""}, {""feature"": ""assignment_completion"", ""label"": ""Assignment Completion"", ""value"": 100.0, ""contribution"": -0.0623, ""direction"": ""decreases_risk""}, {""feature"": ""avg_grade"", ""label"": ""Average Grade"", ""value"": 74.7, ""contribution"": -0.0609, ""direction"": ""decreases_risk""}, {""feature"": ""absences"", ""label"": ""Absences"", ""value"": 6.0, ""contribution"": -0.0462, ""direction"": ""decreases_risk""}]"
ST2000,22,55.3,50.1,74.0,57.2,53.4,3.9,2,18,3,1,1,0.9575,High,"[{""feature"": ""attendance"", ""label"": ""Attendance"", ""value"": 55.3, ""contribution"": 0.1417, ""direction"": ""increases_risk""}, {""feature"": ""avg_grade"", ""label"": ""Average Grade"", ""value"": 50.1, ""contribution"": 0.1348, ""direction"": ""increases_risk""}, {""feature"": ""engagement_score"", ""label"": ""Engagement"", ""value"": 57.2, ""contribution"": 0.0616, ""direction"": ""increases_risk""}, {""feature"": ""absences"", ""label"": ""Absences"", ""value"": 18.0, ""contribution"": 0.0446, ""direction"": ""increases_risk""}, {""feature"": ""participation_score"", ""label"": ""Participation"", ""value"": 53.4, ""contribution"": 0.0386, ""direction"": ""increases_risk""}]"
ST2001,21,100.0,100.0,100.0,100.0,100.0,22.9,0,4,1,0,0,0.1096,Low,"[{""feature"": ""attendance"", ""label"": ""Attendance"", ""value"": 100.0, ""contribution"": -0.1101, ""direction"": ""decreases_risk""}, {""feature"": ""avg_grade"", ""label"": ""Average Grade"", ""value"": 100.0, ""contribution"": -0.0967, ""direction"": ""decreases_risk""}, {""feature"": ""engagement_score"", ""label"": ""Engagement"", ""value"": 100.0, ""contribution"": -0.083, ""direction"": ""decreases_risk""}, {""feature"": ""assignment_completion"", ""label"": ""Assignment Completion"", ""value"": 100.0, ""contribution"": -0.0656, ""direction"": ""decreases_risk""}, {""feature"": ""family_support"", ""label"": ""Family Support"", ""value"": 1.0, ""contribution"": 0.0284, ""direction"": ""increases_risk""}]"
ST2002,20,62.7,70.4,65.1,63.4,62.9,10.9,0,12,1,1,1,0.675,High,"[{""feature"": ""attendance"", ""label"": ""Attendance"", ""value"": 62.7, ""contribution"": 0.1876, ""direction"": ""increases_risk""}, {""feature"": ""avg_grade"", ""label"": ""Average Grade"", ""value"": 70.4, ""contribution"": -0.0777, ""direction"": ""decreases_risk""}, {""feature"": ""assignment_completion"", ""label"": ""Assignment Completion"", ""value"": 65.1, ""contribution"": 0.0731, ""direction"": ""increases_risk""}, {""feature"": ""previous_failures"", ""label"": ""Previous Failures"", ""value"": 0.0, ""contribution"": -0.0674, ""direction"": ""decreases_risk""}, {""feature"": ""participation_score"", ""label"": ""Participation"", ""value"": 62.9, ""contribution"": -0.0424, ""direction"": ""decreases_risk""}]"
ST2003,23,70.1,54.4,53.9,44.1,63.3,6.5,1,10,3,1,1,0.8626,High,"[{""feature"": ""engagement_score"", ""label"": ""Engagement"", ""value"": 44.1, ""contribution"": 0.1338, ""direction"": ""increases_risk""}, {""feature"": ""assignment_completion"", ""label"": ""Assignment Completion"", ""value"": 53.9, ""contribution"": 0.1191, ""direction"": ""increases_risk""}, {""feature"": ""avg_grade"", ""label"": ""Average Grade"", ""value"": 54.4, ""contribution"": 0.1117, ""direction"": ""increases_risk""}, {""feature"": ""participation_score"", ""label"": ""Participation"", ""value"": 63.3, ""contribution"": -0.038, ""direction"": ""decreases_risk""}, {""feature"": ""attendance"", ""label"": ""Attendance"", ""value"": 70.1, ""contribution"": 0.0348, ""direction"": ""increases_risk""}]"
ST2004,17,74.8,71.9,80.9,63.6,80.5,14.0,2,6,4,1,0,0.0559,Low,"[{""feature"": ""attendance"", ""label"": ""Attendance"", ""value"": 74.8, ""contribution"": -0.1431, ""direction"": ""decreases_risk""}, {""feature"": ""avg_grade"", ""label"": ""Average Grade"", ""value"": 71.9, ""contribution"": -0.096, ""direction"": ""decreases_risk""}, {""feature"": ""assignment_completion"", ""label"": ""Assignment Completion"", ""value"": 80.9, ""contribution"": -0.0753, ""direction"": ""decreases_risk""}, {""feature"": ""participation_score"", ""label"": ""Participation"", ""value"": 80.5, ""contribution"": -0.0608, ""direction"": ""decreases_risk""}, {""feature"": ""absences"", ""label"": ""Absences"", ""value"": 6.0, ""contribution"": -0.0523, ""direction"": ""decreases_risk""}]"
ST2005,23,72.6,59.5,70.1,66.7,67.6,10.0,1,11,4,0,1,0.4574,Medium,"[{""feature"": ""avg_grade"", ""label"": ""Average Grade"", ""value"": 59.5, ""contribution"": 0.1242, ""direction"": ""increases_risk""}, {""feature"": ""attendance"", ""label"": ""Attendance"", ""value"": 72.6, ""contribution"": -0.0827, ""direction"": ""decreases_risk""}, {""feature"": ""participation_score"", ""label"": ""Participation"", ""value"": 67.6, ""contribution"": -0.0409, ""direction"": ""decreases_risk""}, {""feature"": ""engagement_score"", ""label"": ""Engagement"", ""value"": 66.7, ""contribution"": -0.0406, ""direction"": ""decreases_risk""}, {""feature"": ""previous_failures"", ""label"": ""Previous Failures"", ""value"": 1.0, ""contribution"": -0.0276, ""direction"": ""decreases_risk""}]"
ST2006,22,100.0,75.6,100.0,70.6,58.2,7.0,0,0,5,1,0,0.1965,Low,"[{""feature"": ""attendance"", ""label"": ""Attendance"", ""value"": 100.0, ""contribution"": -0.1151, ""direction"": ""decreases_risk""}, {""feature"": ""engagement_score"", ""label"": ""Engagement"", ""value"": 70.6, ""contribution"": -0.0615, ""direction"": ""decreases_risk""}, {""feature"": ""avg_grade"", ""label"": ""Average Grade"", ""value"": 75.6, ""contribution"": -0.0563, ""direction"": ""decreases_risk""}, {""feature"": ""assignment_completion"", ""label"": ""Assignment Completion"", ""value"": 100.0, ""contribution"": -0.0549, ""direction"": ""decreases_risk""}, {""feature"": ""participation_score"", ""label"": ""Participation"", ""value"": 58.2, ""contribution"": 0.0481, ""direction"": ""increases_risk""}]"
ST2007,20,83.6,68.3,72.1,76.8,82.0,11.6,2,5,1,0,0,0.0954,Low,"[{""feature"": ""attendance"", ""label"": ""Attendance"", ""value"": 83.6, ""contribution"": -0.1566, ""direction"": ""decreases_risk""}, {""feature"": ""engagement_score"", ""label"": ""Engagement"", ""value"": 76.8, ""contribution"": -0.1003, ""direction"": ""decreases_risk""}, {""feature"": ""avg_grade"", ""label"": ""Average Grade"", ""value"": 68.3, ""contribution"": -0.0919, ""direction"": ""decreases_risk""}, {""feature"": ""participation_score"", ""label"": ""Participation"", ""value"": 82.0, ""contribution"": -0.061, ""direction"": ""decreases_risk""}, {""feature"": ""absences"", ""label"": ""Absences"", ""value"": 5.0, ""contribution"": -0.0348, ""direction"": ""decreases_risk""}]"
ST2008,21,100.0,96.3,100.0,100.0,85.7,20.6,0,0,2,0,0,0.001,Low,"[{""feature"": ""attendance"", ""label"": ""Attendance"", ""value"": 100.0, ""contribution"": -0.1178, ""direction"": ""decreases_risk""}, {""feature"": ""avg_grade"", ""label"": ""Average Grade"", ""value"": 96.3, ""contribution"": -0.1126, ""direction"": ""decreases_risk""}, {""feature"": ""engagement_score"", ""label"": ""Engagement"", ""value"": 100.0, ""contribution"": -0.0947, ""direction"": ""decreases_risk""}, {""feature"": ""assignment_completion"", ""label"": ""Assignment Completion"", ""value"": 100.0, ""contribution"": -0.0733, ""direction"": ""decreases_risk""}, {""feature"": ""participation_score"", ""label"": ""Participation"", ""value"": 85.7, ""contribution"": -0.0383, ""direction"": ""decreases_risk""}]"
ST2009,20,100.0,100.0,100.0,100.0,100.0,27.5,0,2,3,0,0,0.0283,Low,"[{""feature"": ""attendance"", ""label"": ""Attendance"", ""value"": 100.0, ""contribution"": -0.1133, ""direction"": ""decreases_risk""}, {""feature"": ""avg_grade"", ""label"": ""Average Grade"", ""value"": 100.0, ""contribution"": -0.1054, ""direction"": ""decreases_risk""}, {""feature"": ""engagement_score"", ""label"": ""Engagement"", ""value"": 100.0, ""contribution"": -0.0898, ""direction"": ""decreases_risk""}, {""feature"": ""assignment_completion"", ""label"": ""Assignment Completion"", ""value"": 100.0, ""contribution"": -0.0692, ""direction"": ""decreases_risk""}, {""feature"": ""participation_score"", ""label"": ""Participation"", ""value"": 100.0, ""contribution"": -0.0247, ""direction"": ""decreases_risk""}]"
ST2010,18,60.5,57.8,62.3,37.5,44.1,12.8,3,12,3,0,1,0.9673,High,"[{""feature"": ""attendance"", ""label"": ""Attendance"", ""value"": 60.5, ""contribution"": 0.1175, ""direction"": ""increases_risk""}, {""feature"": ""engagement_score"", ""label"": ""Engagement"", ""value"": 37.5, ""contribution"": 0.0981, ""direction"": ""increases_risk""}, {""feature"": ""avg_grade"", ""label"": ""Average Grade"", ""value"": 57.8, ""contribution"": 0.0966, ""direction"": ""increases_risk""}, {""feature"": ""assignment_completion"", ""label"": ""Assignment Completion"", ""value"": 62.3, ""contribution"": 0.0653, ""direction"": ""increases_risk""}, {""feature"": ""participation_score"", ""label"": ""Participation"", ""value"": 44.1, ""contribution"": 0.0502, ""direction"": ""increases_risk""}]"
ST2011,22,90.5,99.2,98.4,84.1,68.8,12.3,0,1,1,1,0,0.0087,Low,"[{""feature"": ""attendance"", ""label"": ""Attendance"", ""value"": 90.5, ""contribution"": -0.1199, ""direction"": ""decreases_risk""}, {""feature"": ""avg_grade"", ""label"": ""Average Grade"", ""value"": 99.2, ""contribution"": -0.1084, ""direction"": ""decreases_risk""}, {""feature"": ""engagement_score"", ""label"": ""Engagement"", ""value"": 84.1, ""contribution"": -0.0982, ""direction"": ""decreases_risk""}, {""feature"": ""assignment_completion"", ""label"": ""Assignment Completion"", ""value"": 98.4, ""contribution"": -0.0774, ""direction"": ""decreases_risk""}, {""feature"": ""absences"", ""label"": ""Absences"", ""value"": 1.0, ""contribution"": -0.0291, ""direction"": ""decreases_risk""}]"
ST2012,17,82.2,72.6,77.2,82.0,96.1,13.0,2,8,3,0,0,0.0384,Low,"[{""feature"": ""attendance"", ""label"": ""Attendance"", ""value"": 82.2, ""contribution"": -0.1305, ""direction"": ""decreases_risk""}, {""feature"": ""engagement_score"", ""label"": ""Engagement"", ""value"": 82.0, ""contribution"": -0.1073, ""direction"": ""decreases_risk""}, {""feature"": ""avg_grade"", ""label"": ""Average Grade"", ""value"": 72.6, ""contribution"": -0.0906, ""direction"": ""decreases_risk""}, {""feature"": ""participation_score"", ""label"": ""Participation"", ""value"": 96.1, ""contribution"": -0.0464, ""direction"": ""decreases_risk""}, {""feature"": ""assignment_completion"", ""label"": ""Assignment Completion"", ""value"": 77.2, ""contribution"": -0.0386, ""direction"": ""decreases_risk""}]"
ST2013,18,100.0,99.8,100.0,95.6,76.9,13.5,0,0,5,0,0,0.0002,Low,"[{""feature"": ""attendance"", ""label"": ""Attendance"", ""value"": 100.0, ""contribution"": -0.1167, ""direction"": ""decreases_risk""}, {""feature"": ""avg_grade"", ""label"": ""Average Grade"", ""value"": 99.8, ""contribution"": -0.1073, ""direction"": ""decreases_risk""}, {""feature"": ""engagement_score"", ""label"": ""Engagement"", ""value"": 95.6, ""contribution"": -0.0941, ""direction"": ""decreases_risk""}, {""feature"": ""assignment_completion"", ""label"": ""Assignment Completion"", ""value"": 100.0, ""contribution"": -0.0741, ""direction"": ""decreases_risk""}, {""feature"": ""participation_score"", ""label"": ""Participation"", ""value"": 76.9, ""contribution"": -0.0421, ""direction"": ""decreases_risk""}]"
ST2014,20,100.0,89.6,100.0,81.7,100.0,22.9,0,0,1,1,0,0.0303,Low,"[{""feature"": ""attendance"", ""label"": ""Attendance"", ""value"": 100.0, ""contribution"": -0.111, ""direction"": ""decreases_risk""}, {""feature"": ""avg_grade"", ""label"": ""Average Grade"", ""value"": 89.6, ""contribution"": -0.1108, ""direction"": ""decreases_risk""}, {""feature"": ""engagement_score"", ""label"": ""Engagement"", ""value"": 81.7, ""contribution"": -0.094, ""direction"": ""decreases_risk""}, {""feature"": ""assignment_completion"", ""label"": ""Assignment Completion"", ""value"": 100.0, ""contribution"": -0.0722, ""direction"": ""decreases_risk""}, {""feature"": ""absences"", ""label"": ""Absences"", ""value"": 0.0, ""contribution"": -0.0302, ""direction"": ""decreases_risk""}]"
ST2015,22,74.1,71.8,85.1,76.8,71.7,15.8,0,6,5,1,0,0.0284,Low,"[{""feature"": ""engagement_score"", ""label"": ""Engagement"", ""value"": 76.8, ""contribution"": -0.1019, ""direction"": ""decreases_risk""}, {""feature"": ""avg_grade"", ""label"": ""Average Grade"", ""value"": 71.8, ""contribution"": -0.0766, ""direction"": ""decreases_risk""}, {""feature"": ""attendance"", ""label"": ""Attendance"", ""value"": 74.1, ""contribution"": -0.0751, ""direction"": ""decreases_risk""}, {""feature"": ""assignment_completion"", ""label"": ""Assignment Completion"", ""value"": 85.1, ""contribution"": -0.0712, ""direction"": ""decreases_risk""}, {""feature"": ""participation_score"", ""label"": ""Participation"", ""value"": 71.7, ""contribution"": -0.043, ""direction"": ""decreases_risk""}]"
ST2016,19,86.5,79.4,98.3,83.0,73.6,16.3,1,8,3,1,0,0.0096,Low,"[{""feature"": ""attendance"", ""label"": ""Attendance"", ""value"": 86.5, ""contribution"": -0.1077, ""direction"": ""decreases_risk""}, {""feature"": ""engagement_score"", ""label"": ""Engagement"", ""value"": 83.0, ""contribution"": -0.1004, ""direction"": ""decreases_risk""}, {""feature"": ""avg_grade"", ""label"": ""Average Grade"", ""value"": 79.4, ""contribution"": -0.0989, ""direction"": ""decreases_risk""}, {""feature"": ""assignment_completion"", ""label"": ""Assignment Completion"", ""value"": 98.3, ""contribution"": -0.0753, ""direction"": ""decreases_risk""}, {""feature"": ""participation_score"", ""label"": ""Participation"", ""value"": 73.6, ""contribution"": -0.044, ""direction"": ""decreases_risk""}]"
ST2017,19,81.1,71.2,89.1,82.6,62.2,10.8,1,5,3,0,0,0.0829,Low,"[{""feature"": ""engagement_score"", ""label"": ""Engagement"", ""value"": 82.6, ""contribution"": -0.1195, ""direction"": ""decreases_risk""}, {""feature"": ""attendance"", ""label"": ""Attendance"", ""value"": 81.1, ""contribution"": -0.1024, ""direction"": ""decreases_risk""}, {""feature"": ""avg_grade"", ""label"": ""Average Grade"", ""value"": 71.2, ""contribution"": -0.0717, ""direction"": ""decreases_risk""}, {""feature"": ""assignment_completion"", ""label"": ""Assignment Completion"", ""value"": 89.1, ""contribution"": -0.0664, ""direction"": ""decreases_risk""}, {""feature"": ""absences"", ""label"": ""Absences"", ""value"": 5.0, ""contribution"": -0.032, ""direction"": ""decreases_risk""}]"
ST2018,16,75.9,59.0,82.2,58.5,47.4,14.1,3,7,4,0,0,0.437,Medium,"[{""feature"": ""avg_grade"", ""label"": ""Average Grade"", ""value"": 59.0, ""contribution"": 0.1443, ""direction"": ""increases_risk""}, {""feature"": ""attendance"", ""label"": ""Attendance"", ""value"": 75.9, ""contribution"": -0.1422, ""direction"": ""decreases_risk""}, {""feature"": ""assignment_completion"", ""label"": ""Assignment Completion"", ""value"": 82.2, ""contribution"": -0.0951, ""direction"": ""decreases_risk""}, {""feature"": ""absences"", ""label"": ""Absences"", ""value"": 7.0, ""contribution"": -0.0837, ""direction"": ""decreases_risk""}, {""feature"": ""participation_score"", ""label"": ""Participation"", ""value"": 47.4, ""contribution"": 0.0636, ""direction"": ""increases_risk""}]"
ST2019,16,77.3,74.8,75.8,76.5,63.4,14.2,1,8,4,1,1,0.1013,Low,"[{""feature"": ""attendance"", ""label"": ""Attendance"", ""value"": 77.3, ""contribution"": -0.0973, ""direction"": ""decreases_risk""}, {""feature"": ""avg_grade"", ""label"": ""Average Grade"", ""value"": 74.8, ""contribution"": -0.0881, ""direction"": ""decreases_risk""}, {""feature"": ""engagement_score"", ""label"": ""Engagement"", ""value"": 76.5, ""contribution"": -0.0825, ""direction"": ""decreases_risk""}, {""feature"": ""absences"", ""label"": ""Absences"", ""value"": 8.0, ""contribution"": -0.0428, ""direction"": ""decreases_risk""}, {""feature"": ""assignment_completion"", ""label"": ""Assignment Completion"", ""value"": 75.8, ""contribution"": -0.0336, ""direction"": ""decreases_risk""}]"
ST2020,16,71.4,65.2,63.4,52.6,52.7,14.4,1,8,4,0,1,0.6518,High,"[{""feature"": ""engagement_score"", ""label"": ""Engagement"", ""value"": 52.6, ""contribution"": 0.124, ""direction"": ""increases_risk""}, {""feature"": ""assignment_completion"", ""label"": ""Assignment Completion"", ""value"": 63.4, ""contribution"": 0.1023, ""direction"": ""increases_risk""}, {""feature"": ""participation_score"", ""label"": ""Participation"", ""value"": 52.7, ""contribution"": 0.0604, ""direction"": ""increases_risk""}, {""feature"": ""attendance"", ""label"": ""Attendance"", ""value"": 71.4, ""contribution"": -0.0484, ""direction"": ""decreases_risk""}, {""feature"": ""absences"", ""label"": ""Absences"", ""value"": 8.0, ""contribution"": -0.0433, ""direction"": ""decreases_risk""}]"
ST2021,16,54.8,38.1,45.7,29.5,41.6,6.3,4,15,1,1,1,0.9894,High,"[{""feature"": ""avg_grade"", ""label"": ""Average Grade"", ""value"": 38.1, ""contribution"": 0.1113, ""direction"": ""increases_risk""}, {""feature"": ""attendance"", ""label"": ""Attendance"", ""value"": 54.8, ""contribution"": 0.1047, ""direction"": ""increases_risk""}, {""feature"": ""engagement_score"", ""label"": ""Engagement"", ""value"": 29.5, ""contribution"": 0.093, ""direction"": ""increases_risk""}, {""feature"": ""assignment_completion"", ""label"": ""Assignment Completion"", ""value"": 45.7, ""contribution"": 0.0741, ""direction"": ""increases_risk""}, {""feature"": ""participation_score"", ""label"": ""Participation"", ""value"": 41.6, ""contribution"": 0.043, ""direction"": ""increases_risk""}]"
ST2022,22,91.4,81.1,96.5,96.3,93.1,15.8,0,3,2,0,0,0.011,Low,"[{""feature"": ""attendance"", ""label"": ""Attendance"", ""value"": 91.4, ""contribution"": -0.1152, ""direction"": ""decreases_risk""}, {""feature"": ""avg_grade"", ""label"": ""Average Grade"", ""value"": 81.1, ""contribution"": -0.1062, ""direction"": ""decreases_risk""}, {""feature"": ""engagement_score"", ""label"": ""Engagement"", ""value"": 96.3, ""contribution"": -0.0977, ""direction"": ""decreases_risk""}, {""feature"": ""assignment_completion"", ""label"": ""Assignment Completion"", ""value"": 96.5, ""contribution"": -0.0665, ""direction"": ""decreases_risk""}, {""feature"": ""participation_score"", ""label"": ""Participation"", ""value"": 93.1, ""contribution"": -0.0394, ""direction"": ""decreases_risk""}]"
ST2023,22,76.7,74.7,83.1,82.0,71.6,14.5,1,7,5,0,0,0.0418,Low,"[{""feature"": ""engagement_score"", ""label"": ""Engagement"", ""value"": 82.0, ""contribution"": -0.1119, ""direction"": ""decreases_risk""}, {""feature"": ""attendance"", ""label"": ""Attendance"", ""value"": 76.7, ""contribution"": -0.0946, ""direction"": ""decreases_risk""}, {""feature"": ""avg_grade"", ""label"": ""Average Grade"", ""value"": 74.7, ""contribution"": -0.0828, ""direction"": ""decreases_risk""}, {""feature"": ""assignment_completion"", ""label"": ""Assignment Completion"", ""value"": 83.1, ""contribution"": -0.0681, ""direction"": ""decreases_risk""}, {""feature"": ""absences"", ""label"": ""Absences"", ""value"": 7.0, ""contribution"": -0.0384, ""direction"": ""decreases_risk""}]"
ST2024,22,66.3,59.3,55.9,39.9,35.8,9.4,4,10,1,1,1,0.961,High,"[{""feature"": ""engagement_score"", ""label"": ""Engagement"", ""value"": 39.9, ""contribution"": 0.1063, ""direction"": ""increases_risk""}, {""feature"": ""avg_grade"", ""label"": ""Average Grade"", ""value"": 59.3, ""contribution"": 0.0954, ""direction"": ""increases_risk""}, {""feature"": ""attendance"", ""label"": ""Attendance"", ""value"": 66.3, ""contribution"": 0.0877, ""direction"": ""increases_risk""}, {""feature"": ""assignment_completion"", ""label"": ""Assignment Completion"", ""value"": 55.9, ""contribution"": 0.0813, ""direction"": ""increases_risk""}, {""feature"": ""participation_score"", ""label"": ""Participation"", ""value"": 35.8, ""contribution"": 0.0471, ""direction"": ""increases_risk""}]"
ST2025,16,63.1,51.7,48.7,46.7,59.7,5.7,1,10,4,0,1,0.975,High,"[{""feature"": ""avg_grade"", ""label"": ""Average Grade"", ""value"": 51.7, ""contribution"": 0.1212, ""direction"": ""increases_risk""}, {""feature"": ""attendance"", ""label"": ""Attendance"", ""value"": 63.1, ""contribution"": 0.1174, ""direction"": ""increases_risk""}, {""feature"": ""engagement_score"", ""label"": ""Engagement"", ""value"": 46.7, ""contribution"": 0.1169, ""direction"": ""increases_risk""}, {""feature"": ""assignment_completion"", ""label"": ""Assignment Completion"", ""value"": 48.7, ""contribution"": 0.0893, ""direction"": ""increases_risk""}, {""feature"": ""absences"", ""label"": ""Absences"", ""value"": 10.0, ""contribution"": 0.0162, ""direction"": ""increases_risk""}]"
ST2026,16,94.8,100.0,92.8,83.2,87.8,17.3,0,0,3,1,0,0.0011,Low,"[{""feature"": ""attendance"", ""label"": ""Attendance"", ""value"": 94.8, ""contribution"": -0.1127, ""direction"": ""decreases_risk""}, {""feature"": ""avg_grade"", ""label"": ""Average Grade"", ""value"": 100.0, ""contribution"": -0.1074, ""direction"": ""decreases_risk""}, {""feature"": ""engagement_score"", ""label"": ""Engagement"", ""value"": 83.2, ""contribution"": -0.0957, ""direction"": ""decreases_risk""}, {""feature"": ""assignment_completion"", ""label"": ""Assignment Completion"", ""value"": 92.8, ""contribution"": -0.0712, ""direction"": ""decreases_risk""}, {""feature"": ""participation_score"", ""label"": ""Participation"", ""value"": 87.8, ""contribution"": -0.0392, ""direction"": ""decreases_risk""}]"
ST2027,18,75.9,88.1,67.8,75.1,66.4,16.8,1,9,1,0,0,0.25,Low,"[{""feature"": ""avg_grade"", ""label"": ""Average Grade"", ""value"": 88.1, ""contribution"": -0.1195, ""direction"": ""decreases_risk""}, {""feature"": ""assignment_completion"", ""label"": ""Assignment Completion"", ""value"": 67.8, ""contribution"": 0.1073, ""direction"": ""increases_risk""}, {""feature"": ""attendance"", ""label"": ""Attendance"", ""value"": 75.9, ""contribution"": -0.0977, ""direction"": ""decreases_risk""}, {""feature"": ""engagement_score"", ""label"": ""Engagement"", ""value"": 75.1, ""contribution"": -0.0556, ""direction"": ""decreases_risk""}, {""feature"": ""absences"", ""label"": ""Absences"", ""value"": 9.0, ""contribution"": -0.0363, ""direction"": ""decreases_risk""}]"
ST2028,20,54.5,44.3,52.6,52.5,57.2,10.9,3,17,1,1,0,0.8553,High,"[{""feature"": ""avg_grade"", ""label"": ""Average Grade"", ""value"": 44.3, ""contribution"": 0.1049, ""direction"": ""increases_risk""}, {""feature"": ""attendance"", ""label"": ""Attendance"", ""value"": 54.5, ""contribution"": 0.0916, ""direction"": ""increases_risk""}, {""feature"": ""assignment_completion"", ""label"": ""Assignment Completion"", ""value"": 52.6, ""contribution"": 0.0664, ""direction"": ""increases_risk""}, {""feature"": ""engagement_score"", ""label"": ""Engagement"", ""value"": 52.5, ""contribution"": 0.06, ""direction"": ""increases_risk""}, {""feature"": ""absences"", ""label"": ""Absences"", ""value"": 17.0, ""contribution"": 0.0265, ""direction"": ""increases_risk""}]"
ST2029,18,84.4,62.3,59.0,56.0,59.0,7.5,3,1,5,0,0,0.4276,Medium,"[{""feature"": ""attendance"", ""label"": ""Attendance"", ""value"": 84.4, ""contribution"": -0.2112, ""direction"": ""decreases_risk""}, {""feature"": ""assignment_completion"", ""label"": ""Assignment Completion"", ""value"": 59.0, ""contribution"": 0.1093, ""direction"": ""increases_risk""}, {""feature"": ""engagement_score"", ""label"": ""Engagement"", ""value"": 56.0, ""contribution"": 0.0505, ""direction"": ""increases_risk""}, {""feature"": ""absences"", ""label"": ""Absences"", ""value"": 1.0, ""contribution"": -0.0503, ""direction"": ""decreases_risk""}, {""feature"": ""previous_failures"", ""label"": ""Previous Failures"", ""value"": 3.0, ""contribution"": 0.0321, ""direction"": ""increases_risk""}]"
ST2030,19,57.2,69.5,62.9,63.9,52.4,10.3,0,17,1,0,1,0.7973,High,"[{""feature"": ""attendance"", ""label"": ""Attendance"", ""value"": 57.2, ""contribution"": 0.1901, ""direction"": ""increases_risk""}, {""feature"": ""avg_grade"", ""label"": ""Average Grade"", ""value"": 69.5, ""contribution"": -0.079, ""direction"": ""decreases_risk""}, {""feature"": ""assignment_completion"", ""label"": ""Assignment Completion"", ""value"": 62.9, ""contribution"": 0.0711, ""direction"": ""increases_risk""}, {""feature"": ""participation_score"", ""label"": ""Participation"", ""value"": 52.4, ""contribution"": 0.0631, ""direction"": ""increases_risk""}, {""feature"": ""absences"", ""label"": ""Absences"", ""value"": 17.0, ""contribution"": 0.0596, ""direction"": ""increases_risk""}]"
ST2031,17,84.4,69.7,80.6,62.2,91.4,14.0,0,8,1,1,0,0.1181,Low,"[{""feature"": ""attendance"", ""label"": ""Attendance"", ""value"": 84.4, ""contribution"": -0.1619, ""direction"": ""decreases_risk""}, {""feature"": ""avg_grade"", ""label"": ""Average Grade"", ""value"": 69.7, ""contribution"": -0.066, ""direction"": ""decreases_risk""}, {""feature"": ""assignment_completion"", ""label"": ""Assignment Completion"", ""value"": 80.6, ""contribution"": -0.0583, ""direction"": ""decreases_risk""}, {""feature"": ""absences"", ""label"": ""Absences"", ""value"": 8.0, ""contribution"": -0.0431, ""direction"": ""decreases_risk""}, {""feature"": ""participation_score"", ""label"": ""Participation"", ""value"": 91.4, ""contribution"": -0.0412, ""direction"": ""decreases_risk""}]"
ST2032,21,72.5,86.6,71.3,71.5,73.2,15.2,1,13,1,1,1,0.4373,Medium,"[{""feature"": ""avg_grade"", ""label"": ""Average Grade"", ""value"": 86.6, ""contribution"": -0.0986, ""direction"": ""decreases_risk""}, {""feature"": ""assignment_completion"", ""label"": ""Assignment Completion"", ""value"": 71.3, ""contribution"": 0.0912, ""direction"": ""increases_risk""}, {""feature"": ""engagement_score"", ""label"": ""Engagement"", ""value"": 71.5, ""contribution"": -0.0587, ""direction"": ""decreases_risk""}, {""feature"": ""absences"", ""label"": ""Absences"", ""value"": 13.0, ""contribution"": 0.049, ""direction"": ""increases_risk""}, {""feature"": ""participation_score"", ""label"": ""Participation"", ""value"": 73.2, ""contribution"": -0.0281, ""direction"": ""decreases_risk""}]"
ST2033,18,67.1,68.6,77.3,82.3,63.1,9.1,2,12,4,1,0,0.1517,Low,"[{""feature"": ""engagement_score"", ""label"": ""Engagement"", ""value"": 82.3, ""contribution"": -0.1971, ""direction"": ""decreases_risk""}, {""feature"": ""avg_grade"", ""label"": ""Average Grade"", ""value"": 68.6, ""contribution"": -0.1224, ""direction"": ""decreases_risk""}, {""feature"": ""attendance"", ""label"": ""Attendance"", ""value"": 67.1, ""contribution"": 0.0825, ""direction"": ""increases_risk""}, {""feature"": ""assignment_completion"", ""label"": ""Assignment Completion"", ""value"": 77.3, ""contribution"": -0.0686, ""direction"": ""decreases_risk""}, {""feature"": ""participation_score"", ""label"": ""Participation"", ""value"": 63.1, ""contribution"": -0.0294, ""direction"": ""decreases_risk""}]"
ST2034,16,79.3,78.3,91.4,75.6,67.1,18.8,0,9,5,1,0,0.1159,Low,"[{""feature"": ""avg_grade"", ""label"": ""Average Grade"", ""value"": 78.3, ""contribution"": -0.095, ""direction"": ""decreases_risk""}, {""feature"": ""attendance"", ""label"": ""Attendance"", ""value"": 79.3, ""contribution"": -0.0825, ""direction"": ""decreases_risk""}, {""feature"": ""engagement_score"", ""label"": ""Engagement"", ""value"": 75.6, ""contribution"": -0.0634, ""direction"": ""decreases_risk""}, {""feature"": ""assignment_completion"", ""label"": ""Assignment Completion"", ""value"": 91.4, ""contribution"": -0.0585, ""direction"": ""decreases_risk""}, {""feature"": ""absences"", ""label"": ""Absences"", ""value"": 9.0, ""contribution"": -0.0304, ""direction"": ""decreases_risk""}]"
ST2035,21,75.0,77.7,74.5,61.3,81.6,13.5,1,15,1,0,0,0.1866,Low,"[{""feature"": ""attendance"", ""label"": ""Attendance"", ""value"": 75.0, ""contribution"": -0.1661, ""direction"": ""decreases_risk""}, {""feature"": ""avg_grade"", ""label"": ""Average Grade"", ""value"": 77.7, ""contribution"": -0.1412, ""direction"": ""decreases_risk""}, {""feature"": ""participation_score"", ""label"": ""Participation"", ""value"": 81.6, ""contribution"": -0.0591, ""direction"": ""decreases_risk""}, {""feature"": ""absences"", ""label"": ""Absences"", ""value"": 15.0, ""contribution"": 0.0527, ""direction"": ""increases_risk""}, {""feature"": ""engagement_score"", ""label"": ""Engagement"", ""value"": 61.3, ""contribution"": 0.0289, ""direction"": ""increases_risk""}]"
ST2036,23,71.8,83.6,73.2,66.7,61.1,13.2,2,9,4,1,0,0.1598,Low,"[{""feature"": ""avg_grade"", ""label"": ""Average Grade"", ""value"": 83.6, ""contribution"": -0.1562, ""direction"": ""decreases_risk""}, {""feature"": ""attendance"", ""label"": ""Attendance"", ""value"": 71.8, ""contribution"": -0.0656, ""direction"": ""decreases_risk""}, {""feature"": ""absences"", ""label"": ""Absences"", ""value"": 9.0, ""contribution"": -0.0442, ""direction"": ""decreases_risk""}, {""feature"": ""participation_score"", ""label"": ""Participation"", ""value"": 61.1, ""contribution"": -0.0298, ""direction"": ""decreases_risk""}, {""feature"": ""engagement_score"", ""label"": ""Engagement"", ""value"": 66.7, ""contribution"": -0.0217, ""direction"": ""decreases_risk""}]"
ST2037,16,90.3,86.1,98.0,67.0,60.5,20.3,0,0,4,1,0,0.0886,Low,"[{""feature"": ""avg_grade"", ""label"": ""Average Grade"", ""value"": 86.1, ""contribution"": -0.1307, ""direction"": ""decreases_risk""}, {""feature"": ""attendance"", ""label"": ""Attendance"", ""value"": 90.3, ""contribution"": -0.1245, ""direction"": ""decreases_risk""}, {""feature"": ""assignment_completion"", ""label"": ""Assignment Completion"", ""value"": 98.0, ""contribution"": -0.0701, ""direction"": ""decreases_risk""}, {""feature"": ""absences"", ""label"": ""Absences"", ""value"": 0.0, ""contribution"": -0.034, ""direction"": ""decreases_risk""}, {""feature"": ""previous_failures"", ""label"": ""Previous Failures"", ""value"": 0.0, ""contribution"": -0.0281, ""direction"": ""decreases_risk""}]"
ST2038,19,63.6,60.4,62.0,49.7,53.1,8.3,1,8,2,1,1,0.8955,High,"[{""feature"": ""attendance"", ""label"": ""Attendance"", ""value"": 63.6, ""contribution"": 0.1322, ""direction"": ""increases_risk""}, {""feature"": ""engagement_score"", ""label"": ""Engagement"", ""value"": 49.7, ""contribution"": 0.1169, ""direction"": ""increases_risk""}, {""feature"": ""assignment_completion"", ""label"": ""Assignment Completion"", ""value"": 62.0, ""contribution"": 0.0773, ""direction"": ""increases_risk""}, {""feature"": ""avg_grade"", ""label"": ""Average Grade"", ""value"": 60.4, ""contribution"": 0.0768, ""direction"": ""increases_risk""}, {""feature"": ""absences"", ""label"": ""Absences"", ""value"": 8.0, ""contribution"": -0.0466, ""direction"": ""decreases_risk""}]"
ST2039,22,30.0,30.2,18.9,29.9,41.8,0.0,5,30,1,0,1,0.9997,High,"[{""feature"": ""attendance"", ""label"": ""Attendance"", ""value"": 30.0, ""contribution"": 0.1131, ""direction"": ""increases_risk""}, {""feature"": ""avg_grade"", ""label"": ""Average Grade"", ""value"": 30.2, ""contribution"": 0.1106, ""direction"": ""increases_risk""}, {""feature"": ""engagement_score"", ""label"": ""Engagement"", ""value"": 29.9, ""contribution"": 0.0924, ""direction"": ""increases_risk""}, {""feature"": ""assignment_completion"", ""label"": ""Assignment Completion"", ""value"": 18.9, ""contribution"": 0.0723, ""direction"": ""increases_risk""}, {""feature"": ""participation_score"", ""label"": ""Participation"", ""value"": 41.8, ""contribution"": 0.0411, ""direction"": ""increases_risk""}]"
ST2040,21,100.0,100.0,100.0,100.0,100.0,16.2,0,5,3,1,0,0.0396,Low,"[{""feature"": ""attendance"", ""label"": ""Attendance"", ""value"": 100.0, ""contribution"": -0.1067, ""direction"": ""decreases_risk""}, {""feature"": ""avg_grade"", ""label"": ""Average Grade"", ""value"": 100.0, ""contribution"": -0.099, ""direction"": ""decreases_risk""}, {""feature"": ""engagement_score"", ""label"": ""Engagement"", ""value"": 100.0, ""contribution"": -0.089, ""direction"": ""decreases_risk""}, {""feature"": ""assignment_completion"", ""label"": ""Assignment Completion"", ""value"": 100.0, ""contribution"": -0.0656, ""direction"": ""decreases_risk""}, {""feature"": ""absences"", ""label"": ""Absences"", ""value"": 5.0, ""contribution"": -0.0256, ""direction"": ""decreases_risk""}]"
ST2041,22,78.9,64.4,84.2,82.6,60.7,10.0,0,5,1,0,0,0.0915,Low,"[{""feature"": ""attendance"", ""label"": ""Attendance"", ""value"": 78.9, ""contribution"": -0.1236, ""direction"": ""decreases_risk""}, {""feature"": ""engagement_score"", ""label"": ""Engagement"", ""value"": 82.6, ""contribution"": -0.1207, ""direction"": ""decreases_risk""}, {""feature"": ""assignment_completion"", ""label"": ""Assignment Completion"", ""value"": 84.2, ""contribution"": -0.0848, ""direction"": ""decreases_risk""}, {""feature"": ""absences"", ""label"": ""Absences"", ""value"": 5.0, ""contribution"": -0.0476, ""direction"": ""decreases_risk""}, {""feature"": ""previous_failures"", ""label"": ""Previous Failures"", ""value"": 0.0, ""contribution"": -0.0386, ""direction"": ""decreases_risk""}]"
ST2042,19,99.3,87.4,100.0,83.5,93.7,11.0,0,0,1,0,0,0.0041,Low,"[{""feature"": ""attendance"", ""label"": ""Attendance"", ""value"": 99.3, ""contribution"": -0.1241, ""direction"": ""decreases_risk""}, {""feature"": ""avg_grade"", ""label"": ""Average Grade"", ""value"": 87.4, ""contribution"": -0.1091, ""direction"": ""decreases_risk""}, {""feature"": ""engagement_score"", ""label"": ""Engagement"", ""value"": 83.5, ""contribution"": -0.1001, ""direction"": ""decreases_risk""}, {""feature"": ""assignment_completion"", ""label"": ""Assignment Completion"", ""value"": 100.0, ""contribution"": -0.0743, ""direction"": ""decreases_risk""}, {""feature"": ""participation_score"", ""label"": ""Participation"", ""value"": 93.7, ""contribution"": -0.0409, ""direction"": ""decreases_risk""}]"
ST2043,18,53.7,60.7,75.7,58.7,68.1,11.6,2,15,3,0,1,0.809,High,"[{""feature"": ""attendance"", ""label"": ""Attendance"", ""value"": 53.7, ""contribution"": 0.1526, ""direction"": ""increases_risk""}, {""feature"": ""avg_grade"", ""label"": ""Average Grade"", ""value"": 60.7, ""contribution"": 0.0855, ""direction"": ""increases_risk""}, {""feature"": ""engagement_score"", ""label"": ""Engagement"", ""value"": 58.7, ""contribution"": 0.0522, ""direction"": ""increases_risk""}, {""feature"": ""absences"", ""label"": ""Absences"", ""value"": 15.0, ""contribution"": 0.0511, ""direction"": ""increases_risk""}, {""feature"": ""participation_score"", ""label"": ""Participation"", ""value"": 68.1, ""contribution"": -0.0406, ""direction"": ""decreases_risk""}]"
ST2044,21,79.9,74.4,59.9,75.9,64.4,13.1,2,11,5,1,1,0.2645,Low,"[{""feature"": ""attendance"", ""label"": ""Attendance"", ""value"": 79.9, ""contribution"": -0.1174, ""direction"": ""decreases_risk""}, {""feature"": ""assignment_completion"", ""label"": ""Assignment Completion"", ""value"": 59.9, ""contribution"": 0.1168, ""direction"": ""increases_risk""}, {""feature"": ""avg_grade"", ""label"": ""Average Grade"", ""value"": 74.4, ""contribution"": -0.1136, ""direction"": ""decreases_risk""}, {""feature"": ""engagement_score"", ""label"": ""Engagement"", ""value"": 75.9, ""contribution"": -0.0929, ""direction"": ""decreases_risk""}, {""feature"": ""participation_score"", ""label"": ""Participation"", ""value"": 64.4, ""contribution"": -0.0218, ""direction"": ""decreases_risk""}]"
ST2045,17,70.4,47.8,80.6,27.9,55.5,7.7,2,7,5,0,1,0.7863,High,"[{""feature"": ""avg_grade"", ""label"": ""Average Grade"", ""value"": 47.8, ""contribution"": 0.1696, ""direction"": ""increases_risk""}, {""feature"": ""engagement_score"", ""label"": ""Engagement"", ""value"": 27.9, ""contribution"": 0.1463, ""direction"": ""increases_risk""}, {""feature"": ""assignment_completion"", ""label"": ""Assignment Completion"", ""value"": 80.6, ""contribution"": -0.0805, ""direction"": ""decreases_risk""}, {""feature"": ""absences"", ""label"": ""Absences"", ""value"": 7.0, ""contribution"": -0.0592, ""direction"": ""decreases_risk""}, {""feature"": ""participation_score"", ""label"": ""Participation"", ""value"": 55.5, ""contribution"": 0.0462, ""direction"": ""increases_risk""}]"
ST2046,17,47.6,36.3,60.2,48.5,55.2,6.4,2,12,4,0,1,0.9933,High,"[{""feature"": ""avg_grade"", ""label"": ""Average Grade"", ""value"": 36.3, ""contribution"": 0.1197, ""direction"": ""increases_risk""}, {""feature"": ""attendance"", ""label"": ""Attendance"", ""value"": 47.6, ""contribution"": 0.1174, ""direction"": ""increases_risk""}, {""feature"": ""engagement_score"", ""label"": ""Engagement"", ""value"": 48.5, ""contribution"": 0.1071, ""direction"": ""increases_risk""}, {""feature"": ""assignment_completion"", ""label"": ""Assignment Completion"", ""value"": 60.2, ""contribution"": 0.0702, ""direction"": ""increases_risk""}, {""feature"": ""participation_score"", ""label"": ""Participation"", ""value"": 55.2, ""contribution"": 0.0299, ""direction"": ""increases_risk""}]"
ST2047,20,74.6,61.3,86.5,65.2,56.2,13.4,3,15,2,1,1,0.6821,High,"[{""feature"": ""avg_grade"", ""label"": ""Average Grade"", ""value"": 61.3, ""contribution"": 0.1291, ""direction"": ""increases_risk""}, {""feature"": ""attendance"", ""label"": ""Attendance"", ""value"": 74.6, ""contribution"": -0.1042, ""direction"": ""decreases_risk""}, {""feature"": ""absences"", ""label"": ""Absences"", ""value"": 15.0, ""contribution"": 0.0859, ""direction"": ""increases_risk""}, {""feature"": ""assignment_completion"", ""label"": ""Assignment Completion"", ""value"": 86.5, ""contribution"": -0.0791, ""direction"": ""decreases_risk""}, {""feature"": ""participation_score"", ""label"": ""Participation"", ""value"": 56.2, ""contribution"": 0.0745, ""direction"": ""increases_risk""}]"
ST2048,21,56.6,43.0,62.6,62.7,52.2,3.5,2,16,2,0,1,0.9471,High,"[{""feature"": ""avg_grade"", ""label"": ""Average Grade"", ""value"": 43.0, ""contribution"": 0.1261, ""direction"": ""increases_risk""}, {""feature"": ""attendance"", ""label"": ""Attendance"", ""value"": 56.6, ""contribution"": 0.1234, ""direction"": ""increases_risk""}, {""feature"": ""assignment_completion"", ""label"": ""Assignment Completion"", ""value"": 62.6, ""contribution"": 0.0606, ""direction"": ""increases_risk""}, {""feature"": ""participation_score"", ""label"": ""Participation"", ""value"": 52.2, ""contribution"": 0.0465, ""direction"": ""increases_risk""}, {""feature"": ""absences"", ""label"": ""Absences"", ""value"": 16.0, ""contribution"": 0.0441, ""direction"": ""increases_risk""}]"
ST2049,16,100.0,100.0,100.0,100.0,100.0,23.2,0,1,4,0,0,0.0111,Low,"[{""feature"": ""attendance"", ""label"": ""Attendance"", ""value"": 100.0, ""contribution"": -0.1123, ""direction"": ""decreases_risk""}, {""feature"": ""avg_grade"", ""label"": ""Average Grade"", ""value"": 100.0, ""contribution"": -0.1076, ""direction"": ""decreases_risk""}, {""feature"": ""engagement_score"", ""label"": ""Engagement"", ""value"": 100.0, ""contribution"": -0.0926, ""direction"": ""decreases_risk""}, {""feature"": ""assignment_completion"", ""label"": ""Assignment Completion"", ""value"": 100.0, ""contribution"": -0.0727, ""direction"": ""decreases_risk""}, {""feature"": ""participation_score"", ""label"": ""Participation"", ""value"": 100.0, ""contribution"": -0.0296, ""direction"": ""decreases_risk""}]"
ST2050,20,66.7,49.9,51.1,29.4,27.2,6.9,1,11,1,1,1,0.9758,High,"[{""feature"": ""avg_grade"", ""label"": ""Average Grade"", ""value"": 49.9, ""contribution"": 0.1228, ""direction"": ""increases_risk""}, {""feature"": ""engagement_score"", ""label"": ""Engagement"", ""value"": 29.4, ""contribution"": 0.1072, ""direction"": ""increases_risk""}, {""feature"": ""attendance"", ""label"": ""Attendance"", ""value"": 66.7, ""contribution"": 0.0896, ""direction"": ""increases_risk""}, {""feature"": ""assignment_completion"", ""label"": ""Assignment Completion"", ""value"": 51.1, ""contribution"": 0.0862, ""direction"": ""increases_risk""}, {""feature"": ""participation_score"", ""label"": ""Participation"", ""value"": 27.2, ""contribution"": 0.0494, ""direction"": ""increases_risk""}]"
ST2051,18,56.3,61.4,73.7,75.0,60.7,5.0,1,17,3,1,0,0.3627,Medium,"[{""feature"": ""engagement_score"", ""label"": ""Engagement"", ""value"": 75.0, ""contribution"": -0.178, ""direction"": ""decreases_risk""}, {""feature"": ""attendance"", ""label"": ""Attendance"", ""value"": 56.3, ""contribution"": 0.0952, ""direction"": ""increases_risk""}, {""feature"": ""participation_score"", ""label"": ""Participation"", ""value"": 60.7, ""contribution"": -0.0483, ""direction"": ""decreases_risk""}, {""feature"": ""absences"", ""label"": ""Absences"", ""value"": 17.0, ""contribution"": 0.0392, ""direction"": ""increases_risk""}, {""feature"": ""avg_grade"", ""label"": ""Average Grade"", ""value"": 61.4, ""contribution"": 0.0279, ""direction"": ""increases_risk""}]"
ST2052,20,81.0,56.8,61.3,47.5,49.6,9.2,3,2,4,0,1,0.79,High,"[{""feature"": ""avg_grade"", ""label"": ""Average Grade"", ""value"": 56.8, ""contribution"": 0.1392, ""direction"": ""increases_risk""}, {""feature"": ""attendance"", ""label"": ""Attendance"", ""value"": 81.0, ""contribution"": -0.1362, ""direction"": ""decreases_risk""}, {""feature"": ""assignment_completion"", ""label"": ""Assignment Completion"", ""value"": 61.3, ""contribution"": 0.121, ""direction"": ""increases_risk""}, {""feature"": ""engagement_score"", ""label"": ""Engagement"", ""value"": 47.5, ""contribution"": 0.1177, ""direction"": ""increases_risk""}, {""feature"": ""participation_score"", ""label"": ""Participation"", ""value"": 49.6, ""contribution"": 0.0524, ""direction"": ""increases_risk""}]"
ST2053,23,91.7,83.8,100.0,82.9,96.4,12.5,0,0,5,0,0,0.0091,Low,"[{""feature"": ""attendance"", ""label"": ""Attendance"", ""value"": 91.7, ""contribution"": -0.1138, ""direction"": ""decreases_risk""}, {""feature"": ""avg_grade"", ""label"": ""Average Grade"", ""value"": 83.8, ""contribution"": -0.1038, ""direction"": ""decreases_risk""}, {""feature"": ""engagement_score"", ""label"": ""Engagement"", ""value"": 82.9, ""contribution"": -0.0979, ""direction"": ""decreases_risk""}, {""feature"": ""assignment_completion"", ""label"": ""Assignment Completion"", ""value"": 100.0, ""contribution"": -0.0731, ""direction"": ""decreases_risk""}, {""feature"": ""participation_score"", ""label"": ""Participation"", ""value"": 96.4, ""contribution"": -0.0416, ""direction"": ""decreases_risk""}]"
ST2054,16,100.0,84.9,81.0,87.4,59.3,15.4,0,0,1,0,0,0.0677,Low,"[{""feature"": ""attendance"", ""label"": ""Attendance"", ""value"": 100.0, ""contribution"": -0.1293, ""direction"": ""decreases_risk""}, {""feature"": ""avg_grade"", ""label"": ""Average Grade"", ""value"": 84.9, ""contribution"": -0.1147, ""direction"": ""decreases_risk""}, {""feature"": ""engagement_score"", ""label"": ""Engagement"", ""value"": 87.4, ""contribution"": -0.0939, ""direction"": ""decreases_risk""}, {""feature"": ""assignment_completion"", ""label"": ""Assignment Completion"", ""value"": 81.0, ""contribution"": -0.0533, ""direction"": ""decreases_risk""}, {""feature"": ""absences"", ""label"": ""Absences"", ""value"": 0.0, ""contribution"": -0.0356, ""direction"": ""decreases_risk""}]"
ST2055,23,84.1,75.3,73.6,65.8,61.8,7.9,2,0,2,1,0,0.1279,Low,"[{""feature"": ""attendance"", ""label"": ""Attendance"", ""value"": 84.1, ""contribution"": -0.1795, ""direction"": ""decreases_risk""}, {""feature"": ""avg_grade"", ""label"": ""Average Grade"", ""value"": 75.3, ""contribution"": -0.1142, ""direction"": ""decreases_risk""}, {""feature"": ""absences"", ""label"": ""Absences"", ""value"": 0.0, ""contribution"": -0.0328, ""direction"": ""decreases_risk""}, {""feature"": ""participation_score"", ""label"": ""Participation"", ""value"": 61.8, ""contribution"": -0.0218, ""direction"": ""decreases_risk""}, {""feature"": ""assignment_completion"", ""label"": ""Assignment Completion"", ""value"": 73.6, ""contribution"": -0.018, ""direction"": ""decreases_risk""}]"
ST2056,19,69.3,75.7,99.0,86.0,62.9,16.4,3,10,2,0,0,0.2736,Low,"[{""feature"": ""engagement_score"", ""label"": ""Engagement"", ""value"": 86.0, ""contribution"": -0.1381, ""direction"": ""decreases_risk""}, {""feature"": ""avg_grade"", ""label"": ""Average Grade"", ""value"": 75.7, ""contribution"": -0.1021, ""direction"": ""decreases_risk""}, {""feature"": ""assignment_completion"", ""label"": ""Assignment Completion"", ""value"": 99.0, ""contribution"": -0.0959, ""direction"": ""decreases_risk""}, {""feature"": ""attendance"", ""label"": ""Attendance"", ""value"": 69.3, ""contribution"": 0.0878, ""direction"": ""increases_risk""}, {""feature"": ""previous_failures"", ""label"": ""Previous Failures"", ""value"": 3.0, ""contribution"": 0.041, ""direction"": ""increases_risk""}]"
ST2057,22,77.3,61.6,69.4,67.6,74.6,7.3,1,7,3,0,0,0.1737,Low,"[{""feature"": ""attendance"", ""label"": ""Attendance"", ""value"": 77.3, ""contribution"": -0.1537, ""direction"": ""decreases_risk""}, {""feature"": ""engagement_score"", ""label"": ""Engagement"", ""value"": 67.6, ""contribution"": -0.0636, ""direction"": ""decreases_risk""}, {""feature"": ""participation_score"", ""label"": ""Participation"", ""value"": 74.6, ""contribution"": -0.0611, ""direction"": ""decreases_risk""}, {""feature"": ""absences"", ""label"": ""Absences"", ""value"": 7.0, ""contribution"": -0.0531, ""direction"": ""decreases_risk""}, {""feature"": ""assignment_completion"", ""label"": ""Assignment Completion"", ""value"": 69.4, ""contribution"": 0.0289, ""direction"": ""increases_risk""}]"
ST2058,19,57.5,52.9,57.2,51.7,52.3,2.2,1,14,1,0,1,0.9917,High,"[{""feature"": ""attendance"", ""label"": ""Attendance"", ""value"": 57.5, ""contribution"": 0.1136, ""direction"": ""increases_risk""}, {""feature"": ""avg_grade"", ""label"": ""Average Grade"", ""value"": 52.9, ""contribution"": 0.1119, ""direction"": ""increases_risk""}, {""feature"": ""engagement_score"", ""label"": ""Engagement"", ""value"": 51.7, ""contribution"": 0.0997, ""direction"": ""increases_risk""}, {""feature"": ""assignment_completion"", ""label"": ""Assignment Completion"", ""value"": 57.2, ""contribution"": 0.0793, ""direction"": ""increases_risk""}, {""feature"": ""participation_score"", ""label"": ""Participation"", ""value"": 52.3, ""contribution"": 0.0431, ""direction"": ""increases_risk""}]"
ST2059,18,100.0,100.0,100.0,100.0,100.0,20.3,0,0,5,0,0,0.0095,Low,"[{""feature"": ""attendance"", ""label"": ""Attendance"", ""value"": 100.0, ""contribution"": -0.1118, ""direction"": ""decreases_risk""}, {""feature"": ""avg_grade"", ""label"": ""Average Grade"", ""value"": 100.0, ""contribution"": -0.1103, ""direction"": ""decreases_risk""}, {""feature"": ""engagement_score"", ""label"": ""Engagement"", ""value"": 100.0, ""contribution"": -0.0924, ""direction"": ""decreases_risk""}, {""feature"": ""assignment_completion"", ""label"": ""Assignment Completion"", ""value"": 100.0, ""contribution"": -0.0718, ""direction"": ""decreases_risk""}, {""feature"": ""participation_score"", ""label"": ""Participation"", ""value"": 100.0, ""contribution"": -0.0309, ""direction"": ""decreases_risk""}]"
ST2060,22,62.5,54.0,65.7,62.6,61.7,6.4,2,10,5,1,1,0.6885,High,"[{""feature"": ""attendance"", ""label"": ""Attendance"", ""value"": 62.5, ""contribution"": 0.1085, ""direction"": ""increases_risk""}, {""feature"": ""avg_grade"", ""label"": ""Average Grade"", ""value"": 54.0, ""contribution"": 0.0786, ""direction"": ""increases_risk""}, {""feature"": ""assignment_completion"", ""label"": ""Assignment Completion"", ""value"": 65.7, ""contribution"": 0.0487, ""direction"": ""increases_risk""}, {""feature"": ""participation_score"", ""label"": ""Participation"", ""value"": 61.7, ""contribution"": -0.04, ""direction"": ""decreases_risk""}, {""feature"": ""family_support"", ""label"": ""Family Support"", ""value"": 5.0, ""contribution"": -0.0347, ""direction"": ""decreases_risk""}]"
ST2061,21,88.6,67.9,74.6,77.3,63.4,7.4,0,0,2,0,0,0.1596,Low,"[{""feature"": ""attendance"", ""label"": ""Attendance"", ""value"": 88.6, ""contribution"": -0.1299, ""direction"": ""decreases_risk""}, {""feature"": ""engagement_score"", ""label"": ""Engagement"", ""value"": 77.3, ""contribution"": -0.0827, ""direction"": ""decreases_risk""}, {""feature"": ""avg_grade"", ""label"": ""Average Grade"", ""value"": 67.9, ""contribution"": -0.0709, ""direction"": ""decreases_risk""}, {""feature"": ""previous_failures"", ""label"": ""Previous Failures"", ""value"": 0.0, ""contribution"": -0.035, ""direction"": ""decreases_risk""}, {""feature"": ""absences"", ""label"": ""Absences"", ""value"": 0.0, ""contribution"": -0.0149, ""direction"": ""decreases_risk""}]"
ST2062,17,82.3,74.5,82.1,87.9,73.5,14.5,1,7,3,1,0,0.018,Low,"[{""feature"": ""attendance"", ""label"": ""Attendance"", ""value"": 82.3, ""contribution"": -0.1078, ""direction"": ""decreases_risk""}, {""feature"": ""engagement_score"", ""label"": ""Engagement"", ""value"": 87.9, ""contribution"": -0.1069, ""direction"": ""decreases_risk""}, {""feature"": ""avg_grade"", ""label"": ""Average Grade"", ""value"": 74.5, ""contribution"": -0.0801, ""direction"": ""decreases_risk""}, {""feature"": ""assignment_completion"", ""label"": ""Assignment Completion"", ""value"": 82.1, ""contribution"": -0.064, ""direction"": ""decreases_risk""}, {""feature"": ""participation_score"", ""label"": ""Participation"", ""value"": 73.5, ""contribution"": -0.05, ""direction"": ""decreases_risk""}]"
ST2063,21,100.0,99.6,100.0,100.0,84.7,12.6,0,0,3,0,0,0.0007,Low,"[{""feature"": ""attendance"", ""label"": ""Attendance"", ""value"": 100.0, ""contribution"": -0.1225, ""direction"": ""decreases_risk""}, {""feature"": ""avg_grade"", ""label"": ""Average Grade"", ""value"": 99.6, ""contribution"": -0.1068, ""direction"": ""decreases_risk""}, {""feature"": ""engagement_score"", ""label"": ""Engagement"", ""value"": 100.0, ""contribution"": -0.0945, ""direction"": ""decreases_risk""}, {""feature"": ""assignment_completion"", ""label"": ""Assignment Completion"", ""value"": 100.0, ""contribution"": -0.0732, ""direction"": ""decreases_risk""}, {""feature"": ""participation_score"", ""label"": ""Participation"", ""value"": 84.7, ""contribution"": -0.0388, ""direction"": ""decreases_risk""}]"
ST2064,22,78.8,62.9,65.6,62.2,70.4,6.6,3,3,1,0,1,0.6227,High,"[{""feature"": ""attendance"", ""label"": ""Attendance"", ""value"": 78.8, ""contribution"": -0.1341, ""direction"": ""decreases_risk""}, {""feature"": ""assignment_completion"", ""label"": ""Assignment Completion"", ""value"": 65.6, ""contribution"": 0.132, ""direction"": ""increases_risk""}, {""feature"": ""previous_failures"", ""label"": ""Previous Failures"", ""value"": 3.0, ""contribution"": 0.0623, ""direction"": ""increases_risk""}, {""feature"": ""engagement_score"", ""label"": ""Engagement"", ""value"": 62.2, ""contribution"": 0.0381, ""direction"": ""increases_risk""}, {""feature"": ""avg_grade"", ""label"": ""Average Grade"", ""value"": 62.9, ""contribution"": 0.0232, ""direction"": ""increases_risk""}]"
ST2065,19,100.0,100.0,100.0,100.0,87.1,21.1,0,0,5,0,0,0.0011,Low,"[{""feature"": ""avg_grade"", ""label"": ""Average Grade"", ""value"": 100.0, ""contribution"": -0.1131, ""direction"": ""decreases_risk""}, {""feature"": ""attendance"", ""label"": ""Attendance"", ""value"": 100.0, ""contribution"": -0.1126, ""direction"": ""decreases_risk""}, {""feature"": ""engagement_score"", ""label"": ""Engagement"", ""value"": 100.0, ""contribution"": -0.0947, ""direction"": ""decreases_risk""}, {""feature"": ""assignment_completion"", ""label"": ""Assignment Completion"", ""value"": 100.0, ""contribution"": -0.073, ""direction"": ""decreases_risk""}, {""feature"": ""participation_score"", ""label"": ""Participation"", ""value"": 87.1, ""contribution"": -0.0395, ""direction"": ""decreases_risk""}]"
ST2066,23,72.9,49.3,77.5,55.8,49.9,11.5,4,9,4,0,1,0.7641,High,"[{""feature"": ""avg_grade"", ""label"": ""Average Grade"", ""value"": 49.3, ""contribution"": 0.1826, ""direction"": ""increases_risk""}, {""feature"": ""engagement_score"", ""label"": ""Engagement"", ""value"": 55.8, ""contribution"": 0.1131, ""direction"": ""increases_risk""}, {""feature"": ""participation_score"", ""label"": ""Participation"", ""value"": 49.9, ""contribution"": 0.0641, ""direction"": ""increases_risk""}, {""feature"": ""assignment_completion"", ""label"": ""Assignment Completion"", ""value"": 77.5, ""contribution"": -0.064, ""direction"": ""decreases_risk""}, {""feature"": ""previous_failures"", ""label"": ""Previous Failures"", ""value"": 4.0, ""contribution"": 0.0513, ""direction"": ""increases_risk""}]"
ST2067,21,98.9,91.3,100.0,97.6,93.9,22.6,0,0,2,0,0,0.0002,Low,"[{""feature"": ""attendance"", ""label"": ""Attendance"", ""value"": 98.9, ""contribution"": -0.1187, ""direction"": ""decreases_risk""}, {""feature"": ""avg_grade"", ""label"": ""Average Grade"", ""value"": 91.3, ""contribution"": -0.1124, ""direction"": ""decreases_risk""}, {""feature"": ""engagement_score"", ""label"": ""Engagement"", ""value"": 97.6, ""contribution"": -0.0951, ""direction"": ""decreases_risk""}, {""feature"": ""assignment_completion"", ""label"": ""Assignment Completion"", ""value"": 100.0, ""contribution"": -0.0731, ""direction"": ""decreases_risk""}, {""feature"": ""participation_score"", ""label"": ""Participation"", ""value"": 93.9, ""contribution"": -0.0384, ""direction"": ""decreases_risk""}]"
ST2068,18,67.6,68.4,78.5,85.9,80.7,15.1,0,5,3,1,0,0.1112,Low,"[{""feature"": ""engagement_score"", ""label"": ""Engagement"", ""value"": 85.9, ""contribution"": -0.1479, ""direction"": ""decreases_risk""}, {""feature"": ""avg_grade"", ""label"": ""Average Grade"", ""value"": 68.4, ""contribution"": -0.0927, ""direction"": ""decreases_risk""}, {""feature"": ""attendance"", ""label"": ""Attendance"", ""value"": 67.6, ""contribution"": 0.0909, ""direction"": ""increases_risk""}, {""feature"": ""participation_score"", ""label"": ""Participation"", ""value"": 80.7, ""contribution"": -0.064, ""direction"": ""decreases_risk""}, {""feature"": ""assignment_completion"", ""label"": ""Assignment Completion"", ""value"": 78.5, ""contribution"": -0.0533, ""direction"": ""decreases_risk""}]"
ST2069,16,75.0,72.1,100.0,88.3,45.4,12.1,2,11,2,1,0,0.1636,Low,"[{""feature"": ""engagement_score"", ""label"": ""Engagement"", ""value"": 88.3, ""contribution"": -0.1523, ""direction"": ""decreases_risk""}, {""feature"": ""attendance"", ""label"": ""Attendance"", ""value"": 75.0, ""contribution"": -0.1078, ""direction"": ""decreases_risk""}, {""feature"": ""avg_grade"", ""label"": ""Average Grade"", ""value"": 72.1, ""contribution"": -0.0968, ""direction"": ""decreases_risk""}, {""feature"": ""participation_score"", ""label"": ""Participation"", ""value"": 45.4, ""contribution"": 0.0844, ""direction"": ""increases_risk""}, {""feature"": ""assignment_completion"", ""label"": ""Assignment Completion"", ""value"": 100.0, ""contribution"": -0.0771, ""direction"": ""decreases_risk""}]"
ST2070,21,51.4,44.8,67.7,47.3,66.7,0.0,1,13,2,1,1,0.9346,High,"[{""feature"": ""avg_grade"", ""label"": ""Average Grade"", ""value"": 44.8, ""contribution"": 0.1351, ""direction"": ""increases_risk""}, {""feature"": ""attendance"", ""label"": ""Attendance"", ""value"": 51.4, ""contribution"": 0.128, ""direction"": ""increases_risk""}, {""feature"": ""engagement_score"", ""label"": ""Engagement"", ""value"": 47.3, ""contribution"": 0.128, ""direction"": ""increases_risk""}, {""feature"": ""assignment_completion"", ""label"": ""Assignment Completion"", ""value"": 67.7, ""contribution"": 0.0515, ""direction"": ""increases_risk""}, {""feature"": ""participation_score"", ""label"": ""Participation"", ""value"": 66.7, ""contribution"": -0.0352, ""direction"": ""decreases_risk""}]"
ST2071,17,88.3,75.0,88.0,68.8,69.0,14.0,0,4,2,0,0,0.1259,Low,"[{""feature"": ""attendance"", ""label"": ""Attendance"", ""value"": 88.3, ""contribution"": -0.1158, ""direction"": ""decreases_risk""}, {""feature"": ""assignment_completion"", ""label"": ""Assignment Completion"", ""value"": 88.0, ""contribution"": -0.0609, ""direction"": ""decreases_risk""}, {""feature"": ""avg_grade"", ""label"": ""Average Grade"", ""value"": 75.0, ""contribution"": -0.0545, ""direction"": ""decreases_risk""}, {""feature"": ""engagement_score"", ""label"": ""Engagement"", ""value"": 68.8, ""contribution"": -0.0488, ""direction"": ""decreases_risk""}, {""feature"": ""previous_failures"", ""label"": ""Previous Failures"", ""value"": 0.0, ""contribution"": -0.0281, ""direction"": ""decreases_risk""}]"
ST2072,22,99.3,86.8,85.9,97.9,57.0,19.5,1,0,1,0,0,0.0503,Low,"[{""feature"": ""attendance"", ""label"": ""Attendance"", ""value"": 99.3, ""contribution"": -0.13, ""direction"": ""decreases_risk""}, {""feature"": ""avg_grade"", ""label"": ""Average Grade"", ""value"": 86.8, ""contribution"": -0.1278, ""direction"": ""decreases_risk""}, {""feature"": ""engagement_score"", ""label"": ""Engagement"", ""value"": 97.9, ""contribution"": -0.102, ""direction"": ""decreases_risk""}, {""feature"": ""assignment_completion"", ""label"": ""Assignment Completion"", ""value"": 85.9, ""contribution"": -0.0782, ""direction"": ""decreases_risk""}, {""feature"": ""participation_score"", ""label"": ""Participation"", ""value"": 57.0, ""contribution"": 0.0487, ""direction"": ""increases_risk""}]"
ST2073,20,85.7,88.4,88.2,88.3,42.1,18.0,0,4,5,1,0,0.0624,Low,"[{""feature"": ""avg_grade"", ""label"": ""Average Grade"", ""value"": 88.4, ""contribution"": -0.1289, ""direction"": ""decreases_risk""}, {""feature"": ""attendance"", ""label"": ""Attendance"", ""value"": 85.7, ""contribution"": -0.1118, ""direction"": ""decreases_risk""}, {""feature"": ""engagement_score"", ""label"": ""Engagement"", ""value"": 88.3, ""contribution"": -0.1031, ""direction"": ""decreases_risk""}, {""feature"": ""assignment_completion"", ""label"": ""Assignment Completion"", ""value"": 88.2, ""contribution"": -0.0811, ""direction"": ""decreases_risk""}, {""feature"": ""participation_score"", ""label"": ""Participation"", ""value"": 42.1, ""contribution"": 0.0667, ""direction"": ""increases_risk""}]"
ST2074,19,68.0,49.3,73.2,49.3,33.4,7.7,3,15,4,1,1,0.9678,High,"[{""feature"": ""avg_grade"", ""label"": ""Average Grade"", ""value"": 49.3, ""contribution"": 0.1421, ""direction"": ""increases_risk""}, {""feature"": ""engagement_score"", ""label"": ""Engagement"", ""value"": 49.3, ""contribution"": 0.1031, ""direction"": ""increases_risk""}, {""feature"": ""attendance"", ""label"": ""Attendance"", ""value"": 68.0, ""contribution"": 0.0978, ""direction"": ""increases_risk""}, {""feature"": ""participation_score"", ""label"": ""Participation"", ""value"": 33.4, ""contribution"": 0.0528, ""direction"": ""increases_risk""}, {""feature"": ""absences"", ""label"": ""Absences"", ""value"": 15.0, ""contribution"": 0.0367, ""direction"": ""increases_risk""}]"
ST2075,17,80.7,67.0,89.6,57.2,60.3,6.0,0,8,5,1,1,0.4287,Medium,"[{""feature"": ""attendance"", ""label"": ""Attendance"", ""value"": 80.7, ""contribution"": -0.1144, ""direction"": ""decreases_risk""}, {""feature"": ""engagement_score"", ""label"": ""Engagement"", ""value"": 57.2, ""contribution"": 0.0984, ""direction"": ""increases_risk""}, {""feature"": ""assignment_completion"", ""label"": ""Assignment Completion"", ""value"": 89.6, ""contribution"": -0.0437, ""direction"": ""decreases_risk""}, {""feature"": ""absences"", ""label"": ""Absences"", ""value"": 8.0, ""contribution"": -0.0357, ""direction"": ""decreases_risk""}, {""feature"": ""study_hours"", ""label"": ""Study Hours"", ""value"": 6.0, ""contribution"": 0.0357, ""direction"": ""increases_risk""}]"
ST2076,21,87.1,75.2,100.0,80.2,72.7,12.2,0,8,1,1,0,0.0394,Low,"[{""feature"": ""attendance"", ""label"": ""Attendance"", ""value"": 87.1, ""contribution"": -0.1075, ""direction"": ""decreases_risk""}, {""feature"": ""engagement_score"", ""label"": ""Engagement"", ""value"": 80.2, ""contribution"": -0.1067, ""direction"": ""decreases_risk""}, {""feature"": ""avg_grade"", ""label"": ""Average Grade"", ""value"": 75.2, ""contribution"": -0.0674, ""direction"": ""decreases_risk""}, {""feature"": ""assignment_completion"", ""label"": ""Assignment Completion"", ""value"": 100.0, ""contribution"": -0.0649, ""direction"": ""decreases_risk""}, {""feature"": ""participation_score"", ""label"": ""Participation"", ""value"": 72.7, ""contribution"": -0.0419, ""direction"": ""decreases_risk""}]"
ST2077,17,74.9,79.9,90.8,74.6,78.3,18.9,2,10,4,1,0,0.033,Low,"[{""feature"": ""avg_grade"", ""label"": ""Average Grade"", ""value"": 79.9, ""contribution"": -0.1179, ""direction"": ""decreases_risk""}, {""feature"": ""attendance"", ""label"": ""Attendance"", ""value"": 74.9, ""contribution"": -0.0987, ""direction"": ""decreases_risk""}, {""feature"": ""assignment_completion"", ""label"": ""Assignment Completion"", ""value"": 90.8, ""contribution"": -0.086, ""direction"": ""decreases_risk""}, {""feature"": ""engagement_score"", ""label"": ""Engagement"", ""value"": 74.6, ""contribution"": -0.0749, ""direction"": ""decreases_risk""}, {""feature"": ""participation_score"", ""label"": ""Participation"", ""value"": 78.3, ""contribution"": -0.0663, ""direction"": ""decreases_risk""}]"
ST2078,19,100.0,100.0,95.4,92.8,83.9,14.8,0,1,3,1,0,0.0012,Low,"[{""feature"": ""attendance"", ""label"": ""Attendance"", ""value"": 100.0, ""contribution"": -0.1127, ""direction"": ""decreases_risk""}, {""feature"": ""avg_grade"", ""label"": ""Average Grade"", ""value"": 100.0, ""contribution"": -0.1046, ""direction"": ""decreases_risk""}, {""feature"": ""engagement_score"", ""label"": ""Engagement"", ""value"": 92.8, ""contribution"": -0.0933, ""direction"": ""decreases_risk""}, {""feature"": ""assignment_completion"", ""label"": ""Assignment Completion"", ""value"": 95.4, ""contribution"": -0.0716, ""direction"": ""decreases_risk""}, {""feature"": ""participation_score"", ""label"": ""Participation"", ""value"": 83.9, ""contribution"": -0.0412, ""direction"": ""decreases_risk""}]"
ST2079,22,70.5,71.6,77.5,64.6,50.4,6.8,1,5,4,1,0,0.204,Low,"[{""feature"": ""avg_grade"", ""label"": ""Average Grade"", ""value"": 71.6, ""contribution"": -0.1346, ""direction"": ""decreases_risk""}, {""feature"": ""assignment_completion"", ""label"": ""Assignment Completion"", ""value"": 77.5, ""contribution"": -0.0809, ""direction"": ""decreases_risk""}, {""feature"": ""absences"", ""label"": ""Absences"", ""value"": 5.0, ""contribution"": -0.0637, ""direction"": ""decreases_risk""}, {""feature"": ""participation_score"", ""label"": ""Participation"", ""value"": 50.4, ""contribution"": 0.0481, ""direction"": ""increases_risk""}, {""feature"": ""attendance"", ""label"": ""Attendance"", ""value"": 70.5, ""contribution"": -0.0239, ""direction"": ""decreases_risk""}]"
ST2080,23,100.0,100.0,98.4,100.0,88.1,22.7,0,0,5,1,0,0.0008,Low,"[{""feature"": ""avg_grade"", ""label"": ""Average Grade"", ""value"": 100.0, ""contribution"": -0.111, ""direction"": ""decreases_risk""}, {""feature"": ""attendance"", ""label"": ""Attendance"", ""value"": 100.0, ""contribution"": -0.1071, ""direction"": ""decreases_risk""}, {""feature"": ""engagement_score"", ""label"": ""Engagement"", ""value"": 100.0, ""contribution"": -0.0952, ""direction"": ""decreases_risk""}, {""feature"": ""assignment_completion"", ""label"": ""Assignment Completion"", ""value"": 98.4, ""contribution"": -0.0733, ""direction"": ""decreases_risk""}, {""feature"": ""participation_score"", ""label"": ""Participation"", ""value"": 88.1, ""contribution"": -0.04, ""direction"": ""decreases_risk""}]"
ST2081,23,61.4,62.2,50.5,52.5,57.8,7.3,1,13,2,0,1,0.9305,High,"[{""feature"": ""attendance"", ""label"": ""Attendance"", ""value"": 61.4, ""contribution"": 0.1452, ""direction"": ""increases_risk""}, {""feature"": ""engagement_score"", ""label"": ""Engagement"", ""value"": 52.5, ""contribution"": 0.0946, ""direction"": ""increases_risk""}, {""feature"": ""assignment_completion"", ""label"": ""Assignment Completion"", ""value"": 50.5, ""contribution"": 0.087, ""direction"": ""increases_risk""}, {""feature"": ""absences"", ""label"": ""Absences"", ""value"": 13.0, ""contribution"": 0.0379, ""direction"": ""increases_risk""}, {""feature"": ""participation_score"", ""label"": ""Participation"", ""value"": 57.8, ""contribution"": 0.0344, ""direction"": ""increases_risk""}]"
ST2082,23,67.7,67.6,78.4,76.4,68.7,7.9,2,15,1,0,1,0.5272,Medium,"[{""feature"": ""engagement_score"", ""label"": ""Engagement"", ""value"": 76.4, ""contribution"": -0.1393, ""direction"": ""decreases_risk""}, {""feature"": ""attendance"", ""label"": ""Attendance"", ""value"": 67.7, ""contribution"": 0.1286, ""direction"": ""increases_risk""}, {""feature"": ""absences"", ""label"": ""Absences"", ""value"": 15.0, ""contribution"": 0.0599, ""direction"": ""increases_risk""}, {""feature"": ""avg_grade"", ""label"": ""Average Grade"", ""value"": 67.6, ""contribution"": -0.0441, ""direction"": ""decreases_risk""}, {""feature"": ""assignment_completion"", ""label"": ""Assignment Completion"", ""value"": 78.4, ""contribution"": -0.0404, ""direction"": ""decreases_risk""}]"
ST2083,20,30.0,28.6,39.8,38.0,25.9,5.8,5,23,1,1,1,0.9994,High,"[{""feature"": ""attendance"", ""label"": ""Attendance"", ""value"": 30.0, ""contribution"": 0.113, ""direction"": ""increases_risk""}, {""feature"": ""avg_grade"", ""label"": ""Average Grade"", ""value"": 28.6, ""contribution"": 0.1118, ""direction"": ""increases_risk""}, {""feature"": ""engagement_score"", ""label"": ""Engagement"", ""value"": 38.0, ""contribution"": 0.0929, ""direction"": ""increases_risk""}, {""feature"": ""assignment_completion"", ""label"": ""Assignment Completion"", ""value"": 39.8, ""contribution"": 0.0749, ""direction"": ""increases_risk""}, {""feature"": ""participation_score"", ""label"": ""Participation"", ""value"": 25.9, ""contribution"": 0.0415, ""direction"": ""increases_risk""}]"
ST2084,17,100.0,100.0,100.0,100.0,93.3,18.3,0,1,3,1,0,0.0005,Low,"[{""feature"": ""attendance"", ""label"": ""Attendance"", ""value"": 100.0, ""contribution"": -0.1108, ""direction"": ""decreases_risk""}, {""feature"": ""avg_grade"", ""label"": ""Average Grade"", ""value"": 100.0, ""contribution"": -0.1072, ""direction"": ""decreases_risk""}, {""feature"": ""engagement_score"", ""label"": ""Engagement"", ""value"": 100.0, ""contribution"": -0.0932, ""direction"": ""decreases_risk""}, {""feature"": ""assignment_completion"", ""label"": ""Assignment Completion"", ""value"": 100.0, ""contribution"": -0.0727, ""direction"": ""decreases_risk""}, {""feature"": ""participation_score"", ""label"": ""Participation"", ""value"": 93.3, ""contribution"": -0.0396, ""direction"": ""decreases_risk""}]"
ST2085,22,72.8,67.6,85.5,68.5,62.6,11.3,0,10,1,1,0,0.1665,Low,"[{""feature"": ""engagement_score"", ""label"": ""Engagement"", ""value"": 68.5, ""contribution"": -0.0855, ""direction"": ""decreases_risk""}, {""feature"": ""assignment_completion"", ""label"": ""Assignment Completion"", ""value"": 85.5, ""contribution"": -0.0814, ""direction"": ""decreases_risk""}, {""feature"": ""attendance"", ""label"": ""Attendance"", ""value"": 72.8, ""contribution"": -0.0545, ""direction"": ""decreases_risk""}, {""feature"": ""avg_grade"", ""label"": ""Average Grade"", ""value"": 67.6, ""contribution"": -0.0504, ""direction"": ""decreases_risk""}, {""feature"": ""previous_failures"", ""label"": ""Previous Failures"", ""value"": 0.0, ""contribution"": -0.042, ""direction"": ""decreases_risk""}]"
ST2086,22,73.2,37.5,57.4,43.5,33.3,0.5,4,13,1,1,1,0.8921,High,"[{""feature"": ""avg_grade"", ""label"": ""Average Grade"", ""value"": 37.5, ""contribution"": 0.1523, ""direction"": ""increases_risk""}, {""feature"": ""engagement_score"", ""label"": ""Engagement"", ""value"": 43.5, ""contribution"": 0.1063, ""direction"": ""increases_risk""}, {""feature"": ""assignment_completion"", ""label"": ""Assignment Completion"", ""value"": 57.4, ""contribution"": 0.0934, ""direction"": ""increases_risk""}, {""feature"": ""attendance"", ""label"": ""Attendance"", ""value"": 73.2, ""contribution"": -0.0763, ""direction"": ""decreases_risk""}, {""feature"": ""participation_score"", ""label"": ""Participation"", ""value"": 33.3, ""contribution"": 0.0504, ""direction"": ""increases_risk""}]"
ST2087,23,46.8,49.7,46.0,48.3,45.4,12.8,2,18,1,1,1,0.9685,High,"[{""feature"": ""attendance"", ""label"": ""Attendance"", ""value"": 46.8, ""contribution"": 0.1186, ""direction"": ""increases_risk""}, {""feature"": ""avg_grade"", ""label"": ""Average Grade"", ""value"": 49.7, ""contribution"": 0.1149, ""direction"": ""increases_risk""}, {""feature"": ""engagement_score"", ""label"": ""Engagement"", ""value"": 48.3, ""contribution"": 0.0909, ""direction"": ""increases_risk""}, {""feature"": ""assignment_completion"", ""label"": ""Assignment Completion"", ""value"": 46.0, ""contribution"": 0.0789, ""direction"": ""increases_risk""}, {""feature"": ""participation_score"", ""label"": ""Participation"", ""value"": 45.4, ""contribution"": 0.0434, ""direction"": ""increases_risk""}]"
ST2088,21,79.2,86.6,89.6,70.9,89.6,15.1,1,10,2,0,0,0.0534,Low,"[{""feature"": ""avg_grade"", ""label"": ""Average Grade"", ""value"": 86.6, ""contribution"": -0.1218, ""direction"": ""decreases_risk""}, {""feature"": ""attendance"", ""label"": ""Attendance"", ""value"": 79.2, ""contribution"": -0.1102, ""direction"": ""decreases_risk""}, {""feature"": ""assignment_completion"", ""label"": ""Assignment Completion"", ""value"": 89.6, ""contribution"": -0.0831, ""direction"": ""decreases_risk""}, {""feature"": ""engagement_score"", ""label"": ""Engagement"", ""value"": 70.9, ""contribution"": -0.0691, ""direction"": ""decreases_risk""}, {""feature"": ""participation_score"", ""label"": ""Participation"", ""value"": 89.6, ""contribution"": -0.0541, ""direction"": ""decreases_risk""}]"
ST2089,17,78.6,61.9,61.7,71.9,63.4,15.2,0,2,1,0,0,0.2712,Low,"[{""feature"": ""attendance"", ""label"": ""Attendance"", ""value"": 78.6, ""contribution"": -0.1197, ""direction"": ""decreases_risk""}, {""feature"": ""assignment_completion"", ""label"": ""Assignment Completion"", ""value"": 61.7, ""contribution"": 0.0946, ""direction"": ""increases_risk""}, {""feature"": ""engagement_score"", ""label"": ""Engagement"", ""value"": 71.9, ""contribution"": -0.081, ""direction"": ""decreases_risk""}, {""feature"": ""previous_failures"", ""label"": ""Previous Failures"", ""value"": 0.0, ""contribution"": -0.0763, ""direction"": ""decreases_risk""}, {""feature"": ""participation_score"", ""label"": ""Participation"", ""value"": 63.4, ""contribution"": -0.0272, ""direction"": ""decreases_risk""}]"
ST2090,20,91.7,73.4,62.7,71.6,60.3,14.7,0,0,3,0,0,0.1641,Low,"[{""feature"": ""attendance"", ""label"": ""Attendance"", ""value"": 91.7, ""contribution"": -0.1435, ""direction"": ""decreases_risk""}, {""feature"": ""avg_grade"", ""label"": ""Average Grade"", ""value"": 73.4, ""contribution"": -0.1002, ""direction"": ""decreases_risk""}, {""feature"": ""assignment_completion"", ""label"": ""Assignment Completion"", ""value"": 62.7, ""contribution"": 0.0784, ""direction"": ""increases_risk""}, {""feature"": ""engagement_score"", ""label"": ""Engagement"", ""value"": 71.6, ""contribution"": -0.0675, ""direction"": ""decreases_risk""}, {""feature"": ""previous_failures"", ""label"": ""Previous Failures"", ""value"": 0.0, ""contribution"": -0.0532, ""direction"": ""decreases_risk""}]"
ST2091,19,73.5,66.1,82.3,90.5,74.2,9.2,2,2,4,1,0,0.0615,Low,"[{""feature"": ""engagement_score"", ""label"": ""Engagement"", ""value"": 90.5, ""contribution"": -0.1284, ""direction"": ""decreases_risk""}, {""feature"": ""attendance"", ""label"": ""Attendance"", ""value"": 73.5, ""contribution"": -0.0849, ""direction"": ""decreases_risk""}, {""feature"": ""assignment_completion"", ""label"": ""Assignment Completion"", ""value"": 82.3, ""contribution"": -0.0771, ""direction"": ""decreases_risk""}, {""feature"": ""participation_score"", ""label"": ""Participation"", ""value"": 74.2, ""contribution"": -0.0573, ""direction"": ""decreases_risk""}, {""feature"": ""avg_grade"", ""label"": ""Average Grade"", ""value"": 66.1, ""contribution"": -0.052, ""direction"": ""decreases_risk""}]"
ST2092,22,95.7,68.1,86.5,96.1,100.0,13.6,3,4,2,1,0,0.0501,Low,"[{""feature"": ""attendance"", ""label"": ""Attendance"", ""value"": 95.7, ""contribution"": -0.126, ""direction"": ""decreases_risk""}, {""feature"": ""engagement_score"", ""label"": ""Engagement"", ""value"": 96.1, ""contribution"": -0.1095, ""direction"": ""decreases_risk""}, {""feature"": ""assignment_completion"", ""label"": ""Assignment Completion"", ""value"": 86.5, ""contribution"": -0.079, ""direction"": ""decreases_risk""}, {""feature"": ""avg_grade"", ""label"": ""Average Grade"", ""value"": 68.1, ""contribution"": -0.0688, ""direction"": ""decreases_risk""}, {""feature"": ""participation_score"", ""label"": ""Participation"", ""value"": 100.0, ""contribution"": -0.0426, ""direction"": ""decreases_risk""}]"
ST2093,19,63.0,69.4,87.1,78.4,71.6,16.7,2,15,1,0,1,0.3441,Medium,"[{""feature"": ""engagement_score"", ""label"": ""Engagement"", ""value"": 78.4, ""contribution"": -0.1641, ""direction"": ""decreases_risk""}, {""feature"": ""attendance"", ""label"": ""Attendance"", ""value"": 63.0, ""contribution"": 0.1476, ""direction"": ""increases_risk""}, {""feature"": ""assignment_completion"", ""label"": ""Assignment Completion"", ""value"": 87.1, ""contribution"": -0.0947, ""direction"": ""decreases_risk""}, {""feature"": ""avg_grade"", ""label"": ""Average Grade"", ""value"": 69.4, ""contribution"": -0.0787, ""direction"": ""decreases_risk""}, {""feature"": ""participation_score"", ""label"": ""Participation"", ""value"": 71.6, ""contribution"": -0.0532, ""direction"": ""decreases_risk""}]"
ST2094,18,100.0,99.6,100.0,100.0,100.0,23.6,0,3,3,0,0,0.0131,Low,"[{""feature"": ""attendance"", ""label"": ""Attendance"", ""value"": 100.0, ""contribution"": -0.1143, ""direction"": ""decreases_risk""}, {""feature"": ""avg_grade"", ""label"": ""Average Grade"", ""value"": 99.6, ""contribution"": -0.1119, ""direction"": ""decreases_risk""}, {""feature"": ""engagement_score"", ""label"": ""Engagement"", ""value"": 100.0, ""contribution"": -0.0919, ""direction"": ""decreases_risk""}, {""feature"": ""assignment_completion"", ""label"": ""Assignment Completion"", ""value"": 100.0, ""contribution"": -0.07, ""direction"": ""decreases_risk""}, {""feature"": ""participation_score"", ""label"": ""Participation"", ""value"": 100.0, ""contribution"": -0.0288, ""direction"": ""decreases_risk""}]"
ST2095,16,65.9,66.7,69.4,68.8,77.5,5.8,2,10,1,0,1,0.4214,Medium,"[{""feature"": ""engagement_score"", ""label"": ""Engagement"", ""value"": 68.8, ""contribution"": -0.1656, ""direction"": ""decreases_risk""}, {""feature"": ""attendance"", ""label"": ""Attendance"", ""value"": 65.9, ""contribution"": 0.122, ""direction"": ""increases_risk""}, {""feature"": ""participation_score"", ""label"": ""Participation"", ""value"": 77.5, ""contribution"": -0.0718, ""direction"": ""decreases_risk""}, {""feature"": ""avg_grade"", ""label"": ""Average Grade"", ""value"": 66.7, ""contribution"": -0.0635, ""direction"": ""decreases_risk""}, {""feature"": ""assignment_completion"", ""label"": ""Assignment Completion"", ""value"": 69.4, ""contribution"": 0.0549, ""direction"": ""increases_risk""}]"
ST2096,22,52.8,72.4,74.1,52.3,55.0,11.6,0,15,4,1,0,0.6937,High,"[{""feature"": ""attendance"", ""label"": ""Attendance"", ""value"": 52.8, ""contribution"": 0.1632, ""direction"": ""increases_risk""}, {""feature"": ""engagement_score"", ""label"": ""Engagement"", ""value"": 52.3, ""contribution"": 0.1231, ""direction"": ""increases_risk""}, {""feature"": ""avg_grade"", ""label"": ""Average Grade"", ""value"": 72.4, ""contribution"": -0.1122, ""direction"": ""decreases_risk""}, {""feature"": ""absences"", ""label"": ""Absences"", ""value"": 15.0, ""contribution"": 0.0505, ""direction"": ""increases_risk""}, {""feature"": ""previous_failures"", ""label"": ""Previous Failures"", ""value"": 0.0, ""contribution"": -0.0481, ""direction"": ""decreases_risk""}]"
ST2097,22,83.1,66.7,77.8,55.9,71.5,12.7,0,6,2,0,0,0.1272,Low,"[{""feature"": ""attendance"", ""label"": ""Attendance"", ""value"": 83.1, ""contribution"": -0.1856, ""direction"": ""decreases_risk""}, {""feature"": ""engagement_score"", ""label"": ""Engagement"", ""value"": 55.9, ""contribution"": 0.0767, ""direction"": ""increases_risk""}, {""feature"": ""absences"", ""label"": ""Absences"", ""value"": 6.0, ""contribution"": -0.0602, ""direction"": ""decreases_risk""}, {""feature"": ""assignment_completion"", ""label"": ""Assignment Completion"", ""value"": 77.8, ""contribution"": -0.0561, ""direction"": ""decreases_risk""}, {""feature"": ""avg_grade"", ""label"": ""Average Grade"", ""value"": 66.7, ""contribution"": -0.0499, ""direction"": ""decreases_risk""}]"
ST2098,16,86.9,92.6,87.5,90.8,76.5,16.2,0,9,3,1,0,0.0014,Low,"[{""feature"": ""attendance"", ""label"": ""Attendance"", ""value"": 86.9, ""contribution"": -0.1083, ""direction"": ""decreases_risk""}, {""feature"": ""avg_grade"", ""label"": ""Average Grade"", ""value"": 92.6, ""contribution"": -0.1074, ""direction"": ""decreases_risk""}, {""feature"": ""engagement_score"", ""label"": ""Engagement"", ""value"": 90.8, ""contribution"": -0.0931, ""direction"": ""decreases_risk""}, {""feature"": ""assignment_completion"", ""label"": ""Assignment Completion"", ""value"": 87.5, ""contribution"": -0.0687, ""direction"": ""decreases_risk""}, {""feature"": ""participation_score"", ""label"": ""Participation"", ""value"": 76.5, ""contribution"": -0.0436, ""direction"": ""decreases_risk""}]"
ST2099,19,48.3,30.8,60.5,48.6,51.9,8.3,4,23,2,0,1,0.9962,High,"[{""feature"": ""attendance"", ""label"": ""Attendance"", ""value"": 48.3, ""contribution"": 0.1165, ""direction"": ""increases_risk""}, {""feature"": ""avg_grade"", ""label"": ""Average Grade"", ""value"": 30.8, ""contribution"": 0.1138, ""direction"": ""increases_risk""}, {""feature"": ""engagement_score"", ""label"": ""Engagement"", ""value"": 48.6, ""contribution"": 0.0956, ""direction"": ""increases_risk""}, {""feature"": ""assignment_completion"", ""label"": ""Assignment Completion"", ""value"": 60.5, ""contribution"": 0.0666, ""direction"": ""increases_risk""}, {""feature"": ""participation_score"", ""label"": ""Participation"", ""value"": 51.9, ""contribution"": 0.0361, ""direction"": ""increases_risk""}]"
ST2100,19,66.6,60.6,67.5,41.6,56.0,6.3,3,14,2,0,0,0.9243,High,"[{""feature"": ""engagement_score"", ""label"": ""Engagement"", ""value"": 41.6, ""contribution"": 0.1105, ""direction"": ""increases_risk""}, {""feature"": ""attendance"", ""label"": ""Attendance"", ""value"": 66.6, ""contribution"": 0.0913, ""direction"": ""increases_risk""}, {""feature"": ""avg_grade"", ""label"": ""Average Grade"", ""value"": 60.6, ""contribution"": 0.0719, ""direction"": ""increases_risk""}, {""feature"": ""absences"", ""label"": ""Absences"", ""value"": 14.0, ""contribution"": 0.0376, ""direction"": ""increases_risk""}, {""feature"": ""participation_score"", ""label"": ""Participation"", ""value"": 56.0, ""contribution"": 0.0372, ""direction"": ""increases_risk""}]"
ST2101,19,83.6,81.3,87.6,77.8,73.7,13.9,0,7,1,1,0,0.0083,Low,"[{""feature"": ""avg_grade"", ""label"": ""Average Grade"", ""value"": 81.3, ""contribution"": -0.1062, ""direction"": ""decreases_risk""}, {""feature"": ""attendance"", ""label"": ""Attendance"", ""value"": 83.6, ""contribution"": -0.1044, ""direction"": ""decreases_risk""}, {""feature"": ""engagement_score"", ""label"": ""Engagement"", ""value"": 77.8, ""contribution"": -0.0944, ""direction"": ""decreases_risk""}, {""feature"": ""assignment_completion"", ""label"": ""Assignment Completion"", ""value"": 87.6, ""contribution"": -0.0708, ""direction"": ""decreases_risk""}, {""feature"": ""participation_score"", ""label"": ""Participation"", ""value"": 73.7, ""contribution"": -0.0466, ""direction"": ""decreases_risk""}]"
ST2102,23,86.6,73.7,100.0,72.5,63.7,10.9,1,9,3,1,0,0.1305,Low,"[{""feature"": ""attendance"", ""label"": ""Attendance"", ""value"": 86.6, ""contribution"": -0.1099, ""direction"": ""decreases_risk""}, {""feature"": ""avg_grade"", ""label"": ""Average Grade"", ""value"": 73.7, ""contribution"": -0.0638, ""direction"": ""decreases_risk""}, {""feature"": ""assignment_completion"", ""label"": ""Assignment Completion"", ""value"": 100.0, ""contribution"": -0.0613, ""direction"": ""decreases_risk""}, {""feature"": ""engagement_score"", ""label"": ""Engagement"", ""value"": 72.5, ""contribution"": -0.0607, ""direction"": ""decreases_risk""}, {""feature"": ""absences"", ""label"": ""Absences"", ""value"": 9.0, ""contribution"": -0.0341, ""direction"": ""decreases_risk""}]"
ST2103,17,100.0,100.0,91.7,96.2,85.9,17.3,0,0,1,1,0,0.011,Low,"[{""feature"": ""attendance"", ""label"": ""Attendance"", ""value"": 100.0, ""contribution"": -0.1123, ""direction"": ""decreases_risk""}, {""feature"": ""avg_grade"", ""label"": ""Average Grade"", ""value"": 100.0, ""contribution"": -0.1045, ""direction"": ""decreases_risk""}, {""feature"": ""engagement_score"", ""label"": ""Engagement"", ""value"": 96.2, ""contribution"": -0.0956, ""direction"": ""decreases_risk""}, {""feature"": ""assignment_completion"", ""label"": ""Assignment Completion"", ""value"": 91.7, ""contribution"": -0.0741, ""direction"": ""decreases_risk""}, {""feature"": ""participation_score"", ""label"": ""Participation"", ""value"": 85.9, ""contribution"": -0.0408, ""direction"": ""decreases_risk""}]"
ST2104,18,100.0,98.6,100.0,83.5,88.2,16.4,0,0,4,0,0,0.0001,Low,"[{""feature"": ""attendance"", ""label"": ""Attendance"", ""value"": 100.0, ""contribution"": -0.1141, ""direction"": ""decreases_risk""}, {""feature"": ""avg_grade"", ""label"": ""Average Grade"", ""value"": 98.6, ""contribution"": -0.1085, ""direction"": ""decreases_risk""}, {""feature"": ""engagement_score"", ""label"": ""Engagement"", ""value"": 83.5, ""contribution"": -0.0969, ""direction"": ""decreases_risk""}, {""feature"": ""assignment_completion"", ""label"": ""Assignment Completion"", ""value"": 100.0, ""contribution"": -0.0729, ""direction"": ""decreases_risk""}, {""feature"": ""participation_score"", ""label"": ""Participation"", ""value"": 88.2, ""contribution"": -0.0383, ""direction"": ""decreases_risk""}]"
ST2105,17,94.5,83.7,81.4,76.9,74.2,11.4,2,2,2,0,0,0.0203,Low,"[{""feature"": ""attendance"", ""label"": ""Attendance"", ""value"": 94.5, ""contribution"": -0.1374, ""direction"": ""decreases_risk""}, {""feature"": ""avg_grade"", ""label"": ""Average Grade"", ""value"": 83.7, ""contribution"": -0.111, ""direction"": ""decreases_risk""}, {""feature"": ""engagement_score"", ""label"": ""Engagement"", ""value"": 76.9, ""contribution"": -0.0925, ""direction"": ""decreases_risk""}, {""feature"": ""assignment_completion"", ""label"": ""Assignment Completion"", ""value"": 81.4, ""contribution"": -0.0733, ""direction"": ""decreases_risk""}, {""feature"": ""participation_score"", ""label"": ""Participation"", ""value"": 74.2, ""contribution"": -0.0473, ""direction"": ""decreases_risk""}]"
ST2106,17,66.2,47.6,68.3,63.9,30.3,11.2,3,9,3,0,1,0.8909,High,"[{""feature"": ""avg_grade"", ""label"": ""Average Grade"", ""value"": 47.6, ""contribution"": 0.1525, ""direction"": ""increases_risk""}, {""feature"": ""attendance"", ""label"": ""Attendance"", ""value"": 66.2, ""contribution"": 0.1132, ""direction"": ""increases_risk""}, {""feature"": ""participation_score"", ""label"": ""Participation"", ""value"": 30.3, ""contribution"": 0.0527, ""direction"": ""increases_risk""}, {""feature"": ""assignment_completion"", ""label"": ""Assignment Completion"", ""value"": 68.3, ""contribution"": 0.0524, ""direction"": ""increases_risk""}, {""feature"": ""previous_failures"", ""label"": ""Previous Failures"", ""value"": 3.0, ""contribution"": 0.0402, ""direction"": ""increases_risk""}]"
ST2107,23,89.5,92.2,94.9,89.5,68.7,16.4,0,3,3,1,0,0.0026,Low,"[{""feature"": ""attendance"", ""label"": ""Attendance"", ""value"": 89.5, ""contribution"": -0.113, ""direction"": ""decreases_risk""}, {""feature"": ""avg_grade"", ""label"": ""Average Grade"", ""value"": 92.2, ""contribution"": -0.1119, ""direction"": ""decreases_risk""}, {""feature"": ""engagement_score"", ""label"": ""Engagement"", ""value"": 89.5, ""contribution"": -0.0967, ""direction"": ""decreases_risk""}, {""feature"": ""assignment_completion"", ""label"": ""Assignment Completion"", ""value"": 94.9, ""contribution"": -0.0727, ""direction"": ""decreases_risk""}, {""feature"": ""previous_failures"", ""label"": ""Previous Failures"", ""value"": 0.0, ""contribution"": -0.0272, ""direction"": ""decreases_risk""}]"
ST2108,23,69.2,60.3,72.4,52.3,42.3,14.5,0,7,4,0,0,0.5574,Medium,"[{""feature"": ""previous_failures"", ""label"": ""Previous Failures"", ""value"": 0.0, ""contribution"": -0.0971, ""direction"": ""decreases_risk""}, {""feature"": ""engagement_score"", ""label"": ""Engagement"", ""value"": 52.3, ""contribution"": 0.0795, ""direction"": ""increases_risk""}, {""feature"": ""absences"", ""label"": ""Absences"", ""value"": 7.0, ""contribution"": -0.0696, ""direction"": ""decreases_risk""}, {""feature"": ""avg_grade"", ""label"": ""Average Grade"", ""value"": 60.3, ""contribution"": 0.069, ""direction"": ""increases_risk""}, {""feature"": ""participation_score"", ""label"": ""Participation"", ""value"": 42.3, ""contribution"": 0.0617, ""direction"": ""increases_risk""}]"
ST2109,16,92.3,76.2,81.5,78.9,78.2,13.9,2,6,4,1,0,0.0321,Low,"[{""feature"": ""attendance"", ""label"": ""Attendance"", ""value"": 92.3, ""contribution"": -0.1228, ""direction"": ""decreases_risk""}, {""feature"": ""engagement_score"", ""label"": ""Engagement"", ""value"": 78.9, ""contribution"": -0.0943, ""direction"": ""decreases_risk""}, {""feature"": ""avg_grade"", ""label"": ""Average Grade"", ""value"": 76.2, ""contribution"": -0.0825, ""direction"": ""decreases_risk""}, {""feature"": ""assignment_completion"", ""label"": ""Assignment Completion"", ""value"": 81.5, ""contribution"": -0.0627, ""direction"": ""decreases_risk""}, {""feature"": ""participation_score"", ""label"": ""Participation"", ""value"": 78.2, ""contribution"": -0.0516, ""direction"": ""decreases_risk""}]"
ST2110,21,74.8,53.8,68.0,63.7,70.1,9.2,1,10,3,0,0,0.4222,Medium,"[{""feature"": ""attendance"", ""label"": ""Attendance"", ""value"": 74.8, ""contribution"": -0.1546, ""direction"": ""decreases_risk""}, {""feature"": ""avg_grade"", ""label"": ""Average Grade"", ""value"": 53.8, ""contribution"": 0.1237, ""direction"": ""increases_risk""}, {""feature"": ""assignment_completion"", ""label"": ""Assignment Completion"", ""value"": 68.0, ""contribution"": 0.0465, ""direction"": ""increases_risk""}, {""feature"": ""participation_score"", ""label"": ""Participation"", ""value"": 70.1, ""contribution"": -0.0425, ""direction"": ""decreases_risk""}, {""feature"": ""previous_failures"", ""label"": ""Previous Failures"", ""value"": 1.0, ""contribution"": -0.033, ""direction"": ""decreases_risk""}]"
ST2111,17,77.0,70.6,91.2,64.6,72.8,17.9,0,12,5,1,0,0.1844,Low,"[{""feature"": ""attendance"", ""label"": ""Attendance"", ""value"": 77.0, ""contribution"": -0.1143, ""direction"": ""decreases_risk""}, {""feature"": ""avg_grade"", ""label"": ""Average Grade"", ""value"": 70.6, ""contribution"": -0.0839, ""direction"": ""decreases_risk""}, {""feature"": ""assignment_completion"", ""label"": ""Assignment Completion"", ""value"": 91.2, ""contribution"": -0.063, ""direction"": ""decreases_risk""}, {""feature"": ""participation_score"", ""label"": ""Participation"", ""value"": 72.8, ""contribution"": -0.0604, ""direction"": ""decreases_risk""}, {""feature"": ""engagement_score"", ""label"": ""Engagement"", ""value"": 64.6, ""contribution"": 0.0347, ""direction"": ""increases_risk""}]"
ST2112,17,59.3,61.3,80.9,46.4,47.1,6.3,1,9,2,0,0,0.704,High,"[{""feature"": ""attendance"", ""label"": ""Attendance"", ""value"": 59.3, ""contribution"": 0.1352, ""direction"": ""increases_risk""}, {""feature"": ""engagement_score"", ""label"": ""Engagement"", ""value"": 46.4, ""contribution"": 0.1222, ""direction"": ""increases_risk""}, {""feature"": ""assignment_completion"", ""label"": ""Assignment Completion"", ""value"": 80.9, ""contribution"": -0.0952, ""direction"": ""decreases_risk""}, {""feature"": ""absences"", ""label"": ""Absences"", ""value"": 9.0, ""contribution"": -0.0537, ""direction"": ""decreases_risk""}, {""feature"": ""avg_grade"", ""label"": ""Average Grade"", ""value"": 61.3, ""contribution"": 0.0518, ""direction"": ""increases_risk""}]"
ST2113,18,80.3,99.1,93.3,91.9,78.2,13.9,0,13,4,1,0,0.0202,Low,"[{""feature"": ""avg_grade"", ""label"": ""Average Grade"", ""value"": 99.1, ""contribution"": -0.1177, ""direction"": ""decreases_risk""}, {""feature"": ""engagement_score"", ""label"": ""Engagement"", ""value"": 91.9, ""contribution"": -0.1115, ""direction"": ""decreases_risk""}, {""feature"": ""attendance"", ""label"": ""Attendance"", ""value"": 80.3, ""contribution"": -0.1002, ""direction"": ""decreases_risk""}, {""feature"": ""assignment_completion"", ""label"": ""Assignment Completion"", ""value"": 93.3, ""contribution"": -0.0776, ""direction"": ""decreases_risk""}, {""feature"": ""participation_score"", ""label"": ""Participation"", ""value"": 78.2, ""contribution"": -0.055, ""direction"": ""decreases_risk""}]"
ST2114,17,100.0,100.0,99.0,95.3,84.8,21.2,0,0,2,1,0,0.0003,Low,"[{""feature"": ""attendance"", ""label"": ""Attendance"", ""value"": 100.0, ""contribution"": -0.1126, ""direction"": ""decreases_risk""}, {""feature"": ""avg_grade"", ""label"": ""Average Grade"", ""value"": 100.0, ""contribution"": -0.1097, ""direction"": ""decreases_risk""}, {""feature"": ""engagement_score"", ""label"": ""Engagement"", ""value"": 95.3, ""contribution"": -0.0953, ""direction"": ""decreases_risk""}, {""feature"": ""assignment_completion"", ""label"": ""Assignment Completion"", ""value"": 99.0, ""contribution"": -0.0735, ""direction"": ""decreases_risk""}, {""feature"": ""participation_score"", ""label"": ""Participation"", ""value"": 84.8, ""contribution"": -0.0392, ""direction"": ""decreases_risk""}]"
ST2115,19,100.0,91.3,100.0,84.5,74.8,14.5,0,0,4,0,0,0.0033,Low,"[{""feature"": ""attendance"", ""label"": ""Attendance"", ""value"": 100.0, ""contribution"": -0.115, ""direction"": ""decreases_risk""}, {""feature"": ""avg_grade"", ""label"": ""Average Grade"", ""value"": 91.3, ""contribution"": -0.1062, ""direction"": ""decreases_risk""}, {""feature"": ""engagement_score"", ""label"": ""Engagement"", ""value"": 84.5, ""contribution"": -0.0927, ""direction"": ""decreases_risk""}, {""feature"": ""assignment_completion"", ""label"": ""Assignment Completion"", ""value"": 100.0, ""contribution"": -0.0751, ""direction"": ""decreases_risk""}, {""feature"": ""participation_score"", ""label"": ""Participation"", ""value"": 74.8, ""contribution"": -0.0413, ""direction"": ""decreases_risk""}]"
ST2116,23,81.6,71.6,100.0,78.6,83.6,16.5,0,5,3,1,0,0.0244,Low,"[{""feature"": ""attendance"", ""label"": ""Attendance"", ""value"": 81.6, ""contribution"": -0.1026, ""direction"": ""decreases_risk""}, {""feature"": ""engagement_score"", ""label"": ""Engagement"", ""value"": 78.6, ""contribution"": -0.1006, ""direction"": ""decreases_risk""}, {""feature"": ""avg_grade"", ""label"": ""Average Grade"", ""value"": 71.6, ""contribution"": -0.0687, ""direction"": ""decreases_risk""}, {""feature"": ""assignment_completion"", ""label"": ""Assignment Completion"", ""value"": 100.0, ""contribution"": -0.0599, ""direction"": ""decreases_risk""}, {""feature"": ""participation_score"", ""label"": ""Participation"", ""value"": 83.6, ""contribution"": -0.0576, ""direction"": ""decreases_risk""}]"
ST2117,20,94.5,98.9,100.0,95.1,94.5,19.4,0,6,5,0,0,0.0011,Low,"[{""feature"": ""avg_grade"", ""label"": ""Average Grade"", ""value"": 98.9, ""contribution"": -0.1129, ""direction"": ""decreases_risk""}, {""feature"": ""attendance"", ""label"": ""Attendance"", ""value"": 94.5, ""contribution"": -0.1119, ""direction"": ""decreases_risk""}, {""feature"": ""engagement_score"", ""label"": ""Engagement"", ""value"": 95.1, ""contribution"": -0.0955, ""direction"": ""decreases_risk""}, {""feature"": ""assignment_completion"", ""label"": ""Assignment Completion"", ""value"": 100.0, ""contribution"": -0.0692, ""direction"": ""decreases_risk""}, {""feature"": ""participation_score"", ""label"": ""Participation"", ""value"": 94.5, ""contribution"": -0.0399, ""direction"": ""decreases_risk""}]"
ST2118,21,59.7,48.6,84.8,41.0,72.7,14.0,2,15,2,1,0,0.6652,High,"[{""feature"": ""attendance"", ""label"": ""Attendance"", ""value"": 59.7, ""contribution"": 0.1265, ""direction"": ""increases_risk""}, {""feature"": ""assignment_completion"", ""label"": ""Assignment Completion"", ""value"": 84.8, ""contribution"": -0.1262, ""direction"": ""decreases_risk""}, {""feature"": ""avg_grade"", ""label"": ""Average Grade"", ""value"": 48.6, ""contribution"": 0.1218, ""direction"": ""increases_risk""}, {""feature"": ""engagement_score"", ""label"": ""Engagement"", ""value"": 41.0, ""contribution"": 0.1144, ""direction"": ""increases_risk""}, {""feature"": ""participation_score"", ""label"": ""Participation"", ""value"": 72.7, ""contribution"": -0.0789, ""direction"": ""decreases_risk""}]"
ST2119,19,95.2,86.4,83.0,79.0,67.8,16.8,2,1,3,1,0,0.0484,Low,"[{""feature"": ""attendance"", ""label"": ""Attendance"", ""value"": 95.2, ""contribution"": -0.1297, ""direction"": ""decreases_risk""}, {""feature"": ""avg_grade"", ""label"": ""Average Grade"", ""value"": 86.4, ""contribution"": -0.1246, ""direction"": ""decreases_risk""}, {""feature"": ""engagement_score"", ""label"": ""Engagement"", ""value"": 79.0, ""contribution"": -0.0823, ""direction"": ""decreases_risk""}, {""feature"": ""assignment_completion"", ""label"": ""Assignment Completion"", ""value"": 83.0, ""contribution"": -0.0718, ""direction"": ""decreases_risk""}, {""feature"": ""absences"", ""label"": ""Absences"", ""value"": 1.0, ""contribution"": -0.0283, ""direction"": ""decreases_risk""}]"
ST2120,16,36.0,34.2,35.6,34.5,47.7,5.2,4,20,1,0,1,0.9996,High,"[{""feature"": ""attendance"", ""label"": ""Attendance"", ""value"": 36.0, ""contribution"": 0.1137, ""direction"": ""increases_risk""}, {""feature"": ""avg_grade"", ""label"": ""Average Grade"", ""value"": 34.2, ""contribution"": 0.1115, ""direction"": ""increases_risk""}, {""feature"": ""engagement_score"", ""label"": ""Engagement"", ""value"": 34.5, ""contribution"": 0.0925, ""direction"": ""increases_risk""}, {""feature"": ""assignment_completion"", ""label"": ""Assignment Completion"", ""value"": 35.6, ""contribution"": 0.0725, ""direction"": ""increases_risk""}, {""feature"": ""participation_score"", ""label"": ""Participation"", ""value"": 47.7, ""contribution"": 0.0387, ""direction"": ""increases_risk""}]"
ST2121,16,100.0,100.0,100.0,100.0,86.9,19.5,2,0,4,0,0,0.0022,Low,"[{""feature"": ""attendance"", ""label"": ""Attendance"", ""value"": 100.0, ""contribution"": -0.1246, ""direction"": ""decreases_risk""}, {""feature"": ""avg_grade"", ""label"": ""Average Grade"", ""value"": 100.0, ""contribution"": -0.1168, ""direction"": ""decreases_risk""}, {""feature"": ""engagement_score"", ""label"": ""Engagement"", ""value"": 100.0, ""contribution"": -0.097, ""direction"": ""decreases_risk""}, {""feature"": ""assignment_completion"", ""label"": ""Assignment Completion"", ""value"": 100.0, ""contribution"": -0.0816, ""direction"": ""decreases_risk""}, {""feature"": ""participation_score"", ""label"": ""Participation"", ""value"": 86.9, ""contribution"": -0.04, ""direction"": ""decreases_risk""}]"
ST2122,18,81.6,67.5,81.6,88.4,72.3,8.5,1,10,1,0,0,0.0689,Low,"[{""feature"": ""attendance"", ""label"": ""Attendance"", ""value"": 81.6, ""contribution"": -0.1308, ""direction"": ""decreases_risk""}, {""feature"": ""engagement_score"", ""label"": ""Engagement"", ""value"": 88.4, ""contribution"": -0.1307, ""direction"": ""decreases_risk""}, {""feature"": ""assignment_completion"", ""label"": ""Assignment Completion"", ""value"": 81.6, ""contribution"": -0.0733, ""direction"": ""decreases_risk""}, {""feature"": ""avg_grade"", ""label"": ""Average Grade"", ""value"": 67.5, ""contribution"": -0.0603, ""direction"": ""decreases_risk""}, {""feature"": ""participation_score"", ""label"": ""Participation"", ""value"": 72.3, ""contribution"": -0.0486, ""direction"": ""decreases_risk""}]"
ST2123,17,93.3,96.9,92.3,100.0,78.2,23.4,0,5,3,1,0,0.0006,Low,"[{""feature"": ""attendance"", ""label"": ""Attendance"", ""value"": 93.3, ""contribution"": -0.111, ""direction"": ""decreases_risk""}, {""feature"": ""avg_grade"", ""label"": ""Average Grade"", ""value"": 96.9, ""contribution"": -0.1095, ""direction"": ""decreases_risk""}, {""feature"": ""engagement_score"", ""label"": ""Engagement"", ""value"": 100.0, ""contribution"": -0.0925, ""direction"": ""decreases_risk""}, {""feature"": ""assignment_completion"", ""label"": ""Assignment Completion"", ""value"": 92.3, ""contribution"": -0.069, ""direction"": ""decreases_risk""}, {""feature"": ""participation_score"", ""label"": ""Participation"", ""value"": 78.2, ""contribution"": -0.0413, ""direction"": ""decreases_risk""}]"
ST2124,22,74.2,80.7,78.6,93.7,72.4,9.6,0,13,1,0,0,0.0716,Low,"[{""feature"": ""avg_grade"", ""label"": ""Average Grade"", ""value"": 80.7, ""contribution"": -0.126, ""direction"": ""decreases_risk""}, {""feature"": ""engagement_score"", ""label"": ""Engagement"", ""value"": 93.7, ""contribution"": -0.1247, ""direction"": ""decreases_risk""}, {""feature"": ""attendance"", ""label"": ""Attendance"", ""value"": 74.2, ""contribution"": -0.0892, ""direction"": ""decreases_risk""}, {""feature"": ""assignment_completion"", ""label"": ""Assignment Completion"", ""value"": 78.6, ""contribution"": -0.0534, ""direction"": ""decreases_risk""}, {""feature"": ""participation_score"", ""label"": ""Participation"", ""value"": 72.4, ""contribution"": -0.0522, ""direction"": ""decreases_risk""}]"
ST2125,22,84.6,64.5,89.1,94.8,39.4,7.1,1,7,2,1,0,0.2296,Low,"[{""feature"": ""attendance"", ""label"": ""Attendance"", ""value"": 84.6, ""contribution"": -0.1455, ""direction"": ""decreases_risk""}, {""feature"": ""engagement_score"", ""label"": ""Engagement"", ""value"": 94.8, ""contribution"": -0.1193, ""direction"": ""decreases_risk""}, {""feature"": ""participation_score"", ""label"": ""Participation"", ""value"": 39.4, ""contribution"": 0.0886, ""direction"": ""increases_risk""}, {""feature"": ""assignment_completion"", ""label"": ""Assignment Completion"", ""value"": 89.1, ""contribution"": -0.0838, ""direction"": ""decreases_risk""}, {""feature"": ""absences"", ""label"": ""Absences"", ""value"": 7.0, ""contribution"": -0.0471, ""direction"": ""decreases_risk""}]"
ST2126,22,100.0,100.0,100.0,100.0,97.2,24.2,0,0,3,1,0,0.0004,Low,"[{""feature"": ""attendance"", ""label"": ""Attendance"", ""value"": 100.0, ""contribution"": -0.1115, ""direction"": ""decreases_risk""}, {""feature"": ""avg_grade"", ""label"": ""Average Grade"", ""value"": 100.0, ""contribution"": -0.1089, ""direction"": ""decreases_risk""}, {""feature"": ""engagement_score"", ""label"": ""Engagement"", ""value"": 100.0, ""contribution"": -0.0939, ""direction"": ""decreases_risk""}, {""feature"": ""assignment_completion"", ""label"": ""Assignment Completion"", ""value"": 100.0, ""contribution"": -0.0727, ""direction"": ""decreases_risk""}, {""feature"": ""participation_score"", ""label"": ""Participation"", ""value"": 97.2, ""contribution"": -0.0391, ""direction"": ""decreases_risk""}]"
ST2127,21,70.1,64.2,90.0,66.8,65.7,15.8,2,7,2,1,0,0.2519,Low,"[{""feature"": ""assignment_completion"", ""label"": ""Assignment Completion"", ""value"": 90.0, ""contribution"": -0.1195, ""direction"": ""decreases_risk""}, {""feature"": ""absences"", ""label"": ""Absences"", ""value"": 7.0, ""contribution"": -0.0564, ""direction"": ""decreases_risk""}, {""feature"": ""participation_score"", ""label"": ""Participation"", ""value"": 65.7, ""contribution"": -0.0516, ""direction"": ""decreases_risk""}, {""feature"": ""study_hours"", ""label"": ""Study Hours"", ""value"": 15.8, ""contribution"": -0.042, ""direction"": ""decreases_risk""}, {""feature"": ""attendance"", ""label"": ""Attendance"", ""value"": 70.1, ""contribution"": 0.032, ""direction"": ""increases_risk""}]"
ST2128,20,44.1,42.7,62.7,44.5,36.8,4.0,2,21,2,1,1,0.9847,High,"[{""feature"": ""attendance"", ""label"": ""Attendance"", ""value"": 44.1, ""contribution"": 0.1203, ""direction"": ""increases_risk""}, {""feature"": ""avg_grade"", ""label"": ""Average Grade"", ""value"": 42.7, ""contribution"": 0.1156, ""direction"": ""increases_risk""}, {""feature"": ""engagement_score"", ""label"": ""Engagement"", ""value"": 44.5, ""contribution"": 0.0957, ""direction"": ""increases_risk""}, {""feature"": ""assignment_completion"", ""label"": ""Assignment Completion"", ""value"": 62.7, ""contribution"": 0.056, ""direction"": ""increases_risk""}, {""feature"": ""participation_score"", ""label"": ""Participation"", ""value"": 36.8, ""contribution"": 0.0452, ""direction"": ""increases_risk""}]"
ST2129,21,96.4,62.7,91.8,71.2,93.7,17.0,1,0,1,0,0,0.1353,Low,"[{""feature"": ""attendance"", ""label"": ""Attendance"", ""value"": 96.4, ""contribution"": -0.1483, ""direction"": ""decreases_risk""}, {""feature"": ""assignment_completion"", ""label"": ""Assignment Completion"", ""value"": 91.8, ""contribution"": -0.0931, ""direction"": ""decreases_risk""}, {""feature"": ""engagement_score"", ""label"": ""Engagement"", ""value"": 71.2, ""contribution"": -0.0609, ""direction"": ""decreases_risk""}, {""feature"": ""participation_score"", ""label"": ""Participation"", ""value"": 93.7, ""contribution"": -0.0548, ""direction"": ""decreases_risk""}, {""feature"": ""avg_grade"", ""label"": ""Average Grade"", ""value"": 62.7, ""contribution"": 0.0452, ""direction"": ""increases_risk""}]"
ST2130,19,73.5,77.4,72.1,67.2,51.6,4.8,0,8,4,1,0,0.2074,Low,"[{""feature"": ""avg_grade"", ""label"": ""Average Grade"", ""value"": 77.4, ""contribution"": -0.1077, ""direction"": ""decreases_risk""}, {""feature"": ""attendance"", ""label"": ""Attendance"", ""value"": 73.5, ""contribution"": -0.0935, ""direction"": ""decreases_risk""}, {""feature"": ""absences"", ""label"": ""Absences"", ""value"": 8.0, ""contribution"": -0.0557, ""direction"": ""decreases_risk""}, {""feature"": ""participation_score"", ""label"": ""Participation"", ""value"": 51.6, ""contribution"": 0.0529, ""direction"": ""increases_risk""}, {""feature"": ""engagement_score"", ""label"": ""Engagement"", ""value"": 67.2, ""contribution"": -0.0517, ""direction"": ""decreases_risk""}]"
ST2131,21,48.8,63.0,72.3,45.2,47.5,5.9,2,15,4,1,1,0.8936,High,"[{""feature"": ""attendance"", ""label"": ""Attendance"", ""value"": 48.8, ""contribution"": 0.1554, ""direction"": ""increases_risk""}, {""feature"": ""engagement_score"", ""label"": ""Engagement"", ""value"": 45.2, ""contribution"": 0.1133, ""direction"": ""increases_risk""}, {""feature"": ""participation_score"", ""label"": ""Participation"", ""value"": 47.5, ""contribution"": 0.0547, ""direction"": ""increases_risk""}, {""feature"": ""absences"", ""label"": ""Absences"", ""value"": 15.0, ""contribution"": 0.0434, ""direction"": ""increases_risk""}, {""feature"": ""previous_failures"", ""label"": ""Previous Failures"", ""value"": 2.0, ""contribution"": 0.0155, ""direction"": ""increases_risk""}]"
ST2132,22,85.8,76.0,91.2,77.2,60.3,7.1,1,8,3,0,0,0.1432,Low,"[{""feature"": ""attendance"", ""label"": ""Attendance"", ""value"": 85.8, ""contribution"": -0.1208, ""direction"": ""decreases_risk""}, {""feature"": ""engagement_score"", ""label"": ""Engagement"", ""value"": 77.2, ""contribution"": -0.0961, ""direction"": ""decreases_risk""}, {""feature"": ""avg_grade"", ""label"": ""Average Grade"", ""value"": 76.0, ""contribution"": -0.0637, ""direction"": ""decreases_risk""}, {""feature"": ""assignment_completion"", ""label"": ""Assignment Completion"", ""value"": 91.2, ""contribution"": -0.0553, ""direction"": ""decreases_risk""}, {""feature"": ""absences"", ""label"": ""Absences"", ""value"": 8.0, ""contribution"": -0.0367, ""direction"": ""decreases_risk""}]"
ST2133,22,84.1,86.7,80.1,74.8,69.9,17.0,3,7,1,1,0,0.0777,Low,"[{""feature"": ""avg_grade"", ""label"": ""Average Grade"", ""value"": 86.7, ""contribution"": -0.129, ""direction"": ""decreases_risk""}, {""feature"": ""attendance"", ""label"": ""Attendance"", ""value"": 84.1, ""contribution"": -0.112, ""direction"": ""decreases_risk""}, {""feature"": ""assignment_completion"", ""label"": ""Assignment Completion"", ""value"": 80.1, ""contribution"": -0.0687, ""direction"": ""decreases_risk""}, {""feature"": ""engagement_score"", ""label"": ""Engagement"", ""value"": 74.8, ""contribution"": -0.0517, ""direction"": ""decreases_risk""}, {""feature"": ""absences"", ""label"": ""Absences"", ""value"": 7.0, ""contribution"": -0.0397, ""direction"": ""decreases_risk""}]"
ST2134,20,100.0,100.0,100.0,100.0,100.0,17.6,0,2,1,0,1,0.1903,Low,"[{""feature"": ""attendance"", ""label"": ""Attendance"", ""value"": 100.0, ""contribution"": -0.1043, ""direction"": ""decreases_risk""}, {""feature"": ""avg_grade"", ""label"": ""Average Grade"", ""value"": 100.0, ""contribution"": -0.0867, ""direction"": ""decreases_risk""}, {""feature"": ""engagement_score"", ""label"": ""Engagement"", ""value"": 100.0, ""contribution"": -0.0755, ""direction"": ""decreases_risk""}, {""feature"": ""assignment_completion"", ""label"": ""Assignment Completion"", ""value"": 100.0, ""contribution"": -0.0626, ""direction"": ""decreases_risk""}, {""feature"": ""family_support"", ""label"": ""Family Support"", ""value"": 1.0, ""contribution"": 0.037, ""direction"": ""increases_risk""}]"
ST2135,16,66.5,54.9,73.0,61.5,75.3,5.3,2,10,4,0,1,0.7635,High,"[{""feature"": ""attendance"", ""label"": ""Attendance"", ""value"": 66.5, ""contribution"": 0.1263, ""direction"": ""increases_risk""}, {""feature"": ""avg_grade"", ""label"": ""Average Grade"", ""value"": 54.9, ""contribution"": 0.1094, ""direction"": ""increases_risk""}, {""feature"": ""participation_score"", ""label"": ""Participation"", ""value"": 75.3, ""contribution"": -0.063, ""direction"": ""decreases_risk""}, {""feature"": ""engagement_score"", ""label"": ""Engagement"", ""value"": 61.5, ""contribution"": 0.0377, ""direction"": ""increases_risk""}, {""feature"": ""previous_failures"", ""label"": ""Previous Failures"", ""value"": 2.0, ""contribution"": 0.0248, ""direction"": ""increases_risk""}]"
ST2136,21,59.9,75.5,76.3,70.9,61.9,14.1,0,15,5,1,0,0.2364,Low,"[{""feature"": ""engagement_score"", ""label"": ""Engagement"", ""value"": 70.9, ""contribution"": -0.1202, ""direction"": ""decreases_risk""}, {""feature"": ""attendance"", ""label"": ""Attendance"", ""value"": 59.9, ""contribution"": 0.116, ""direction"": ""increases_risk""}, {""feature"": ""avg_grade"", ""label"": ""Average Grade"", ""value"": 75.5, ""contribution"": -0.0998, ""direction"": ""decreases_risk""}, {""feature"": ""assignment_completion"", ""label"": ""Assignment Completion"", ""value"": 76.3, ""contribution"": -0.0572, ""direction"": ""decreases_risk""}, {""feature"": ""absences"", ""label"": ""Absences"", ""value"": 15.0, ""contribution"": 0.0475, ""direction"": ""increases_risk""}]"
ST2137,18,99.4,85.0,99.2,69.2,74.2,19.7,0,0,5,0,0,0.028,Low,"[{""feature"": ""avg_grade"", ""label"": ""Average Grade"", ""value"": 85.0, ""contribution"": -0.118, ""direction"": ""decreases_risk""}, {""feature"": ""attendance"", ""label"": ""Attendance"", ""value"": 99.4, ""contribution"": -0.1107, ""direction"": ""decreases_risk""}, {""feature"": ""assignment_completion"", ""label"": ""Assignment Completion"", ""value"": 99.2, ""contribution"": -0.0752, ""direction"": ""decreases_risk""}, {""feature"": ""engagement_score"", ""label"": ""Engagement"", ""value"": 69.2, ""contribution"": -0.0567, ""direction"": ""decreases_risk""}, {""feature"": ""participation_score"", ""label"": ""Participation"", ""value"": 74.2, ""contribution"": -0.046, ""direction"": ""decreases_risk""}]"
ST2138,21,93.2,67.4,91.9,52.8,53.5,11.0,0,2,3,1,0,0.2888,Low,"[{""feature"": ""attendance"", ""label"": ""Attendance"", ""value"": 93.2, ""contribution"": -0.1717, ""direction"": ""decreases_risk""}, {""feature"": ""engagement_score"", ""label"": ""Engagement"", ""value"": 52.8, ""contribution"": 0.1046, ""direction"": ""increases_risk""}, {""feature"": ""participation_score"", ""label"": ""Participation"", ""value"": 53.5, ""contribution"": 0.064, ""direction"": ""increases_risk""}, {""feature"": ""absences"", ""label"": ""Absences"", ""value"": 2.0, ""contribution"": -0.0594, ""direction"": ""decreases_risk""}, {""feature"": ""assignment_completion"", ""label"": ""Assignment Completion"", ""value"": 91.9, ""contribution"": -0.0535, ""direction"": ""decreases_risk""}]"
ST2139,20,100.0,93.7,100.0,70.6,90.5,16.3,1,0,3,0,0,0.0271,Low,"[{""feature"": ""attendance"", ""label"": ""Attendance"", ""value"": 100.0, ""contribution"": -0.1191, ""direction"": ""decreases_risk""}, {""feature"": ""avg_grade"", ""label"": ""Average Grade"", ""value"": 93.7, ""contribution"": -0.1168, ""direction"": ""decreases_risk""}, {""feature"": ""assignment_completion"", ""label"": ""Assignment Completion"", ""value"": 100.0, ""contribution"": -0.0837, ""direction"": ""decreases_risk""}, {""feature"": ""engagement_score"", ""label"": ""Engagement"", ""value"": 70.6, ""contribution"": -0.0595, ""direction"": ""decreases_risk""}, {""feature"": ""participation_score"", ""label"": ""Participation"", ""value"": 90.5, ""contribution"": -0.0385, ""direction"": ""decreases_risk""}]"
ST2140,23,100.0,91.6,100.0,72.1,87.7,16.0,0,0,1,1,0,0.0204,Low,"[{""feature"": ""avg_grade"", ""label"": ""Average Grade"", ""value"": 91.6, ""contribution"": -0.1121, ""direction"": ""decreases_risk""}, {""feature"": ""attendance"", ""label"": ""Attendance"", ""value"": 100.0, ""contribution"": -0.1121, ""direction"": ""decreases_risk""}, {""feature"": ""assignment_completion"", ""label"": ""Assignment Completion"", ""value"": 100.0, ""contribution"": -0.076, ""direction"": ""decreases_risk""}, {""feature"": ""engagement_score"", ""label"": ""Engagement"", ""value"": 72.1, ""contribution"": -0.0656, ""direction"": ""decreases_risk""}, {""feature"": ""participation_score"", ""label"": ""Participation"", ""value"": 87.7, ""contribution"": -0.0417, ""direction"": ""decreases_risk""}]"
ST2141,18,57.9,53.6,47.6,62.0,58.3,8.6,4,14,1,0,1,0.9187,High,"[{""feature"": ""attendance"", ""label"": ""Attendance"", ""value"": 57.9, ""contribution"": 0.1155, ""direction"": ""increases_risk""}, {""feature"": ""avg_grade"", ""label"": ""Average Grade"", ""value"": 53.6, ""contribution"": 0.1121, ""direction"": ""increases_risk""}, {""feature"": ""assignment_completion"", ""label"": ""Assignment Completion"", ""value"": 47.6, ""contribution"": 0.0758, ""direction"": ""increases_risk""}, {""feature"": ""absences"", ""label"": ""Absences"", ""value"": 14.0, ""contribution"": 0.0354, ""direction"": ""increases_risk""}, {""feature"": ""previous_failures"", ""label"": ""Previous Failures"", ""value"": 4.0, ""contribution"": 0.0281, ""direction"": ""increases_risk""}]"
ST2142,23,100.0,90.8,100.0,96.8,71.4,14.7,0,7,4,1,0,0.0046,Low,"[{""feature"": ""avg_grade"", ""label"": ""Average Grade"", ""value"": 90.8, ""contribution"": -0.1084, ""direction"": ""decreases_risk""}, {""feature"": ""attendance"", ""label"": ""Attendance"", ""value"": 100.0, ""contribution"": -0.1075, ""direction"": ""decreases_risk""}, {""feature"": ""engagement_score"", ""label"": ""Engagement"", ""value"": 96.8, ""contribution"": -0.0944, ""direction"": ""decreases_risk""}, {""feature"": ""assignment_completion"", ""label"": ""Assignment Completion"", ""value"": 100.0, ""contribution"": -0.0708, ""direction"": ""decreases_risk""}, {""feature"": ""participation_score"", ""label"": ""Participation"", ""value"": 71.4, ""contribution"": -0.0315, ""direction"": ""decreases_risk""}]"
ST2143,22,52.7,46.3,66.2,60.3,39.0,9.0,1,11,3,1,0,0.7699,High,"[{""feature"": ""attendance"", ""label"": ""Attendance"", ""value"": 52.7, ""contribution"": 0.114, ""direction"": ""increases_risk""}, {""feature"": ""avg_grade"", ""label"": ""Average Grade"", ""value"": 46.3, ""contribution"": 0.1119, ""direction"": ""increases_risk""}, {""feature"": ""participation_score"", ""label"": ""Participation"", ""value"": 39.0, ""contribution"": 0.0448, ""direction"": ""increases_risk""}, {""feature"": ""assignment_completion"", ""label"": ""Assignment Completion"", ""value"": 66.2, ""contribution"": 0.0406, ""direction"": ""increases_risk""}, {""feature"": ""previous_failures"", ""label"": ""Previous Failures"", ""value"": 1.0, ""contribution"": -0.0357, ""direction"": ""decreases_risk""}]"
ST2144,18,100.0,100.0,90.1,100.0,89.4,20.1,0,0,3,1,0,0.0004,Low,"[{""feature"": ""attendance"", ""label"": ""Attendance"", ""value"": 100.0, ""contribution"": -0.1118, ""direction"": ""decreases_risk""}, {""feature"": ""avg_grade"", ""label"": ""Average Grade"", ""value"": 100.0, ""contribution"": -0.1094, ""direction"": ""decreases_risk""}, {""feature"": ""engagement_score"", ""label"": ""Engagement"", ""value"": 100.0, ""contribution"": -0.0943, ""direction"": ""decreases_risk""}, {""feature"": ""assignment_completion"", ""label"": ""Assignment Completion"", ""value"": 90.1, ""contribution"": -0.0729, ""direction"": ""decreases_risk""}, {""feature"": ""participation_score"", ""label"": ""Participation"", ""value"": 89.4, ""contribution"": -0.0387, ""direction"": ""decreases_risk""}]"
ST2145,19,78.5,74.7,83.5,92.3,83.3,17.7,0,8,2,1,0,0.0321,Low,"[{""feature"": ""engagement_score"", ""label"": ""Engagement"", ""value"": 92.3, ""contribution"": -0.1071, ""direction"": ""decreases_risk""}, {""feature"": ""attendance"", ""label"": ""Attendance"", ""value"": 78.5, ""contribution"": -0.0988, ""direction"": ""decreases_risk""}, {""feature"": ""avg_grade"", ""label"": ""Average Grade"", ""value"": 74.7, ""contribution"": -0.0713, ""direction"": ""decreases_risk""}, {""feature"": ""assignment_completion"", ""label"": ""Assignment Completion"", ""value"": 83.5, ""contribution"": -0.0606, ""direction"": ""decreases_risk""}, {""feature"": ""participation_score"", ""label"": ""Participation"", ""value"": 83.3, ""contribution"": -0.0513, ""direction"": ""decreases_risk""}]"
ST2146,20,37.6,38.0,34.7,40.0,18.4,4.3,5,27,2,1,1,0.9995,High,"[{""feature"": ""attendance"", ""label"": ""Attendance"", ""value"": 37.6, ""contribution"": 0.1135, ""direction"": ""increases_risk""}, {""feature"": ""avg_grade"", ""label"": ""Average Grade"", ""value"": 38.0, ""contribution"": 0.1122, ""direction"": ""increases_risk""}, {""feature"": ""engagement_score"", ""label"": ""Engagement"", ""value"": 40.0, ""contribution"": 0.093, ""direction"": ""increases_risk""}, {""feature"": ""assignment_completion"", ""label"": ""Assignment Completion"", ""value"": 34.7, ""contribution"": 0.075, ""direction"": ""increases_risk""}, {""feature"": ""participation_score"", ""label"": ""Participation"", ""value"": 18.4, ""contribution"": 0.0424, ""direction"": ""increases_risk""}]"
ST2147,22,51.6,56.0,58.0,51.3,48.7,3.4,1,18,5,0,1,0.9367,High,"[{""feature"": ""attendance"", ""label"": ""Attendance"", ""value"": 51.6, ""contribution"": 0.1141, ""direction"": ""increases_risk""}, {""feature"": ""engagement_score"", ""label"": ""Engagement"", ""value"": 51.3, ""contribution"": 0.102, ""direction"": ""increases_risk""}, {""feature"": ""assignment_completion"", ""label"": ""Assignment Completion"", ""value"": 58.0, ""contribution"": 0.0802, ""direction"": ""increases_risk""}, {""feature"": ""avg_grade"", ""label"": ""Average Grade"", ""value"": 56.0, ""contribution"": 0.0738, ""direction"": ""increases_risk""}, {""feature"": ""participation_score"", ""label"": ""Participation"", ""value"": 48.7, ""contribution"": 0.0501, ""direction"": ""increases_risk""}]"
ST2148,21,84.3,70.7,96.1,79.2,84.4,13.6,0,8,5,1,0,0.0379,Low,"[{""feature"": ""engagement_score"", ""label"": ""Engagement"", ""value"": 79.2, ""contribution"": -0.1059, ""direction"": ""decreases_risk""}, {""feature"": ""attendance"", ""label"": ""Attendance"", ""value"": 84.3, ""contribution"": -0.1032, ""direction"": ""decreases_risk""}, {""feature"": ""avg_grade"", ""label"": ""Average Grade"", ""value"": 70.7, ""contribution"": -0.0645, ""direction"": ""decreases_risk""}, {""feature"": ""participation_score"", ""label"": ""Participation"", ""value"": 84.4, ""contribution"": -0.054, ""direction"": ""decreases_risk""}, {""feature"": ""assignment_completion"", ""label"": ""Assignment Completion"", ""value"": 96.1, ""contribution"": -0.052, ""direction"": ""decreases_risk""}]"
ST2149,22,100.0,98.4,100.0,97.8,78.8,16.2,0,0,4,1,0,0.0002,Low,"[{""feature"": ""attendance"", ""label"": ""Attendance"", ""value"": 100.0, ""contribution"": -0.109, ""direction"": ""decreases_risk""}, {""feature"": ""avg_grade"", ""label"": ""Average Grade"", ""value"": 98.4, ""contribution"": -0.1049, ""direction"": ""decreases_risk""}, {""feature"": ""engagement_score"", ""label"": ""Engagement"", ""value"": 97.8, ""contribution"": -0.0934, ""direction"": ""decreases_risk""}, {""feature"": ""assignment_completion"", ""label"": ""Assignment Completion"", ""value"": 100.0, ""contribution"": -0.0738, ""direction"": ""decreases_risk""}, {""feature"": ""participation_score"", ""label"": ""Participation"", ""value"": 78.8, ""contribution"": -0.0408, ""direction"": ""decreases_risk""}]"
ST2150,18,90.0,79.8,82.2,83.5,91.8,12.9,1,2,2,0,0,0.0221,Low,"[{""feature"": ""attendance"", ""label"": ""Attendance"", ""value"": 90.0, ""contribution"": -0.1278, ""direction"": ""decreases_risk""}, {""feature"": ""engagement_score"", ""label"": ""Engagement"", ""value"": 83.5, ""contribution"": -0.1034, ""direction"": ""decreases_risk""}, {""feature"": ""avg_grade"", ""label"": ""Average Grade"", ""value"": 79.8, ""contribution"": -0.0966, ""direction"": ""decreases_risk""}, {""feature"": ""assignment_completion"", ""label"": ""Assignment Completion"", ""value"": 82.2, ""contribution"": -0.0662, ""direction"": ""decreases_risk""}, {""feature"": ""participation_score"", ""label"": ""Participation"", ""value"": 91.8, ""contribution"": -0.0416, ""direction"": ""decreases_risk""}]"
ST2151,20,64.5,67.1,81.5,81.0,74.1,10.8,2,13,4,0,0,0.1904,Low,"[{""feature"": ""engagement_score"", ""label"": ""Engagement"", ""value"": 81.0, ""contribution"": -0.2125, ""direction"": ""decreases_risk""}, {""feature"": ""attendance"", ""label"": ""Attendance"", ""value"": 64.5, ""contribution"": 0.1242, ""direction"": ""increases_risk""}, {""feature"": ""assignment_completion"", ""label"": ""Assignment Completion"", ""value"": 81.5, ""contribution"": -0.0834, ""direction"": ""decreases_risk""}, {""feature"": ""avg_grade"", ""label"": ""Average Grade"", ""value"": 67.1, ""contribution"": -0.0757, ""direction"": ""decreases_risk""}, {""feature"": ""participation_score"", ""label"": ""Participation"", ""value"": 74.1, ""contribution"": -0.0738, ""direction"": ""decreases_risk""}]"
ST2152,19,74.5,63.1,84.3,45.0,55.5,9.8,3,7,2,1,0,0.403,Medium,"[{""feature"": ""attendance"", ""label"": ""Attendance"", ""value"": 74.5, ""contribution"": -0.1392, ""direction"": ""decreases_risk""}, {""feature"": ""engagement_score"", ""label"": ""Engagement"", ""value"": 45.0, ""contribution"": 0.1318, ""direction"": ""increases_risk""}, {""feature"": ""assignment_completion"", ""label"": ""Assignment Completion"", ""value"": 84.3, ""contribution"": -0.0983, ""direction"": ""decreases_risk""}, {""feature"": ""absences"", ""label"": ""Absences"", ""value"": 7.0, ""contribution"": -0.0738, ""direction"": ""decreases_risk""}, {""feature"": ""participation_score"", ""label"": ""Participation"", ""value"": 55.5, ""contribution"": 0.0621, ""direction"": ""increases_risk""}]"
ST2153,23,72.9,80.8,84.2,69.5,66.1,15.1,1,12,3,0,0,0.1135,Low,"[{""feature"": ""avg_grade"", ""label"": ""Average Grade"", ""value"": 80.8, ""contribution"": -0.1289, ""direction"": ""decreases_risk""}, {""feature"": ""assignment_completion"", ""label"": ""Assignment Completion"", ""value"": 84.2, ""contribution"": -0.0863, ""direction"": ""decreases_risk""}, {""feature"": ""engagement_score"", ""label"": ""Engagement"", ""value"": 69.5, ""contribution"": -0.0836, ""direction"": ""decreases_risk""}, {""feature"": ""participation_score"", ""label"": ""Participation"", ""value"": 66.1, ""contribution"": -0.0402, ""direction"": ""decreases_risk""}, {""feature"": ""attendance"", ""label"": ""Attendance"", ""value"": 72.9, ""contribution"": -0.0376, ""direction"": ""decreases_risk""}]"
ST2154,18,86.4,67.6,86.1,67.0,67.0,7.9,1,0,1,1,0,0.1231,Low,"[{""feature"": ""attendance"", ""label"": ""Attendance"", ""value"": 86.4, ""contribution"": -0.1467, ""direction"": ""decreases_risk""}, {""feature"": ""assignment_completion"", ""label"": ""Assignment Completion"", ""value"": 86.1, ""contribution"": -0.0866, ""direction"": ""decreases_risk""}, {""feature"": ""avg_grade"", ""label"": ""Average Grade"", ""value"": 67.6, ""contribution"": -0.0459, ""direction"": ""decreases_risk""}, {""feature"": ""absences"", ""label"": ""Absences"", ""value"": 0.0, ""contribution"": -0.0365, ""direction"": ""decreases_risk""}, {""feature"": ""participation_score"", ""label"": ""Participation"", ""value"": 67.0, ""contribution"": -0.0257, ""direction"": ""decreases_risk""}]"
ST2155,20,92.5,80.4,89.1,86.0,60.5,10.0,2,5,4,0,0,0.0095,Low,"[{""feature"": ""attendance"", ""label"": ""Attendance"", ""value"": 92.5, ""contribution"": -0.1375, ""direction"": ""decreases_risk""}, {""feature"": ""avg_grade"", ""label"": ""Average Grade"", ""value"": 80.4, ""contribution"": -0.1192, ""direction"": ""decreases_risk""}, {""feature"": ""engagement_score"", ""label"": ""Engagement"", ""value"": 86.0, ""contribution"": -0.1027, ""direction"": ""decreases_risk""}, {""feature"": ""assignment_completion"", ""label"": ""Assignment Completion"", ""value"": 89.1, ""contribution"": -0.0854, ""direction"": ""decreases_risk""}, {""feature"": ""absences"", ""label"": ""Absences"", ""value"": 5.0, ""contribution"": -0.0339, ""direction"": ""decreases_risk""}]"
ST2156,16,100.0,97.8,100.0,100.0,77.5,17.5,0,0,1,1,0,0.0176,Low,"[{""feature"": ""attendance"", ""label"": ""Attendance"", ""value"": 100.0, ""contribution"": -0.1124, ""direction"": ""decreases_risk""}, {""feature"": ""avg_grade"", ""label"": ""Average Grade"", ""value"": 97.8, ""contribution"": -0.1058, ""direction"": ""decreases_risk""}, {""feature"": ""engagement_score"", ""label"": ""Engagement"", ""value"": 100.0, ""contribution"": -0.0895, ""direction"": ""decreases_risk""}, {""feature"": ""assignment_completion"", ""label"": ""Assignment Completion"", ""value"": 100.0, ""contribution"": -0.0737, ""direction"": ""decreases_risk""}, {""feature"": ""participation_score"", ""label"": ""Participation"", ""value"": 77.5, ""contribution"": -0.043, ""direction"": ""decreases_risk""}]"
ST2157,22,80.5,72.2,99.3,64.3,91.8,19.2,0,6,4,1,0,0.1876,Low,"[{""feature"": ""attendance"", ""label"": ""Attendance"", ""value"": 80.5, ""contribution"": -0.1128, ""direction"": ""decreases_risk""}, {""feature"": ""avg_grade"", ""label"": ""Average Grade"", ""value"": 72.2, ""contribution"": -0.0567, ""direction"": ""decreases_risk""}, {""feature"": ""assignment_completion"", ""label"": ""Assignment Completion"", ""value"": 99.3, ""contribution"": -0.0519, ""direction"": ""decreases_risk""}, {""feature"": ""participation_score"", ""label"": ""Participation"", ""value"": 91.8, ""contribution"": -0.0457, ""direction"": ""decreases_risk""}, {""feature"": ""absences"", ""label"": ""Absences"", ""value"": 6.0, ""contribution"": -0.0416, ""direction"": ""decreases_risk""}]"
ST2158,19,36.9,46.3,47.5,66.0,44.4,11.0,3,17,4,1,1,0.9508,High,"[{""feature"": ""avg_grade"", ""label"": ""Average Grade"", ""value"": 46.3, ""contribution"": 0.1339, ""direction"": ""increases_risk""}, {""feature"": ""attendance"", ""label"": ""Attendance"", ""value"": 36.9, ""contribution"": 0.1167, ""direction"": ""increases_risk""}, {""feature"": ""assignment_completion"", ""label"": ""Assignment Completion"", ""value"": 47.5, ""contribution"": 0.0867, ""direction"": ""increases_risk""}, {""feature"": ""participation_score"", ""label"": ""Participation"", ""value"": 44.4, ""contribution"": 0.0504, ""direction"": ""increases_risk""}, {""feature"": ""absences"", ""label"": ""Absences"", ""value"": 17.0, ""contribution"": 0.0401, ""direction"": ""increases_risk""}]"
ST2159,18,86.7,100.0,100.0,84.3,99.0,13.2,0,2,1,1,0,0.0342,Low,"[{""feature"": ""attendance"", ""label"": ""Attendance"", ""value"": 86.7, ""contribution"": -0.1103, ""direction"": ""decreases_risk""}, {""feature"": ""avg_grade"", ""label"": ""Average Grade"", ""value"": 100.0, ""contribution"": -0.099, ""direction"": ""decreases_risk""}, {""feature"": ""engagement_score"", ""label"": ""Engagement"", ""value"": 84.3, ""contribution"": -0.0953, ""direction"": ""decreases_risk""}, {""feature"": ""assignment_completion"", ""label"": ""Assignment Completion"", ""value"": 100.0, ""contribution"": -0.0735, ""direction"": ""decreases_risk""}, {""feature"": ""participation_score"", ""label"": ""Participation"", ""value"": 99.0, ""contribution"": -0.0378, ""direction"": ""decreases_risk""}]"
ST2160,20,94.2,79.1,95.0,62.5,65.9,16.9,1,6,3,1,0,0.0942,Low,"[{""feature"": ""attendance"", ""label"": ""Attendance"", ""value"": 94.2, ""contribution"": -0.143, ""direction"": ""decreases_risk""}, {""feature"": ""avg_grade"", ""label"": ""Average Grade"", ""value"": 79.1, ""contribution"": -0.1097, ""direction"": ""decreases_risk""}, {""feature"": ""assignment_completion"", ""label"": ""Assignment Completion"", ""value"": 95.0, ""contribution"": -0.0731, ""direction"": ""decreases_risk""}, {""feature"": ""absences"", ""label"": ""Absences"", ""value"": 6.0, ""contribution"": -0.0407, ""direction"": ""decreases_risk""}, {""feature"": ""participation_score"", ""label"": ""Participation"", ""value"": 65.9, ""contribution"": -0.0256, ""direction"": ""decreases_risk""}]"
ST2161,19,89.1,78.7,97.7,82.3,79.2,19.7,0,3,2,1,0,0.0195,Low,"[{""feature"": ""attendance"", ""label"": ""Attendance"", ""value"": 89.1, ""contribution"": -0.1134, ""direction"": ""decreases_risk""}, {""feature"": ""engagement_score"", ""label"": ""Engagement"", ""value"": 82.3, ""contribution"": -0.1006, ""direction"": ""decreases_risk""}, {""feature"": ""avg_grade"", ""label"": ""Average Grade"", ""value"": 78.7, ""contribution"": -0.0899, ""direction"": ""decreases_risk""}, {""feature"": ""assignment_completion"", ""label"": ""Assignment Completion"", ""value"": 97.7, ""contribution"": -0.0674, ""direction"": ""decreases_risk""}, {""feature"": ""participation_score"", ""label"": ""Participation"", ""value"": 79.2, ""contribution"": -0.0454, ""direction"": ""decreases_risk""}]"
ST2162,22,69.2,71.3,87.9,64.9,72.6,8.0,1,12,3,0,0,0.2772,Low,"[{""feature"": ""avg_grade"", ""label"": ""Average Grade"", ""value"": 71.3, ""contribution"": -0.1252, ""direction"": ""decreases_risk""}, {""feature"": ""assignment_completion"", ""label"": ""Assignment Completion"", ""value"": 87.9, ""contribution"": -0.1029, ""direction"": ""decreases_risk""}, {""feature"": ""participation_score"", ""label"": ""Participation"", ""value"": 72.6, ""contribution"": -0.076, ""direction"": ""decreases_risk""}, {""feature"": ""attendance"", ""label"": ""Attendance"", ""value"": 69.2, ""contribution"": 0.0547, ""direction"": ""increases_risk""}, {""feature"": ""absences"", ""label"": ""Absences"", ""value"": 12.0, ""contribution"": 0.0298, ""direction"": ""increases_risk""}]"
ST2163,20,99.8,80.3,92.1,61.9,66.9,6.2,1,0,1,1,0,0.081,Low,"[{""feature"": ""attendance"", ""label"": ""Attendance"", ""value"": 99.8, ""contribution"": -0.1643, ""direction"": ""decreases_risk""}, {""feature"": ""avg_grade"", ""label"": ""Average Grade"", ""value"": 80.3, ""contribution"": -0.1345, ""direction"": ""decreases_risk""}, {""feature"": ""assignment_completion"", ""label"": ""Assignment Completion"", ""value"": 92.1, ""contribution"": -0.088, ""direction"": ""decreases_risk""}, {""feature"": ""absences"", ""label"": ""Absences"", ""value"": 0.0, ""contribution"": -0.0386, ""direction"": ""decreases_risk""}, {""feature"": ""participation_score"", ""label"": ""Participation"", ""value"": 66.9, ""contribution"": -0.027, ""direction"": ""decreases_risk""}]"
ST2164,20,62.8,73.7,56.8,51.6,53.6,5.1,4,13,4,1,1,0.8621,High,"[{""feature"": ""attendance"", ""label"": ""Attendance"", ""value"": 62.8, ""contribution"": 0.1446, ""direction"": ""increases_risk""}, {""feature"": ""engagement_score"", ""label"": ""Engagement"", ""value"": 51.6, ""contribution"": 0.1329, ""direction"": ""increases_risk""}, {""feature"": ""avg_grade"", ""label"": ""Average Grade"", ""value"": 73.7, ""contribution"": -0.1154, ""direction"": ""decreases_risk""}, {""feature"": ""assignment_completion"", ""label"": ""Assignment Completion"", ""value"": 56.8, ""contribution"": 0.0922, ""direction"": ""increases_risk""}, {""feature"": ""participation_score"", ""label"": ""Participation"", ""value"": 53.6, ""contribution"": 0.0441, ""direction"": ""increases_risk""}]"
ST2165,16,69.1,64.8,71.8,67.5,38.4,13.1,2,7,3,0,1,0.7306,High,"[{""feature"": ""attendance"", ""label"": ""Attendance"", ""value"": 69.1, ""contribution"": 0.139, ""direction"": ""increases_risk""}, {""feature"": ""participation_score"", ""label"": ""Participation"", ""value"": 38.4, ""contribution"": 0.0783, ""direction"": ""increases_risk""}, {""feature"": ""engagement_score"", ""label"": ""Engagement"", ""value"": 67.5, ""contribution"": -0.057, ""direction"": ""decreases_risk""}, {""feature"": ""avg_grade"", ""label"": ""Average Grade"", ""value"": 64.8, ""contribution"": 0.0478, ""direction"": ""increases_risk""}, {""feature"": ""absences"", ""label"": ""Absences"", ""value"": 7.0, ""contribution"": -0.0454, ""direction"": ""decreases_risk""}]"
ST2166,16,99.0,93.1,83.7,100.0,91.2,22.7,0,1,2,0,0,0.007,Low,"[{""feature"": ""attendance"", ""label"": ""Attendance"", ""value"": 99.0, ""contribution"": -0.1213, ""direction"": ""decreases_risk""}, {""feature"": ""avg_grade"", ""label"": ""Average Grade"", ""value"": 93.1, ""contribution"": -0.1119, ""direction"": ""decreases_risk""}, {""feature"": ""engagement_score"", ""label"": ""Engagement"", ""value"": 100.0, ""contribution"": -0.0935, ""direction"": ""decreases_risk""}, {""feature"": ""assignment_completion"", ""label"": ""Assignment Completion"", ""value"": 83.7, ""contribution"": -0.0668, ""direction"": ""decreases_risk""}, {""feature"": ""participation_score"", ""label"": ""Participation"", ""value"": 91.2, ""contribution"": -0.0374, ""direction"": ""decreases_risk""}]"
ST2167,19,64.7,70.6,66.5,54.1,31.4,6.4,2,13,5,1,1,0.8219,High,"[{""feature"": ""attendance"", ""label"": ""Attendance"", ""value"": 64.7, ""contribution"": 0.1375, ""direction"": ""increases_risk""}, {""feature"": ""engagement_score"", ""label"": ""Engagement"", ""value"": 54.1, ""contribution"": 0.1126, ""direction"": ""increases_risk""}, {""feature"": ""avg_grade"", ""label"": ""Average Grade"", ""value"": 70.6, ""contribution"": -0.1011, ""direction"": ""decreases_risk""}, {""feature"": ""participation_score"", ""label"": ""Participation"", ""value"": 31.4, ""contribution"": 0.0716, ""direction"": ""increases_risk""}, {""feature"": ""assignment_completion"", ""label"": ""Assignment Completion"", ""value"": 66.5, ""contribution"": 0.0586, ""direction"": ""increases_risk""}]"
ST2168,23,94.0,72.1,88.1,82.8,76.3,20.7,0,3,4,1,0,0.0732,Low,"[{""feature"": ""attendance"", ""label"": ""Attendance"", ""value"": 94.0, ""contribution"": -0.1059, ""direction"": ""decreases_risk""}, {""feature"": ""engagement_score"", ""label"": ""Engagement"", ""value"": 82.8, ""contribution"": -0.1053, ""direction"": ""decreases_risk""}, {""feature"": ""assignment_completion"", ""label"": ""Assignment Completion"", ""value"": 88.1, ""contribution"": -0.0648, ""direction"": ""decreases_risk""}, {""feature"": ""avg_grade"", ""label"": ""Average Grade"", ""value"": 72.1, ""contribution"": -0.0519, ""direction"": ""decreases_risk""}, {""feature"": ""participation_score"", ""label"": ""Participation"", ""value"": 76.3, ""contribution"": -0.0464, ""direction"": ""decreases_risk""}]"
ST2169,23,100.0,85.3,81.2,80.8,85.5,7.9,0,0,4,0,0,0.0217,Low,"[{""feature"": ""attendance"", ""label"": ""Attendance"", ""value"": 100.0, ""contribution"": -0.1174, ""direction"": ""decreases_risk""}, {""feature"": ""avg_grade"", ""label"": ""Average Grade"", ""value"": 85.3, ""contribution"": -0.1091, ""direction"": ""decreases_risk""}, {""feature"": ""engagement_score"", ""label"": ""Engagement"", ""value"": 80.8, ""contribution"": -0.0962, ""direction"": ""decreases_risk""}, {""feature"": ""assignment_completion"", ""label"": ""Assignment Completion"", ""value"": 81.2, ""contribution"": -0.0628, ""direction"": ""decreases_risk""}, {""feature"": ""participation_score"", ""label"": ""Participation"", ""value"": 85.5, ""contribution"": -0.0402, ""direction"": ""decreases_risk""}]"
ST2170,21,76.2,82.7,89.3,82.6,70.5,9.5,4,7,1,0,0,0.0655,Low,"[{""feature"": ""avg_grade"", ""label"": ""Average Grade"", ""value"": 82.7, ""contribution"": -0.1213, ""direction"": ""decreases_risk""}, {""feature"": ""engagement_score"", ""label"": ""Engagement"", ""value"": 82.6, ""contribution"": -0.1161, ""direction"": ""decreases_risk""}, {""feature"": ""attendance"", ""label"": ""Attendance"", ""value"": 76.2, ""contribution"": -0.1014, ""direction"": ""decreases_risk""}, {""feature"": ""assignment_completion"", ""label"": ""Assignment Completion"", ""value"": 89.3, ""contribution"": -0.0885, ""direction"": ""decreases_risk""}, {""feature"": ""previous_failures"", ""label"": ""Previous Failures"", ""value"": 4.0, ""contribution"": 0.0414, ""direction"": ""increases_risk""}]"
ST2171,21,93.4,81.2,95.5,50.9,60.6,13.0,1,4,3,0,0,0.1766,Low,"[{""feature"": ""attendance"", ""label"": ""Attendance"", ""value"": 93.4, ""contribution"": -0.1721, ""direction"": ""decreases_risk""}, {""feature"": ""engagement_score"", ""label"": ""Engagement"", ""value"": 50.9, ""contribution"": 0.1368, ""direction"": ""increases_risk""}, {""feature"": ""avg_grade"", ""label"": ""Average Grade"", ""value"": 81.2, ""contribution"": -0.1259, ""direction"": ""decreases_risk""}, {""feature"": ""assignment_completion"", ""label"": ""Assignment Completion"", ""value"": 95.5, ""contribution"": -0.0743, ""direction"": ""decreases_risk""}, {""feature"": ""absences"", ""label"": ""Absences"", ""value"": 4.0, ""contribution"": -0.0391, ""direction"": ""decreases_risk""}]"
ST2172,19,72.5,43.0,65.2,42.4,42.6,11.4,3,9,4,1,1,0.8826,High,"[{""feature"": ""avg_grade"", ""label"": ""Average Grade"", ""value"": 43.0, ""contribution"": 0.1699, ""direction"": ""increases_risk""}, {""feature"": ""engagement_score"", ""label"": ""Engagement"", ""value"": 42.4, ""contribution"": 0.1199, ""direction"": ""increases_risk""}, {""feature"": ""assignment_completion"", ""label"": ""Assignment Completion"", ""value"": 65.2, ""contribution"": 0.0861, ""direction"": ""increases_risk""}, {""feature"": ""participation_score"", ""label"": ""Participation"", ""value"": 42.6, ""contribution"": 0.0582, ""direction"": ""increases_risk""}, {""feature"": ""attendance"", ""label"": ""Attendance"", ""value"": 72.5, ""contribution"": -0.049, ""direction"": ""decreases_risk""}]"
ST2173,17,81.4,81.7,86.7,84.2,71.3,19.4,0,6,5,1,0,0.0292,Low,"[{""feature"": ""avg_grade"", ""label"": ""Average Grade"", ""value"": 81.7, ""contribution"": -0.1112, ""direction"": ""decreases_risk""}, {""feature"": ""engagement_score"", ""label"": ""Engagement"", ""value"": 84.2, ""contribution"": -0.0949, ""direction"": ""decreases_risk""}, {""feature"": ""attendance"", ""label"": ""Attendance"", ""value"": 81.4, ""contribution"": -0.0894, ""direction"": ""decreases_risk""}, {""feature"": ""assignment_completion"", ""label"": ""Assignment Completion"", ""value"": 86.7, ""contribution"": -0.0708, ""direction"": ""decreases_risk""}, {""feature"": ""absences"", ""label"": ""Absences"", ""value"": 6.0, ""contribution"": -0.0343, ""direction"": ""decreases_risk""}]"
ST2174,16,95.9,96.2,95.8,72.1,78.7,17.6,1,7,4,0,0,0.022,Low,"[{""feature"": ""avg_grade"", ""label"": ""Average Grade"", ""value"": 96.2, ""contribution"": -0.1163, ""direction"": ""decreases_risk""}, {""feature"": ""attendance"", ""label"": ""Attendance"", ""value"": 95.9, ""contribution"": -0.115, ""direction"": ""decreases_risk""}, {""feature"": ""assignment_completion"", ""label"": ""Assignment Completion"", ""value"": 95.8, ""contribution"": -0.0727, ""direction"": ""decreases_risk""}, {""feature"": ""engagement_score"", ""label"": ""Engagement"", ""value"": 72.1, ""contribution"": -0.0684, ""direction"": ""decreases_risk""}, {""feature"": ""participation_score"", ""label"": ""Participation"", ""value"": 78.7, ""contribution"": -0.0486, ""direction"": ""decreases_risk""}]"
ST2175,18,87.2,86.9,100.0,80.1,54.8,10.9,1,2,1,0,0,0.0441,Low,"[{""feature"": ""avg_grade"", ""label"": ""Average Grade"", ""value"": 86.9, ""contribution"": -0.1317, ""direction"": ""decreases_risk""}, {""feature"": ""attendance"", ""label"": ""Attendance"", ""value"": 87.2, ""contribution"": -0.1249, ""direction"": ""decreases_risk""}, {""feature"": ""engagement_score"", ""label"": ""Engagement"", ""value"": 80.1, ""contribution"": -0.1068, ""direction"": ""decreases_risk""}, {""feature"": ""assignment_completion"", ""label"": ""Assignment Completion"", ""value"": 100.0, ""contribution"": -0.0858, ""direction"": ""decreases_risk""}, {""feature"": ""absences"", ""label"": ""Absences"", ""value"": 2.0, ""contribution"": -0.0426, ""direction"": ""decreases_risk""}]"
ST2176,18,65.5,72.5,77.7,78.4,75.8,17.1,1,15,4,0,0,0.204,Low,"[{""feature"": ""engagement_score"", ""label"": ""Engagement"", ""value"": 78.4, ""contribution"": -0.1707, ""direction"": ""decreases_risk""}, {""feature"": ""avg_grade"", ""label"": ""Average Grade"", ""value"": 72.5, ""contribution"": -0.1157, ""direction"": ""decreases_risk""}, {""feature"": ""attendance"", ""label"": ""Attendance"", ""value"": 65.5, ""contribution"": 0.1017, ""direction"": ""increases_risk""}, {""feature"": ""participation_score"", ""label"": ""Participation"", ""value"": 75.8, ""contribution"": -0.0612, ""direction"": ""decreases_risk""}, {""feature"": ""assignment_completion"", ""label"": ""Assignment Completion"", ""value"": 77.7, ""contribution"": -0.0517, ""direction"": ""decreases_risk""}]"
ST2177,17,39.1,43.1,55.7,41.8,56.0,8.6,3,18,1,0,1,0.9929,High,"[{""feature"": ""attendance"", ""label"": ""Attendance"", ""value"": 39.1, ""contribution"": 0.1164, ""direction"": ""increases_risk""}, {""feature"": ""avg_grade"", ""label"": ""Average Grade"", ""value"": 43.1, ""contribution"": 0.1122, ""direction"": ""increases_risk""}, {""feature"": ""engagement_score"", ""label"": ""Engagement"", ""value"": 41.8, ""contribution"": 0.0976, ""direction"": ""increases_risk""}, {""feature"": ""assignment_completion"", ""label"": ""Assignment Completion"", ""value"": 55.7, ""contribution"": 0.0727, ""direction"": ""increases_risk""}, {""feature"": ""absences"", ""label"": ""Absences"", ""value"": 18.0, ""contribution"": 0.0348, ""direction"": ""increases_risk""}]"
ST2178,18,57.5,54.4,75.2,58.2,56.1,4.2,3,17,2,1,1,0.8965,High,"[{""feature"": ""attendance"", ""label"": ""Attendance"", ""value"": 57.5, ""contribution"": 0.1354, ""direction"": ""increases_risk""}, {""feature"": ""avg_grade"", ""label"": ""Average Grade"", ""value"": 54.4, ""contribution"": 0.09, ""direction"": ""increases_risk""}, {""feature"": ""engagement_score"", ""label"": ""Engagement"", ""value"": 58.2, ""contribution"": 0.0592, ""direction"": ""increases_risk""}, {""feature"": ""absences"", ""label"": ""Absences"", ""value"": 17.0, ""contribution"": 0.0522, ""direction"": ""increases_risk""}, {""feature"": ""previous_failures"", ""label"": ""Previous Failures"", ""value"": 3.0, ""contribution"": 0.033, ""direction"": ""increases_risk""}]"
ST2179,16,52.0,43.6,29.8,44.4,49.8,0.0,5,19,5,0,1,0.9974,High,"[{""feature"": ""avg_grade"", ""label"": ""Average Grade"", ""value"": 43.6, ""contribution"": 0.116, ""direction"": ""increases_risk""}, {""feature"": ""attendance"", ""label"": ""Attendance"", ""value"": 52.0, ""contribution"": 0.1118, ""direction"": ""increases_risk""}, {""feature"": ""engagement_score"", ""label"": ""Engagement"", ""value"": 44.4, ""contribution"": 0.0978, ""direction"": ""increases_risk""}, {""feature"": ""assignment_completion"", ""label"": ""Assignment Completion"", ""value"": 29.8, ""contribution"": 0.074, ""direction"": ""increases_risk""}, {""feature"": ""participation_score"", ""label"": ""Participation"", ""value"": 49.8, ""contribution"": 0.0419, ""direction"": ""increases_risk""}]"
ST2180,20,38.2,40.5,37.5,25.9,38.7,4.9,4,20,5,1,1,0.9995,High,"[{""feature"": ""avg_grade"", ""label"": ""Average Grade"", ""value"": 40.5, ""contribution"": 0.1161, ""direction"": ""increases_risk""}, {""feature"": ""attendance"", ""label"": ""Attendance"", ""value"": 38.2, ""contribution"": 0.1113, ""direction"": ""increases_risk""}, {""feature"": ""engagement_score"", ""label"": ""Engagement"", ""value"": 25.9, ""contribution"": 0.0973, ""direction"": ""increases_risk""}, {""feature"": ""assignment_completion"", ""label"": ""Assignment Completion"", ""value"": 37.5, ""contribution"": 0.0767, ""direction"": ""increases_risk""}, {""feature"": ""participation_score"", ""label"": ""Participation"", ""value"": 38.7, ""contribution"": 0.0461, ""direction"": ""increases_risk""}]"
ST2181,23,98.2,99.9,95.2,85.8,76.5,16.1,0,0,5,0,0,0.0002,Low,"[{""feature"": ""attendance"", ""label"": ""Attendance"", ""value"": 98.2, ""contribution"": -0.1147, ""direction"": ""decreases_risk""}, {""feature"": ""avg_grade"", ""label"": ""Average Grade"", ""value"": 99.9, ""contribution"": -0.1092, ""direction"": ""decreases_risk""}, {""feature"": ""engagement_score"", ""label"": ""Engagement"", ""value"": 85.8, ""contribution"": -0.0937, ""direction"": ""decreases_risk""}, {""feature"": ""assignment_completion"", ""label"": ""Assignment Completion"", ""value"": 95.2, ""contribution"": -0.0716, ""direction"": ""decreases_risk""}, {""feature"": ""participation_score"", ""label"": ""Participation"", ""value"": 76.5, ""contribution"": -0.0409, ""direction"": ""decreases_risk""}]"
ST2182,21,94.3,77.0,80.9,67.6,45.7,7.8,2,0,2,0,0,0.1711,Low,"[{""feature"": ""attendance"", ""label"": ""Attendance"", ""value"": 94.3, ""contribution"": -0.158, ""direction"": ""decreases_risk""}, {""feature"": ""avg_grade"", ""label"": ""Average Grade"", ""value"": 77.0, ""contribution"": -0.1008, ""direction"": ""decreases_risk""}, {""feature"": ""assignment_completion"", ""label"": ""Assignment Completion"", ""value"": 80.9, ""contribution"": -0.0654, ""direction"": ""decreases_risk""}, {""feature"": ""participation_score"", ""label"": ""Participation"", ""value"": 45.7, ""contribution"": 0.0588, ""direction"": ""increases_risk""}, {""feature"": ""absences"", ""label"": ""Absences"", ""value"": 0.0, ""contribution"": -0.0463, ""direction"": ""decreases_risk""}]"
ST2183,19,87.7,81.6,94.6,90.9,85.9,16.7,0,2,4,1,0,0.016,Low,"[{""feature"": ""avg_grade"", ""label"": ""Average Grade"", ""value"": 81.6, ""contribution"": -0.105, ""direction"": ""decreases_risk""}, {""feature"": ""attendance"", ""label"": ""Attendance"", ""value"": 87.7, ""contribution"": -0.0973, ""direction"": ""decreases_risk""}, {""feature"": ""engagement_score"", ""label"": ""Engagement"", ""value"": 90.9, ""contribution"": -0.0968, ""direction"": ""decreases_risk""}, {""feature"": ""assignment_completion"", ""label"": ""Assignment Completion"", ""value"": 94.6, ""contribution"": -0.0715, ""direction"": ""decreases_risk""}, {""feature"": ""participation_score"", ""label"": ""Participation"", ""value"": 85.9, ""contribution"": -0.043, ""direction"": ""decreases_risk""}]"
ST2184,19,91.8,75.9,95.8,66.2,68.4,16.6,0,4,4,1,1,0.3595,Medium,"[{""feature"": ""attendance"", ""label"": ""Attendance"", ""value"": 91.8, ""contribution"": -0.089, ""direction"": ""decreases_risk""}, {""feature"": ""engagement_score"", ""label"": ""Engagement"", ""value"": 66.2, ""contribution"": 0.0519, ""direction"": ""increases_risk""}, {""feature"": ""assignment_completion"", ""label"": ""Assignment Completion"", ""value"": 95.8, ""contribution"": -0.0305, ""direction"": ""decreases_risk""}, {""feature"": ""previous_failures"", ""label"": ""Previous Failures"", ""value"": 0.0, ""contribution"": -0.0277, ""direction"": ""decreases_risk""}, {""feature"": ""absences"", ""label"": ""Absences"", ""value"": 4.0, ""contribution"": -0.0188, ""direction"": ""decreases_risk""}]"
ST2185,18,92.1,88.5,100.0,87.0,70.5,14.6,0,0,2,0,0,0.009,Low,"[{""feature"": ""attendance"", ""label"": ""Attendance"", ""value"": 92.1, ""contribution"": -0.1196, ""direction"": ""decreases_risk""}, {""feature"": ""avg_grade"", ""label"": ""Average Grade"", ""value"": 88.5, ""contribution"": -0.1102, ""direction"": ""decreases_risk""}, {""feature"": ""engagement_score"", ""label"": ""Engagement"", ""value"": 87.0, ""contribution"": -0.0952, ""direction"": ""decreases_risk""}, {""feature"": ""assignment_completion"", ""label"": ""Assignment Completion"", ""value"": 100.0, ""contribution"": -0.0752, ""direction"": ""decreases_risk""}, {""feature"": ""participation_score"", ""label"": ""Participation"", ""value"": 70.5, ""contribution"": -0.0286, ""direction"": ""decreases_risk""}]"
ST2186,17,90.4,80.0,95.1,84.3,88.1,12.1,0,4,5,1,0,0.0021,Low,"[{""feature"": ""attendance"", ""label"": ""Attendance"", ""value"": 90.4, ""contribution"": -0.1113, ""direction"": ""decreases_risk""}, {""feature"": ""avg_grade"", ""label"": ""Average Grade"", ""value"": 80.0, ""contribution"": -0.1017, ""direction"": ""decreases_risk""}, {""feature"": ""engagement_score"", ""label"": ""Engagement"", ""value"": 84.3, ""contribution"": -0.1012, ""direction"": ""decreases_risk""}, {""feature"": ""assignment_completion"", ""label"": ""Assignment Completion"", ""value"": 95.1, ""contribution"": -0.0697, ""direction"": ""decreases_risk""}, {""feature"": ""participation_score"", ""label"": ""Participation"", ""value"": 88.1, ""contribution"": -0.0447, ""direction"": ""decreases_risk""}]"
ST2187,20,97.2,89.9,100.0,100.0,98.3,22.4,0,0,5,1,0,0.0007,Low,"[{""feature"": ""avg_grade"", ""label"": ""Average Grade"", ""value"": 89.9, ""contribution"": -0.1115, ""direction"": ""decreases_risk""}, {""feature"": ""attendance"", ""label"": ""Attendance"", ""value"": 97.2, ""contribution"": -0.1081, ""direction"": ""decreases_risk""}, {""feature"": ""engagement_score"", ""label"": ""Engagement"", ""value"": 100.0, ""contribution"": -0.0946, ""direction"": ""decreases_risk""}, {""feature"": ""assignment_completion"", ""label"": ""Assignment Completion"", ""value"": 100.0, ""contribution"": -0.0731, ""direction"": ""decreases_risk""}, {""feature"": ""participation_score"", ""label"": ""Participation"", ""value"": 98.3, ""contribution"": -0.0397, ""direction"": ""decreases_risk""}]"
ST2188,20,66.2,75.0,99.8,78.7,69.6,15.7,0,11,1,0,0,0.1464,Low,"[{""feature"": ""engagement_score"", ""label"": ""Engagement"", ""value"": 78.7, ""contribution"": -0.1577, ""direction"": ""decreases_risk""}, {""feature"": ""avg_grade"", ""label"": ""Average Grade"", ""value"": 75.0, ""contribution"": -0.1036, ""direction"": ""decreases_risk""}, {""feature"": ""assignment_completion"", ""label"": ""Assignment Completion"", ""value"": 99.8, ""contribution"": -0.0895, ""direction"": ""decreases_risk""}, {""feature"": ""attendance"", ""label"": ""Attendance"", ""value"": 66.2, ""contribution"": 0.0825, ""direction"": ""increases_risk""}, {""feature"": ""participation_score"", ""label"": ""Participation"", ""value"": 69.6, ""contribution"": -0.0555, ""direction"": ""decreases_risk""}]"
ST2189,16,100.0,85.7,97.2,100.0,91.1,16.5,0,0,4,1,0,0.0054,Low,"[{""feature"": ""attendance"", ""label"": ""Attendance"", ""value"": 100.0, ""contribution"": -0.1072, ""direction"": ""decreases_risk""}, {""feature"": ""avg_grade"", ""label"": ""Average Grade"", ""value"": 85.7, ""contribution"": -0.1042, ""direction"": ""decreases_risk""}, {""feature"": ""engagement_score"", ""label"": ""Engagement"", ""value"": 100.0, ""contribution"": -0.0949, ""direction"": ""decreases_risk""}, {""feature"": ""assignment_completion"", ""label"": ""Assignment Completion"", ""value"": 97.2, ""contribution"": -0.0703, ""direction"": ""decreases_risk""}, {""feature"": ""participation_score"", ""label"": ""Participation"", ""value"": 91.1, ""contribution"": -0.0398, ""direction"": ""decreases_risk""}]"
ST2190,19,56.7,47.1,81.3,43.1,40.3,7.3,2,15,3,1,1,0.9164,High,"[{""feature"": ""avg_grade"", ""label"": ""Average Grade"", ""value"": 47.1, ""contribution"": 0.1291, ""direction"": ""increases_risk""}, {""feature"": ""attendance"", ""label"": ""Attendance"", ""value"": 56.7, ""contribution"": 0.1281, ""direction"": ""increases_risk""}, {""feature"": ""engagement_score"", ""label"": ""Engagement"", ""value"": 43.1, ""contribution"": 0.1117, ""direction"": ""increases_risk""}, {""feature"": ""assignment_completion"", ""label"": ""Assignment Completion"", ""value"": 81.3, ""contribution"": -0.0785, ""direction"": ""decreases_risk""}, {""feature"": ""participation_score"", ""label"": ""Participation"", ""value"": 40.3, ""contribution"": 0.059, ""direction"": ""increases_risk""}]"
ST2191,18,100.0,89.2,98.2,83.6,83.5,17.2,0,0,4,1,0,0.0003,Low,"[{""feature"": ""attendance"", ""label"": ""Attendance"", ""value"": 100.0, ""contribution"": -0.1084, ""direction"": ""decreases_risk""}, {""feature"": ""avg_grade"", ""label"": ""Average Grade"", ""value"": 89.2, ""contribution"": -0.1077, ""direction"": ""decreases_risk""}, {""feature"": ""engagement_score"", ""label"": ""Engagement"", ""value"": 83.6, ""contribution"": -0.0964, ""direction"": ""decreases_risk""}, {""feature"": ""assignment_completion"", ""label"": ""Assignment Completion"", ""value"": 98.2, ""contribution"": -0.0731, ""direction"": ""decreases_risk""}, {""feature"": ""participation_score"", ""label"": ""Participation"", ""value"": 83.5, ""contribution"": -0.0412, ""direction"": ""decreases_risk""}]"
ST2192,17,30.0,23.9,46.1,5.0,28.0,0.0,5,21,3,0,1,0.9994,High,"[{""feature"": ""attendance"", ""label"": ""Attendance"", ""value"": 30.0, ""contribution"": 0.1135, ""direction"": ""increases_risk""}, {""feature"": ""avg_grade"", ""label"": ""Average Grade"", ""value"": 23.9, ""contribution"": 0.1126, ""direction"": ""increases_risk""}, {""feature"": ""engagement_score"", ""label"": ""Engagement"", ""value"": 5.0, ""contribution"": 0.0935, ""direction"": ""increases_risk""}, {""feature"": ""assignment_completion"", ""label"": ""Assignment Completion"", ""value"": 46.1, ""contribution"": 0.0733, ""direction"": ""increases_risk""}, {""feature"": ""participation_score"", ""label"": ""Participation"", ""value"": 28.0, ""contribution"": 0.0422, ""direction"": ""increases_risk""}]"
ST2193,21,95.4,90.3,97.7,72.5,87.8,15.0,0,0,2,0,0,0.0138,Low,"[{""feature"": ""attendance"", ""label"": ""Attendance"", ""value"": 95.4, ""contribution"": -0.1213, ""direction"": ""decreases_risk""}, {""feature"": ""avg_grade"", ""label"": ""Average Grade"", ""value"": 90.3, ""contribution"": -0.1134, ""direction"": ""decreases_risk""}, {""feature"": ""assignment_completion"", ""label"": ""Assignment Completion"", ""value"": 97.7, ""contribution"": -0.0746, ""direction"": ""decreases_risk""}, {""feature"": ""engagement_score"", ""label"": ""Engagement"", ""value"": 72.5, ""contribution"": -0.0658, ""direction"": ""decreases_risk""}, {""feature"": ""participation_score"", ""label"": ""Participation"", ""value"": 87.8, ""contribution"": -0.0413, ""direction"": ""decreases_risk""}]"
ST2194,20,76.2,75.4,81.6,81.6,61.0,7.7,1,6,1,1,0,0.082,Low,"[{""feature"": ""engagement_score"", ""label"": ""Engagement"", ""value"": 81.6, ""contribution"": -0.1209, ""direction"": ""decreases_risk""}, {""feature"": ""attendance"", ""label"": ""Attendance"", ""value"": 76.2, ""contribution"": -0.0916, ""direction"": ""decreases_risk""}, {""feature"": ""avg_grade"", ""label"": ""Average Grade"", ""value"": 75.4, ""contribution"": -0.0809, ""direction"": ""decreases_risk""}, {""feature"": ""assignment_completion"", ""label"": ""Assignment Completion"", ""value"": 81.6, ""contribution"": -0.0729, ""direction"": ""decreases_risk""}, {""feature"": ""absences"", ""label"": ""Absences"", ""value"": 6.0, ""contribution"": -0.0437, ""direction"": ""decreases_risk""}]"
ST2195,21,100.0,96.6,100.0,100.0,83.5,17.6,0,0,3,1,0,0.0039,Low,"[{""feature"": ""attendance"", ""label"": ""Attendance"", ""value"": 100.0, ""contribution"": -0.1105, ""direction"": ""decreases_risk""}, {""feature"": ""avg_grade"", ""label"": ""Average Grade"", ""value"": 96.6, ""contribution"": -0.1066, ""direction"": ""decreases_risk""}, {""feature"": ""engagement_score"", ""label"": ""Engagement"", ""value"": 100.0, ""contribution"": -0.092, ""direction"": ""decreases_risk""}, {""feature"": ""assignment_completion"", ""label"": ""Assignment Completion"", ""value"": 100.0, ""contribution"": -0.0725, ""direction"": ""decreases_risk""}, {""feature"": ""participation_score"", ""label"": ""Participation"", ""value"": 83.5, ""contribution"": -0.041, ""direction"": ""decreases_risk""}]"
ST2196,21,42.0,33.3,41.0,25.6,55.8,0.8,3,24,5,1,1,0.9954,High,"[{""feature"": ""avg_grade"", ""label"": ""Average Grade"", ""value"": 33.3, ""contribution"": 0.1192, ""direction"": ""increases_risk""}, {""feature"": ""attendance"", ""label"": ""Attendance"", ""value"": 42.0, ""contribution"": 0.1136, ""direction"": ""increases_risk""}, {""feature"": ""engagement_score"", ""label"": ""Engagement"", ""value"": 25.6, ""contribution"": 0.1035, ""direction"": ""increases_risk""}, {""feature"": ""assignment_completion"", ""label"": ""Assignment Completion"", ""value"": 41.0, ""contribution"": 0.0757, ""direction"": ""increases_risk""}, {""feature"": ""absences"", ""label"": ""Absences"", ""value"": 24.0, ""contribution"": 0.0355, ""direction"": ""increases_risk""}]"
ST2197,23,58.9,42.7,60.1,43.5,51.3,3.6,4,13,5,0,1,0.9916,High,"[{""feature"": ""avg_grade"", ""label"": ""Average Grade"", ""value"": 42.7, ""contribution"": 0.1185, ""direction"": ""increases_risk""}, {""feature"": ""attendance"", ""label"": ""Attendance"", ""value"": 58.9, ""contribution"": 0.1071, ""direction"": ""increases_risk""}, {""feature"": ""engagement_score"", ""label"": ""Engagement"", ""value"": 43.5, ""contribution"": 0.1034, ""direction"": ""increases_risk""}, {""feature"": ""assignment_completion"", ""label"": ""Assignment Completion"", ""value"": 60.1, ""contribution"": 0.0704, ""direction"": ""increases_risk""}, {""feature"": ""participation_score"", ""label"": ""Participation"", ""value"": 51.3, ""contribution"": 0.043, ""direction"": ""increases_risk""}]"
ST2198,22,75.5,62.8,84.0,63.3,51.6,15.6,0,2,2,1,0,0.1842,Low,"[{""feature"": ""attendance"", ""label"": ""Attendance"", ""value"": 75.5, ""contribution"": -0.1518, ""direction"": ""decreases_risk""}, {""feature"": ""assignment_completion"", ""label"": ""Assignment Completion"", ""value"": 84.0, ""contribution"": -0.0828, ""direction"": ""decreases_risk""}, {""feature"": ""absences"", ""label"": ""Absences"", ""value"": 2.0, ""contribution"": -0.0716, ""direction"": ""decreases_risk""}, {""feature"": ""participation_score"", ""label"": ""Participation"", ""value"": 51.6, ""contribution"": 0.0555, ""direction"": ""increases_risk""}, {""feature"": ""previous_failures"", ""label"": ""Previous Failures"", ""value"": 0.0, ""contribution"": -0.0508, ""direction"": ""decreases_risk""}]"
ST2199,20,95.2,99.4,100.0,100.0,100.0,18.2,0,0,5,0,0,0.003,Low,"[{""feature"": ""attendance"", ""label"": ""Attendance"", ""value"": 95.2, ""contribution"": -0.1133, ""direction"": ""decreases_risk""}, {""feature"": ""avg_grade"", ""label"": ""Average Grade"", ""value"": 99.4, ""contribution"": -0.1119, ""direction"": ""decreases_risk""}, {""feature"": ""engagement_score"", ""label"": ""Engagement"", ""value"": 100.0, ""contribution"": -0.0925, ""direction"": ""decreases_risk""}, {""feature"": ""assignment_completion"", ""label"": ""Assignment Completion"", ""value"": 100.0, ""contribution"": -0.0719, ""direction"": ""decreases_risk""}, {""feature"": ""participation_score"", ""label"": ""Participation"", ""value"": 100.0, ""contribution"": -0.0326, ""direction"": ""decreases_risk""}]"
